game_id	identifier	name	description
1	master-ball	TWFzdGVyIEJhbGw=	TGEgUG9rw6kgQmFsbCBkZWZpbml0aXZhLiBBdHJhcGEgY3VhbHF1aWVyIFBva8OpbW9uCnNhbHZhamUgeSBubyBmYWxsYSBudW5jYS4=
2	ultra-ball	VWx0cmEgQmFsbA==	UG9rw6kgQmFsbCBkZSByZW5kaW1pZW50byBzdXBlcmlvci4gVGllbmUgdW4gw61uZGljZQpkZSDDqXhpdG8gbWF5b3IgYWwgZGUgbGEgU3VwZXIgQmFsbC4=
3	great-ball	U3VwZXIgQmFsbA==	UG9rw6kgQmFsbCBkZSBhbHRvIHJlbmRpbWllbnRvLiBUaWVuZSB1biDDrW5kaWNlIGRlCsOpeGl0byBzdXBlcmlvciBhbCBkZSBsYSBQb2vDqSBCYWxsLg==
4	poke-ball	UG9rw6kgQmFsbA==	RGlzcG9zaXRpdm8gY29uIGRpc2XDsW8gY2Fwc3VsYXIgcXVlIGF0cmFwYQpQb2vDqW1vbiBzYWx2YWplcy4gU2UgbGFuemEgY29tbyB1bmEgYm9sYQpjb250cmEgZWwgYmxhbmNvLg==
5	safari-ball	U2FmYXJpIEJhbGw=	UG9rw6kgQmFsbCBjb24gdW4gZGlzZcOxbyBkZSBjYW11ZmxhamUgcXVlIHNlIHV0aWxpemEKw7puaWNhbWVudGUgZW4gbGEgWm9uYSBTYWZhcmku
6	net-ball	TWFsbGEgQmFsbA==	RXMgYWxnbyBkaXN0aW50YSBhIGxhcyBkZW3DoXMuIEZ1bmNpb25hCmVzcGVjaWFsbWVudGUgYmllbiBjb24gbG9zIFBva8OpbW9uIGRlIHRpcG8KQWd1YSB5IEJpY2hvLg==
7	dive-ball	QnVjZW8gQmFsbA==	RXMgYWxnbyBkaXN0aW50YSBhIGxhcyBkZW3DoXMuIEZ1bmNpb25hCmVzcGVjaWFsbWVudGUgYmllbiBjb24gbG9zIFBva8OpbW9uIHF1ZSB2aXZlbgpiYWpvIGVsIGFndWEu
8	nest-ball	TmlkbyBCYWxs	RXMgYWxnbyBkaXN0aW50YSBhIGxhcyBkZW3DoXMuIEZ1bmNpb25hCmVzcGVjaWFsbWVudGUgYmllbiBjb24gbG9zIFBva8OpbW9uIHNhbHZhamVzCmRlIG5pdmVsIGJham8u
9	repeat-ball	QWNvcGlvIEJhbGw=	RXMgYWxnbyBkaXN0aW50YSBhIGxhcyBkZW3DoXMuIEZ1bmNpb25hCmVzcGVjaWFsbWVudGUgYmllbiBjb24gbGFzIGVzcGVjaWVzIGRlIFBva8OpbW9uCnF1ZSB5YSBoYXMgY2FwdHVyYWRvLg==
10	timer-ball	VHVybm8gQmFsbA==	VW5hIFBva8OpIEJhbGwgYWxnbyBkaXN0aW50YSBxdWUgdmEgbWVqb3JhbmRvIHN1CnJlbmRpbWllbnRvIGNvbiBjYWRhIHR1cm5vIGRlIGNvbWJhdGUu
11	luxury-ball	THVqbyBCYWxs	QWNvZ2Vkb3JhIFBva8OpIEJhbGwgcXVlIGhhY2UgbcOhcyBhbWlzdG9zb3MgYSBsb3MKUG9rw6ltb24gc2FsdmFqZXMgY2FwdHVyYWRvcy4=
12	premier-ball	SG9ub3IgQmFsbA==	RXMgdW5hIFBva8OpIEJhbGwgYWxnbyBzaW5ndWxhciBxdWUgc2UgY3Jlw7MgcGFyYQpjb25tZW1vcmFyIGFsZ8O6biBhY29udGVjaW1pZW50by4=
13	dusk-ball	T2Nhc28gQmFsbA==	RXMgYWxnbyBwYXJ0aWN1bGFyLiBIYWNlIHF1ZSBzZWEgbcOhcyBmw6FjaWwgY2FwdHVyYXIKYSBsb3MgUG9rw6ltb24gc2FsdmFqZXMgcG9yIGxhIG5vY2hlIG8gZW4gbHVnYXJlcwpvc2N1cm9zLg==
14	heal-ball	U2FuYSBCYWxs	UG9rw6kgQmFsbCBjdXJhdGl2YSBxdWUgcmVzdGF1cmEgbG9zIFBTIHkgY3VyYSB0b2Rvcwpsb3MgcHJvYmxlbWFzIGRlIGVzdGFkbyBkZSB1biBQb2vDqW1vbiBkZXNwdcOpcwpkZSBjYXB0dXJhcmxvLg==
15	quick-ball	VmVsb3ogQmFsbA==	VW5hIFBva8OpIEJhbGwgYWxnbyBkaXN0aW50YSBxdWUgcG90ZW5jaWEgZWwgw61uZGljZQpkZSBjYXB0dXJhIHNpIHNlIHVzYSBhbCBpbmljaW8gZGUgdW4gZW5jdWVudHJvIGNvbgpQb2vDqW1vbiBzYWx2YWplcy4=
16	cherish-ball	R2xvcmlhIEJhbGw=	RXMgdW5hIFBva8OpIEJhbGwgYmFzdGFudGUgc2luZ3VsYXIgcXVlIHNlIGNyZcOzCnBhcmEgY29ubWVtb3JhciBhbGd1bmEgb2Nhc2nDs24gZXNwZWNpYWwu
17	potion	UG9jacOzbg==	TWVkaWNpbmEgZW4gZXNwcmF5IHF1ZSBjdXJhIGhlcmlkYXMgeSByZXN0YXVyYQoyMCBQUyBhIHVuIFBva8OpbW9uLg==
18	antidote	QW50w61kb3Rv	TWVkaWNpbmEgZW4gZXNwcmF5IHF1ZSBjb250cmFycmVzdGEgbG9zIGVmZWN0b3MKZGVsIHZlbmVubyBlbiB1biBQb2vDqW1vbi4=
19	burn-heal	QW50aXF1ZW1hcg==	TWVkaWNpbmEgZW4gZXNwcmF5IHF1ZSBjdXJhIGxhcyBxdWVtYWR1cmFzIGEKdW4gUG9rw6ltb24u
20	ice-heal	QW50aWhpZWxv	TWVkaWNpbmEgZW4gZXNwcmF5IHF1ZSBkZXNjb25nZWxhIGEgdW4gUG9rw6ltb24u
21	awakening	RGVzcGVydGFy	TWVkaWNpbmEgZW4gZXNwcmF5IHF1ZSBsaWJlcmEgYSB1biBQb2vDqW1vbiBkZQpsYXMgZ2FycmFzIGRlbCBzdWXDsW8u
22	paralyze-heal	QW50aXBhcmFsaXphZG9y	TWVkaWNpbmEgZW4gZXNwcmF5IHF1ZSBjdXJhIGEgdW4gUG9rw6ltb24KcGFyYWxpemFkby4=
23	full-restore	UmVzdGF1cmFyIFRvZG8=	TWVkaWNpbmEgcXVlIHJlc3RhdXJhIHRvZG9zIGxvcyBQUyB5IGN1cmEgdG9kb3MKbG9zIHByb2JsZW1hcyBkZSBlc3RhZG8gZGUgdW4gUG9rw6ltb24u
24	max-potion	UG9jacOzbiBNw6F4aW1h	TWVkaWNpbmEgZW4gZXNwcmF5IHF1ZSBjdXJhIGhlcmlkYXMgeSByZXN0YXVyYQp0b2RvcyBsb3MgUFMgZGUgdW4gUG9rw6ltb24u
25	hyper-potion	SGlwZXJwb2Npw7Nu	TWVkaWNpbmEgZW4gZXNwcmF5IHF1ZSBjdXJhIGhlcmlkYXMgeSByZXN0YXVyYQoxMjAgUFMgZGUgdW4gUG9rw6ltb24u
26	super-potion	U3VwZXJwb2Npw7Nu	TWVkaWNpbmEgZW4gZXNwcmF5IHF1ZSBjdXJhIGhlcmlkYXMgeSByZXN0YXVyYQo2MCBQUyBkZSB1biBQb2vDqW1vbi4=
27	full-heal	Q3VyYSBUb3RhbA==	TWVkaWNpbmEgZW4gZXNwcmF5IHF1ZSBjdXJhIHRvZG9zIGxvcyBwcm9ibGVtYXMKZGUgZXN0YWRvIGRlIHVuIFBva8OpbW9uLg==
28	revive	UmV2aXZpcg==	TWVkaWNpbmEgcXVlIHJldml2ZSBhIHVuIFBva8OpbW9uIGRlYmlsaXRhZG8geSBsZQpkZXZ1ZWx2ZSBsYSBtaXRhZCBkZSBzdXMgUFMu
29	max-revive	UmV2aXZpciBNw6F4aW1v	TWVkaWNpbmEgcXVlIHJldml2ZSBhIHVuIFBva8OpbW9uIGRlYmlsaXRhZG8geSBsZQpkZXZ1ZWx2ZSB0b2RvcyBzdXMgUFMu
30	fresh-water	QWd1YSBGcmVzY2E=	QWd1YSBkZSBhbHRvIGNvbnRlbmlkbyBtaW5lcmFsIHF1ZSByZXN0YXVyYSAzMCBQUwpkZSB1biBQb2vDqW1vbi4=
31	soda-pop	UmVmcmVzY28=	Q2hpc3BlYW50ZSBiZWJpZGEgZ2FzZW9zYSBxdWUgcmVzdGF1cmEgNTAgUFMgZGUKdW4gUG9rw6ltb24u
32	lemonade	TGltb25hZGE=	QmViaWRhIG11eSBkdWxjZSBxdWUgcmVzdGF1cmEgNzAgUFMgZGUgdW4KUG9rw6ltb24u
33	moomoo-milk	TGVjaGUgTXUtbXU=	TGVjaGUgZGUgYWx0byB2YWxvciBudXRyaXRpdm8gcXVlIHJlc3RhdXJhIDEwMCBQUwpkZSB1biBQb2vDqW1vbi4=
34	energy-powder	UG9sdm8gRW5lcmfDrWE=	UG9sdm8gbWVkaWNpbmFsIG11eSBhbWFyZ28gcXVlIHJlc3RhdXJhIDYwIFBTIGRlCnVuIFBva8OpbW9uLg==
35	energy-root	UmHDrXogRW5lcmfDrWE=	UmHDrXogbXV5IGFtYXJnYSBxdWUgcmVzdGF1cmEgMTIwIFBTIGRlIHVuClBva8OpbW9uLg==
36	heal-powder	UG9sdm8gQ3VyYWNpw7Nu	UG9sdm9zIG1lZGljaW5hbGVzIG11eSBhbWFyZ29zIHF1ZSBjdXJhbiB0b2Rvcwpsb3MgcHJvYmxlbWFzIGRlIGVzdGFkbyBkZSB1biBQb2vDqW1vbi4=
37	revival-herb	SGllcmJhIFJldml2aXI=	SGllcmJhIG11eSBhbWFyZ2EgcXVlIHJlYW5pbWEgYSB1biBQb2vDqW1vbgpkZWJpbGl0YWRvIHkgcmVzdGF1cmEgdG9kb3Mgc3VzIFBTLg==
38	ether	w4l0ZXI=	UmVzdGF1cmEgMTAgUFAgZGVsIG1vdmltaWVudG8gZWxlZ2lkbyBkZSB1bgpQb2vDqW1vbi4=
39	max-ether	w4l0ZXIgTcOheGltbw==	UmVzdGF1cmEgY29tcGxldGFtZW50ZSBsb3MgUFAgZGVsIG1vdmltaWVudG8KZWxlZ2lkbyBkZSB1biBQb2vDqW1vbi4=
40	elixir	RWxpeGly	UmVzdGF1cmEgMTAgUFAgZGUgdG9kb3MgbG9zIG1vdmltaWVudG9zCmFwcmVuZGlkb3MgcG9yIGVsIFBva8OpbW9uIGVsZWdpZG8u
41	max-elixir	RWxpeGlyIE3DoXhpbW8=	UmVzdGF1cmEgY29tcGxldGFtZW50ZSBsb3MgUFAgZGUgdG9kb3MgbG9zCm1vdmltaWVudG9zIGFwcmVuZGlkb3MgcG9yIGVsIFBva8OpbW9uIGVsZWdpZG8u
42	lava-cookie	R2FsbGV0YSBMYXZh	RHVsY2UgdMOtcGljbyBkZSBQdWVibG8gTGF2YWNhbGRhIHF1ZSBjdXJhIHRvZG9zCmxvcyBwcm9ibGVtYXMgZGUgZXN0YWRvIGRlIHVuIFBva8OpbW9uLg==
43	berry-juice	WnVtbyBkZSBCYXlh	WnVtbyBkZSBiYXlhcyAxMDAlIG5hdHVyYWwgcXVlIHJlc3RhdXJhIDIwIFBTCmRlIHVuIFBva8OpbW9uLg==
44	sacred-ash	Q2VuaXphIFNhZ3JhZGE=	UmVhbmltYSBjb21wbGV0YW1lbnRlIGEgdG9kb3MgbG9zIFBva8OpbW9uCmRlYmlsaXRhZG9zIHkgcmVzdGF1cmEgdG9kb3Mgc3VzIFBTLg==
45	hp-up	TcOhcyBQUw==	TnV0cml0aXZhIGJlYmlkYSBxdWUgcG90ZW5jaWEgbG9zIFBTIGRlIGJhc2UgZGUKdW4gUG9rw6ltb24u
46	protein	UHJvdGXDrW5h	TnV0cml0aXZhIGJlYmlkYSBxdWUgcG90ZW5jaWEgZWwgQXRhcXVlIGRlIGJhc2UKZGUgdW4gUG9rw6ltb24u
47	iron	SGllcnJv	TnV0cml0aXZhIGJlYmlkYSBxdWUgcG90ZW5jaWEgbGEgRGVmZW5zYSBkZSBiYXNlCmRlIHVuIFBva8OpbW9uLg==
48	carbos	Q2FyYnVyYW50ZQ==	TnV0cml0aXZhIGJlYmlkYSBxdWUgcG90ZW5jaWEgbGEgVmVsb2NpZGFkIGRlCmJhc2UgZGUgdW4gUG9rw6ltb24u
49	calcium	Q2FsY2lv	TnV0cml0aXZhIGJlYmlkYSBxdWUgcG90ZW5jaWEgZWwgQXRhcXVlIEVzcGVjaWFsCmRlIGJhc2UgZGUgdW4gUG9rw6ltb24u
50	rare-candy	Q2FyYW1lbG8gUmFybw==	Q2FyYW1lbG8gZW5lcmfDqXRpY28gcXVlIHN1YmUgYSB1biBQb2vDqW1vbiBkZQpuaXZlbC4=
51	pp-up	TcOhcyBQUA==	QXVtZW50YSBsaWdlcmFtZW50ZSBsb3MgUFAgbcOheGltb3MgZGVsCm1vdmltaWVudG8gZWxlZ2lkbyBkZSB1biBQb2vDqW1vbi4=
52	zinc	WmluYw==	TnV0cml0aXZhIGJlYmlkYSBxdWUgYXVtZW50YSBsYSBEZWZlbnNhIEVzcGVjaWFsCmRlIGJhc2UgZGUgdW4gUG9rw6ltb24u
53	pp-max	UFAgTcOheGltb3M=	QXVtZW50YSBoYXN0YSBlbCBsw61taXRlIGxvcyBQUCBtw6F4aW1vcyBkZWwKbW92aW1pZW50byBlbGVnaWRvIGRlIHVuIFBva8OpbW9uLg==
54	old-gateau	QmFycml0YSBQbHVz	RXNwZWNpYWxpZGFkIGRlIGxhIFZpZWphIE1hbnNpw7NuLiBDdXJhIHRvZG9zIGxvcwpwcm9ibGVtYXMgZGUgZXN0YWRvIGRlIHVuIFBva8OpbW9uLg==
55	guard-spec	UHJvdGVjY2nDs24gWA==	RXZpdGEgcXVlIGJhamVuIGxhcyBjYXJhY3RlcsOtc3RpY2FzIGRlbCBlcXVpcG8KUG9rw6ltb24gZHVyYW50ZSBjaW5jbyB0dXJub3Mu
56	dire-hit	Q3LDrXRpY28gWA==	QXVtZW50YSBlbCDDrW5kaWNlIGRlIGdvbHBlIGNyw610aWNvIGVuIGNvbWJhdGUuClNvbG8gc2UgcHVlZGUgdXNhciB1bmEgdmV6IHksIGFsIGNhbWJpYXIgZGUKUG9rw6ltb24sIGVsIGVmZWN0byBkZXNhcGFyZWNlLg==
57	x-attack	QXRhcXVlIFg=	QXVtZW50YSBtdWNobyBlbCBBdGFxdWUgZW4gY29tYmF0ZS4gQWwgY2FtYmlhcgpkZSBQb2vDqW1vbiwgZWwgZWZlY3RvIGRlc2FwYXJlY2Uu
58	x-defense	RGVmZW5zYSBY	QXVtZW50YSBtdWNobyBsYSBEZWZlbnNhIGVuIGNvbWJhdGUuIEFsIGNhbWJpYXIKZGUgUG9rw6ltb24sIGVsIGVmZWN0byBkZXNhcGFyZWNlLg==
59	x-speed	VmVsb2NpZGFkIFg=	QXVtZW50YSBtdWNobyBsYSBWZWxvY2lkYWQgZW4gY29tYmF0ZS4gQWwKY2FtYmlhciBkZSBQb2vDqW1vbiwgZWwgZWZlY3RvIGRlc2FwYXJlY2Uu
60	x-accuracy	UHJlY2lzacOzbiBY	QXVtZW50YSBtdWNobyBsYSBQcmVjaXNpw7NuIGVuIGNvbWJhdGUuIEFsIGNhbWJpYXIKZGUgUG9rw6ltb24sIGVsIGVmZWN0byBkZXNhcGFyZWNlLg==
61	x-sp-atk	QXQuIEVzcGVjaWFsIFg=	QXVtZW50YSBtdWNobyBlbCBBdGFxdWUgRXNwZWNpYWwgZW4gY29tYmF0ZS4gQWwKY2FtYmlhciBkZSBQb2vDqW1vbiwgZWwgZWZlY3RvIGRlc2FwYXJlY2Uu
62	x-sp-def	RGVmLiBFc3BlY2lhbCBY	QXVtZW50YSBtdWNobyBsYSBEZWZlbnNhIEVzcGVjaWFsIGVuIGNvbWJhdGUuIEFsCmNhbWJpYXIgZGUgUG9rw6ltb24sIGVsIGVmZWN0byBkZXNhcGFyZWNlLg==
63	poke-doll	UG9rw6kgTXXDsWVjbw==	VW4gbXXDsWVjbyBxdWUgYXRyYWUgYSBsb3MgUG9rw6ltb24uIEVzIMO6dGlsIHBhcmEKaHVpciBkZSB1biBjb21iYXRlIGNvbnRyYSB1biBQb2vDqW1vbiBzYWx2YWplLg==
64	fluffy-tail	Q29sYSBTa2l0dHk=	VW4gb2JqZXRvIHF1ZSBhdHJhZSBhIGxvcyBQb2vDqW1vbi4gRXMgw7p0aWwgcGFyYQpodWlyIGRlIHVuIGNvbWJhdGUgY29udHJhIHVuIFBva8OpbW9uIHNhbHZhamUu
65	blue-flute	RmxhdXRhIEF6dWw=	VW5hIGZsYXV0YSBkZSBjcmlzdGFsIGF6dWwgY3V5YXMgbm90YXMgZGVzcGllcnRhbiBhCnVuIFBva8OpbW9uIGRlbCBzdWXDsW8u
66	yellow-flute	RmxhdXRhIEFtYXJpbGxh	VW5hIGZsYXV0YSBkZSBjcmlzdGFsIGFtYXJpbGxvIGN1eWFzIG5vdGFzIHNhY2FuIGEKdW4gUG9rw6ltb24gZGUgbGEgY29uZnVzacOzbi4=
67	red-flute	RmxhdXRhIFJvamE=	VW5hIGZsYXV0YSBkZSBjcmlzdGFsIHJvam8gY3V5YXMgbm90YXMgdnVlbHZlbiBlbgpzw60gYSB1biBQb2vDqW1vbiBlbmFtb3JhZG8u
68	black-flute	RmxhdXRhIE5lZ3Jh	VW5hIGZsYXV0YSBkZSBjcmlzdGFsIG5lZ3JvIGN1eWFzIG5vdGFzIGF0cmFlbiBhClBva8OpbW9uIHNhbHZhamVzIG3DoXMgZnVlcnRlcyBhbCBsdWdhciBlbiBlbCBxdWUKc2UgdXNhLg==
69	white-flute	RmxhdXRhIEJsYW5jYQ==	VW5hIGZsYXV0YSBkZSBjcmlzdGFsIGJsYW5jbyBjdXlhcyBub3RhcyBhdHJhZW4gYQpQb2vDqW1vbiBzYWx2YWplcyBtw6FzIGTDqWJpbGVzIGFsIGx1Z2FyIGVuIGVsIHF1ZQpzZSB1c2Eu
70	shoal-salt	U2FsIENhcmR1bWVu	VW5hIHNhbCBtdXkgZmluYSBxdWUgc2UgZW5jdWVudHJhIGVuIGxhIEN1ZXZhCkNhcmR1bWVuLg==
71	shoal-shell	Q29uY2hhIENhcmR1bWVu	Q29uY2hhIHF1ZSBzZSBlbmN1ZW50cmEgZW4gbGEgQ3VldmEgQ2FyZHVtZW4u
72	red-shard	UGFydGUgUm9qYQ==	VW4gcGVxdWXDsW8gZnJhZ21lbnRvIHJvam8uIFBhcmVjZSBmb3JtYXIgcGFydGUKZGUgYWxnw7puIHRpcG8gZGUgaGVycmFtaWVudGEgYW50aWd1YS4=
73	blue-shard	UGFydGUgQXp1bA==	VW4gcGVxdWXDsW8gZnJhZ21lbnRvIGF6dWwuIFBhcmVjZSBmb3JtYXIgcGFydGUKZGUgYWxnw7puIHRpcG8gZGUgaGVycmFtaWVudGEgYW50aWd1YS4=
74	yellow-shard	UGFydGUgQW1hcmlsbGE=	VW4gcGVxdWXDsW8gZnJhZ21lbnRvIGFtYXJpbGxvLiBQYXJlY2UgZm9ybWFyCnBhcnRlIGRlIGFsZ8O6biB0aXBvIGRlIGhlcnJhbWllbnRhIGFudGlndWEu
75	green-shard	UGFydGUgVmVyZGU=	VW4gcGVxdWXDsW8gZnJhZ21lbnRvIHZlcmRlLiBQYXJlY2UgZm9ybWFyIHBhcnRlCmRlIGFsZ8O6biB0aXBvIGRlIGhlcnJhbWllbnRhIGFudGlndWEu
76	super-repel	U3VwZXJyZXBlbGVudGU=	RXZpdGEgZW5jdWVudHJvcyBjb24gUG9rw6ltb24gc2FsdmFqZXMgZMOpYmlsZXMKZHVyYW50ZSBtw6FzIHRpZW1wbyBxdWUgdW4gUmVwZWxlbnRlIG5vcm1hbC4=
77	max-repel	UmVwZWxlbnRlIE3DoXhpbW8=	RXZpdGEgZW5jdWVudHJvcyBjb24gUG9rw6ltb24gc2FsdmFqZXMgZMOpYmlsZXMKZHVyYW50ZSBtw6FzIHRpZW1wbyBxdWUgdW4gU3VwZXJyZXBlbGVudGUu
78	escape-rope	Q3VlcmRhIEh1aWRh	Q3VlcmRhIGxhcmdhIHkgcmVzaXN0ZW50ZSBxdWUgc2lydmUgcGFyYSBodWlyIGRlCmN1ZXZhcyB5IHNpdGlvcyBjZXJyYWRvcyBlbiBnZW5lcmFsLg==
79	repel	UmVwZWxlbnRl	RXZpdGEgZW5jdWVudHJvcyBjb24gUG9rw6ltb24gc2FsdmFqZXMgZMOpYmlsZXMKZHVyYW50ZSB1biBjb3J0byBwZXLDrW9kbyBkZSB0aWVtcG8u
80	sun-stone	UGllZHJhIFNvbGFy	Q3VyaW9zYSBwaWVkcmEgcXVlIGhhY2UgZXZvbHVjaW9uYXIgYQpkZXRlcm1pbmFkYXMgZXNwZWNpZXMgZGUgUG9rw6ltb24uCkVzIHJvamEgY29tbyBlbCBuw7pjbGVvIGRlbCBzb2wu
81	moon-stone	UGllZHJhIEx1bmFy	Q3VyaW9zYSBwaWVkcmEgcXVlIGhhY2UgZXZvbHVjaW9uYXIgYQpkZXRlcm1pbmFkYXMgZXNwZWNpZXMgZGUgUG9rw6ltb24uCkVzIG9zY3VyYSBjb21vIGxhIG5vY2hlLg==
82	fire-stone	UGllZHJhIEZ1ZWdv	Q3VyaW9zYSBwaWVkcmEgcXVlIGhhY2UgZXZvbHVjaW9uYXIgYQpkZXRlcm1pbmFkYXMgZXNwZWNpZXMgZGUgUG9rw6ltb24uCkVzIGFtYXJpbGxhIGNvbiB1bmEgbWFyY2EgbmFyYW5qYS4=
83	thunder-stone	UGllZHJhIFRydWVubw==	Q3VyaW9zYSBwaWVkcmEgcXVlIGhhY2UgZXZvbHVjaW9uYXIgYQpkZXRlcm1pbmFkYXMgZXNwZWNpZXMgZGUgUG9rw6ltb24uClRpZW5lIGdyYWJhZG8gdW4gcmF5by4=
84	water-stone	UGllZHJhIEFndWE=	Q3VyaW9zYSBwaWVkcmEgcXVlIGhhY2UgZXZvbHVjaW9uYXIgYQpkZXRlcm1pbmFkYXMgZXNwZWNpZXMgZGUgUG9rw6ltb24uCkVzIGRlIGNvbG9yIGF6dWwu
85	leaf-stone	UGllZHJhIEhvamE=	Q3VyaW9zYSBwaWVkcmEgcXVlIGhhY2UgZXZvbHVjaW9uYXIgYQpkZXRlcm1pbmFkYXMgZXNwZWNpZXMgZGUgUG9rw6ltb24uClRpZW5lIGdyYWJhZGEgdW5hIGhvamEu
86	tiny-mushroom	TWluaXNldGE=	VW5hIHBlcXVlw7FhIHNldGEgcXVlIGVzIHBvY28gY29tw7puIHkgYmFzdGFudGUKcG9wdWxhciBlbnRyZSBkZXRlcm1pbmFkb3MgZ3J1cG9zIGRlIGdvdXJtZXRzLg==
87	big-mushroom	U2V0YSBHcmFuZGU=	VW5hIGdyYW4gc2V0YSBxdWUgZXMgcG9jbyBjb23Dum4geSBtdXkgcG9wdWxhcgplbnRyZSBkZXRlcm1pbmFkb3MgZ3J1cG9zIGRlIGdvdXJtZXRzLg==
88	pearl	UGVybGE=	QnJpbGxhbnRlIHBlcmxhIHBlcXVlw7FhIHkgcGxhdGVhZGEgcXVlIG5vIGFsY2FuemEKdW4gYnVlbiBwcmVjaW8gZW4gbGFzIHRpZW5kYXMu
89	big-pearl	UGVybGEgR3JhbmRl	QnJpbGxhbnRlIHBlcmxhIHBsYXRlYWRhIGRlIGdyYW4gdGFtYcOxbyBxdWUgcHVlZGUKdmVuZGVyc2UgYSBidWVuIHByZWNpbyBlbiBsYXMgdGllbmRhcy4=
90	stardust	UG9sdm8gRXN0ZWxhcg==	Qm9uaXRhIGFyZW5hIHJvamEgZGUgdGFjdG8gc2Vkb3NvIHF1ZSBubyBhbGNhbnphCnVuIGJ1ZW4gcHJlY2lvIGVuIGxhcyB0aWVuZGFzLg==
91	star-piece	VHJvem8gRXN0cmVsbGE=	RnJhZ21lbnRvIGRlIHVuYSBib25pdGEgZ2VtYSByb2phIHF1ZSBwdWVkZQp2ZW5kZXJzZSBtdXkgY2FybyBlbiBsYXMgdGllbmRhcy4=
92	nugget	UGVwaXRh	UGVwaXRhIGRlIG9ybyBwdXJvIHF1ZSBkZXNwcmVuZGUgdW4gYnJpbGxvCmVzcGVjdGFjdWxhci4gUHVlZGUgdmVuZGVyc2UgYSB1biBwcmVjaW8gbXV5CmFsdG8gZW4gbGFzIHRpZW5kYXMu
93	heart-scale	RXNjYW1hIENvcmF6w7Nu	VW5hIGJlbGxhIHkgcmFyYSBlc2NhbWEgY29uIGZvcm1hIGRlIGNvcmF6w7NuIHF1ZQptw6FzIGRlIHVubyBhcHJlY2lhcsOhIHNpIHNlIGxhIGVudHJlZ2FzLg==
94	honey	TWllbA==	U3UgZGVsaWNpb3NvIGFyb21hIGF0cmFlIGEgUG9rw6ltb24gc2FsdmFqZXMgc2kKc2UgdXNhIGVuIHpvbmFzIGRlIGhpZXJiYSBhbHRhLCBjdWV2YXMgbyDDoXJib2xlcwplc3BlY2lhbGVzLg==
95	growth-mulch	QWJvbm8gUsOhcGlkbw==	VW4gZmVydGlsaXphbnRlIHVzYWRvIHBhcmEgZWwgY3VsdGl2byBkZSBiYXlhcy4KUGFyZWNlIHF1ZSBubyBzZSBhc2llbnRhIGJpZW4gZW4gZWwgc3VlbG8gZGUKSG9lbm4sIHBvciBsbyBxdWUgbm8gdGllbmUgZWZlY3RvIGVuIGVzdGEgcmVnacOzbi4=
96	damp-mulch	QWJvbm8gTGVudG8=	VW4gZmVydGlsaXphbnRlIHVzYWRvIHBhcmEgZWwgY3VsdGl2byBkZSBiYXlhcy4KUGFyZWNlIHF1ZSBubyBzZSBhc2llbnRhIGJpZW4gZW4gZWwgc3VlbG8gZGUKSG9lbm4sIHBvciBsbyBxdWUgbm8gdGllbmUgZWZlY3RvIGVuIGVzdGEgcmVnacOzbi4=
97	stable-mulch	QWJvbm8gRmlqYWRvcg==	VW4gZmVydGlsaXphbnRlIHVzYWRvIHBhcmEgZWwgY3VsdGl2byBkZSBiYXlhcy4KUGFyZWNlIHF1ZSBubyBzZSBhc2llbnRhIGJpZW4gZW4gZWwgc3VlbG8gZGUKSG9lbm4sIHBvciBsbyBxdWUgbm8gdGllbmUgZWZlY3RvIGVuIGVzdGEgcmVnacOzbi4=
98	gooey-mulch	QWJvbm8gQnJvdGU=	VW4gZmVydGlsaXphbnRlIHVzYWRvIHBhcmEgZWwgY3VsdGl2byBkZSBiYXlhcy4KUGFyZWNlIHF1ZSBubyBzZSBhc2llbnRhIGJpZW4gZW4gZWwgc3VlbG8gZGUKSG9lbm4sIHBvciBsbyBxdWUgbm8gdGllbmUgZWZlY3RvIGVuIGVzdGEgcmVnacOzbi4=
99	root-fossil	RsOzc2lsIFJhw616	RsOzc2lsIGRlIHVuIFBva8OpbW9uIHByZWhpc3TDs3JpY28gcXVlIHZpdsOtYSBlbiBlbApmb25kbyBkZWwgbWFyLiBQYXJlY2Ugc2VyIHBhcnRlIGRlIHVuYSByYcOtei4=
100	claw-fossil	RsOzc2lsIEdhcnJh	RsOzc2lsIGRlIHVuIFBva8OpbW9uIHByZWhpc3TDs3JpY28gcXVlIHZpdsOtYSBlbiBlbApmb25kbyBkZWwgbWFyLiBQYXJlY2Ugc2VyIHBhcnRlIGRlIHVuYSBnYXJyYS4=
101	helix-fossil	RsOzc2lsIEjDqWxpeA==	RsOzc2lsIGRlIHVuIFBva8OpbW9uIHByZWhpc3TDs3JpY28gcXVlIHZpdsOtYSBlbiBlbApmb25kbyBkZWwgbWFyLiBQYXJlY2Ugc2VyIHVuIGZyYWdtZW50byBkZSBjb25jaGEKbWFyaW5hLg==
102	dome-fossil	RsOzc2lsIERvbW8=	RsOzc2lsIGRlIHVuIFBva8OpbW9uIHByZWhpc3TDs3JpY28gcXVlIHZpdsOtYSBlbiBlbApmb25kbyBkZWwgbWFyLiBQYXJlY2Ugc2VyIHVuIGZyYWdtZW50byBkZQpjYXBhcmF6w7NuLg==
103	old-amber	w4FtYmFyIFZpZWpv	RnJhZ21lbnRvIGRlIMOhbWJhciBxdWUgY29udGllbmUgaW5mb3JtYWNpw7NuCmdlbsOpdGljYSBkZSB1biBQb2vDqW1vbiBwcmVoaXN0w7NyaWNvLiBFcyBkZSBjb2xvcgphbWFyaWxsby4=
104	armor-fossil	RsOzc2lsIENvcmF6YQ==	RsOzc2lsIGRlIHVuIFBva8OpbW9uIHByZWhpc3TDs3JpY28gdGVycmVzdHJlLgpQYXJlY2Ugc2VyIHBhcnRlIGRlIHVuYSBwcm90ZWNjacOzbiDDs3NlYSBkZWwKY3VlbGxvLg==
105	skull-fossil	RsOzc2lsIENyw6FuZW8=	RsOzc2lsIGRlIHVuIFBva8OpbW9uIHByZWhpc3TDs3JpY28gdGVycmVzdHJlLgpQYXJlY2Ugc2VyIHBhcnRlIGRlIHVuYSBjYWJlemEu
106	rare-bone	SHVlc28gUmFybw==	VW4gaHVlc28gZGUgZ3JhbiB2YWxvciBwYXJhIGxhIGFycXVlb2xvZ8OtYQpQb2vDqW1vbi4gUHVlZGUgYWxjYW56YXIgdW4gYWx0byBwcmVjaW8gZW4gbGFzCnRpZW5kYXMu
107	shiny-stone	UGllZHJhIETDrWE=	VW5hIHBpZWRyYSBwZWN1bGlhciBxdWUgaGFjZSBldm9sdWNpb25hciBhIGFsZ3Vub3MKUG9rw6ltb24uIFRpZW5lIHVuIGJyaWxsbyBlc3BlY3RhY3VsYXIu
108	dusk-stone	UGllZHJhIE5vY2hl	VW5hIHBpZWRyYSBwZWN1bGlhciBxdWUgaGFjZSBldm9sdWNpb25hciBhIGFsZ3Vub3MKUG9rw6ltb24uIEVzIG9zY3VyYSBjb21vIGxhIG5vY2hlLg==
109	dawn-stone	UGllZHJhIEFsYmE=	VW5hIHBpZWRyYSBwZWN1bGlhciBxdWUgaGFjZSBldm9sdWNpb25hciBhIGFsZ3Vub3MKUG9rw6ltb24uIEJyaWxsYSBjb21vIHVuIGx1Y2Vyby4=
110	oval-stone	UGllZHJhIE92YWw=	VW5hIHBpZWRyYSBwZWN1bGlhciBxdWUgaGFjZSBldm9sdWNpb25hciBhIGFsZ3Vub3MKUG9rw6ltb24uIFRpZW5lIGZvcm1hIGRlIGh1ZXZvLg==
111	odd-keystone	UGllZHJhIEVzcMOtcml0dQ==	Vml0YWwgcGFyYSBpbXBlZGlyIHF1ZSB1bmEgdG9ycmUgZGUgcGllZHJhIHNlCmRlcnJ1bWJlLiBBIHZlY2VzIHNlIG95ZW4gdm9jZXMgZW4gc3UgaW50ZXJpb3Iu
112	griseous-orb	R3Jpc2Vvc2ZlcmE=	VW5hIGVzZmVyYSBicmlsbGFudGUgcXVlIHBvdGVuY2lhIGxvcyBtb3ZpbWllbnRvcwpkZSB0aXBvIERyYWfDs24geSBGYW50YXNtYS4gRGViZSBsbGV2YXJsYSBHaXJhdGluYS4=
113	tea	VMOp	
115	autograph	QXV0w7NncmFmbw==	
116	douse-drive	SGlkcm9ST00=	Q2FydHVjaG8gcXVlIGNvbnZpZXJ0ZSBUZWNubyBTaG9jayBkZSBHZW5lc2VjdAplbiB1biBtb3ZpbWllbnRvIGRlIHRpcG8gQWd1YS4=
117	shock-drive	RnVsZ29ST00=	Q2FydHVjaG8gcXVlIGNvbnZpZXJ0ZSBUZWNubyBTaG9jayBkZSBHZW5lc2VjdAplbiB1biBtb3ZpbWllbnRvIGRlIHRpcG8gRWzDqWN0cmljby4=
118	burn-drive	UGlyb1JPTQ==	Q2FydHVjaG8gcXVlIGNvbnZpZXJ0ZSBUZWNubyBTaG9jayBkZSBHZW5lc2VjdAplbiB1biBtb3ZpbWllbnRvIGRlIHRpcG8gRnVlZ28u
119	chill-drive	Q3Jpb1JPTQ==	Q2FydHVjaG8gcXVlIGNvbnZpZXJ0ZSBUZWNubyBTaG9jayBkZSBHZW5lc2VjdAplbiB1biBtb3ZpbWllbnRvIGRlIHRpcG8gSGllbG8u
121	pokemon-box	Q2FqYSBkZSBQb2vDqW1vbg==	
122	medicine-pocket	Qm90aXF1w61u	
123	tm-case	RXN0dWNoZSBkZSBNVA==	
124	candy-jar	VGFycm8gZGUgQ2FyYW1lbG9z	
125	power-up-pocket	Qm9sc2lsbG8gTWVqb3Jhcw==	
126	clothing-trunk	TWFsZXRh	
127	catching-pocket	Qm9sc2lsbG8gQ2FwdHVyYQ==	
128	battle-pocket	Qm9sc2lsbG8gQ29tYmF0ZQ==	
134	sweet-heart	Q29yYXrDs24gRHVsY2U=	Q2hvY29sYXRpbmEgZGUgc2Fib3IgZHVsY2UuIFJlc3RhdXJhIDIwIFBTIGRlCnVuIFBva8OpbW9uLg==
135	adamant-orb	RGlhbWFuc2ZlcmE=	VW5hIGVzZmVyYSBicmlsbGFudGUgcXVlIHBvdGVuY2lhIGxvcyBtb3ZpbWllbnRvcwpkZSB0aXBvIEFjZXJvIHkgRHJhZ8Ozbi4gRGViZSBsbGV2YXJsYSBEaWFsZ2Eu
136	lustrous-orb	THVzdHJlc2ZlcmE=	VW5hIGJvbml0YSBlc2ZlcmEgcXVlIHBvdGVuY2lhIGxvcyBtb3ZpbWllbnRvcwpkZSB0aXBvIERyYWfDs24geSBBZ3VhLiBEZWJlIGxsZXZhcmxhIFBhbGtpYS4=
137	greet-mail	Q2FydGEgSW5pY2lhbA==	Q2FydGEgcGFyYSBwcmVzZW50YXJzZSBhIGFsZ3VpZW4uIEhheiBxdWUgbGEKZW50cmVndWUgdW4gUG9rw6ltb24u
138	favored-mail	Q2FydGEgRmF2b3JpdG9z	Q2FydGEgcGFyYSBlc2NyaWJpciBzb2JyZSB0dXMgY29zYXMgZmF2b3JpdGFzLgpIYXogcXVlIGxhIGVudHJlZ3VlIHVuIFBva8OpbW9uLg==
139	rsvp-mail	Q2FydGEgSW52aXRhcg==	Q2FydGEgcGFyYSBpbnZpdGFyIGEgdW4gY29tcGHDsWVyby4gSGF6IHF1ZSBsYQplbnRyZWd1ZSB1biBQb2vDqW1vbi4=
140	thanks-mail	Q2FydGEgR3JhY2lhcw==	Q2FydGEgZGUgYWdyYWRlY2ltaWVudG8uIEhheiBxdWUgbGEgZW50cmVndWUKdW4gUG9rw6ltb24u
141	inquiry-mail	Q2FydGEgUHJlZ3VudGE=	Q2FydGEgcGFyYSBwcmVndW50YXIgYSB1biBjb21wYcOxZXJvLiBIYXogcXVlIGxhCmVudHJlZ3VlIHVuIFBva8OpbW9uLg==
142	like-mail	Q2FydGEgR3VzdG9z	Q2FydGEgcGFyYSByZWNvbWVuZGFyIGFsZ28uIEhheiBxdWUgbGEgZW50cmVndWUKdW4gUG9rw6ltb24u
143	reply-mail	Q2FydGEgUmVzcHVlc3Rh	Q2FydGEgcGFyYSByZXNwb25kZXIgYSB1biBtZW5zYWplLiBIYXogcXVlIGxhCmVudHJlZ3VlIHVuIFBva8OpbW9uLg==
144	bridge-mail-s	Q2FydGEgUHVlbnRlIFM=	Q2FydGEgY29uIGxhIGltYWdlbiBkZSB1biBwdWVudGUgcXVlIHNlIGFsemEKaGFjaWEgZWwgY2llbG8uIEhheiBxdWUgbGEgZW50cmVndWUgdW4gUG9rw6ltb24u
145	bridge-mail-d	Q2FydGEgUHVlbnRlIEY=	Q2FydGEgY29uIGxhIGltYWdlbiBkZSB1biBwdWVudGUgbGV2YWRpem8gZGUKY29sb3Igcm9qby4gSGF6IHF1ZSBsYSBlbnRyZWd1ZSB1biBQb2vDqW1vbi4=
146	bridge-mail-t	Q2FydGEgUHVlbnRlIEE=	Q2FydGEgY29uIGxhIGltYWdlbiBkZSB1biBwdWVudGUgY29sZ2FudGUgZGUKYWNlcm8uIEhheiBxdWUgbGEgZW50cmVndWUgdW4gUG9rw6ltb24u
147	bridge-mail-v	Q2FydGEgUHVlbnRlIFY=	Q2FydGEgY29uIGxhIGltYWdlbiBkZSB1biBwdWVudGUgZGUgbGFkcmlsbG9zLgpIYXogcXVlIGxhIGVudHJlZ3VlIHVuIFBva8OpbW9uLg==
148	bridge-mail-m	Q2FydGEgUHVlbnRlIFA=	Q2FydGEgY29uIGxhIGltYWdlbiBkZSB1biBwdWVudGUgY29uIHZhcmlvcwphcmNvcy4gSGF6IHF1ZSBsYSBlbnRyZWd1ZSB1biBQb2vDqW1vbi4=
149	cheri-berry	QmF5YSBacmV6YQ==	TG9zIFBva8OpbW9uIHB1ZWRlbiBsbGV2YXJsYSBvIHVzYXJsYSBwYXJhCnJlY3VwZXJhcnNlIGRlIGxhIHBhcsOhbGlzaXMu
150	chesto-berry	QmF5YSBBdGFuaWE=	TG9zIFBva8OpbW9uIHB1ZWRlbiBsbGV2YXJsYSBvIHVzYXJsYSBwYXJhCmRlc3BlcnRhciBkZWwgc3Vlw7FvLg==
151	pecha-berry	QmF5YSBNZWxvYw==	TG9zIFBva8OpbW9uIHB1ZWRlbiBsbGV2YXJsYSBvIHVzYXJsYSBwYXJhCmN1cmFyc2UgZGVsIGVudmVuZW5hbWllbnRvLg==
152	rawst-berry	QmF5YSBTYWZyZQ==	TG9zIFBva8OpbW9uIHB1ZWRlbiBsbGV2YXJsYSBvIHVzYXJsYSBwYXJhCmN1cmFyc2UgbGFzIHF1ZW1hZHVyYXMu
153	aspear-berry	QmF5YSBQZXJhc2k=	TG9zIFBva8OpbW9uIHB1ZWRlbiBsbGV2YXJsYSBvIHVzYXJsYSBwYXJhCmRlc2NvbmdlbGFyc2Uu
154	leppa-berry	QmF5YSBaYW5hbWE=	TG9zIFBva8OpbW9uIHB1ZWRlbiBsbGV2YXJsYSBvIHVzYXJsYSBwYXJhCnJlc3RhdXJhciAxMCBQUCBkZSB1biBtb3ZpbWllbnRvLg==
155	oran-berry	QmF5YSBBcmFuamE=	TG9zIFBva8OpbW9uIHB1ZWRlbiBsbGV2YXJsYSBvIHVzYXJsYSBwYXJhCnJlc3RhdXJhciAxMCBQUy4=
156	persim-berry	QmF5YSBDYXF1aWM=	TG9zIFBva8OpbW9uIHB1ZWRlbiBsbGV2YXJsYSBvIHVzYXJsYSBwYXJhCmxpYnJhcnNlIGRlIGxhIGNvbmZ1c2nDs24u
157	lum-berry	QmF5YSBaaXVlbGE=	TG9zIFBva8OpbW9uIHB1ZWRlbiBsbGV2YXJsYSBvIHVzYXJsYSBwYXJhCnJlY3VwZXJhcnNlIGRlIHByb2JsZW1hcyBkZSBlc3RhZG8u
158	sitrus-berry	QmF5YSBaaWRyYQ==	TG9zIFBva8OpbW9uIHB1ZWRlbiBsbGV2YXJsYSBvIHVzYXJsYSBwYXJhCnJlc3RhdXJhciBhbGd1bm9zIFBTLg==
159	figy-berry	QmF5YSBIaWdvZw==	TG9zIFBva8OpbW9uIHB1ZWRlbiBsbGV2YXJsYSBvIHVzYXJsYSBwYXJhCnJlc3RhdXJhciBhbGd1bm9zIFBTLiBTdSBzYWJvciBwdWVkZSBjYXVzYXIKY29uZnVzacOzbi4=
160	wiki-berry	QmF5YSBXaWtp	TG9zIFBva8OpbW9uIHB1ZWRlbiBsbGV2YXJsYSBvIHVzYXJsYSBwYXJhCnJlc3RhdXJhciBhbGd1bm9zIFBTLiBTdSBzYWJvciBwdWVkZSBjYXVzYXIKY29uZnVzacOzbi4=
161	mago-berry	QmF5YSBBbmdv	TG9zIFBva8OpbW9uIHB1ZWRlbiBsbGV2YXJsYSBvIHVzYXJsYSBwYXJhCnJlc3RhdXJhciBhbGd1bm9zIFBTLiBTdSBzYWJvciBwdWVkZSBjYXVzYXIKY29uZnVzacOzbi4=
162	aguav-berry	QmF5YSBHdWF5YQ==	TG9zIFBva8OpbW9uIHB1ZWRlbiBsbGV2YXJsYSBvIHVzYXJsYSBwYXJhCnJlc3RhdXJhciBhbGd1bm9zIFBTLiBTdSBzYWJvciBwdWVkZSBjYXVzYXIKY29uZnVzacOzbi4=
163	iapapa-berry	QmF5YSBQYWJheWE=	TG9zIFBva8OpbW9uIHB1ZWRlbiBsbGV2YXJsYSBvIHVzYXJsYSBwYXJhCnJlc3RhdXJhciBhbGd1bm9zIFBTLiBTdSBzYWJvciBwdWVkZSBjYXVzYXIKY29uZnVzacOzbi4=
164	razz-berry	QmF5YSBGcmFtYnU=	U2UgdXRpbGl6YSBlbiBsYSBwcm9kdWNjacOzbiBkZSBQb2vDqWN1Ym9zIHF1ZQpwb3RlbmNpYW4gZWwgY2FyaXNtYS4gRXMgZGUgY29sb3Igcm9qaXpvIHkgc2Fib3IKcGljYW50ZS4=
165	bluk-berry	QmF5YSBPcmFt	U2UgdXRpbGl6YSBlbiBsYSBwcm9kdWNjacOzbiBkZSBQb2vDqWN1Ym9zIHF1ZQpwb3RlbmNpYW4gbGEgYmVsbGV6YS4gRXMgZGUgY29sb3IgYXp1bGFkbyB5IHNhYm9yCnNlY28u
166	nanab-berry	QmF5YSBMYXRhbm8=	U2UgdXRpbGl6YSBlbiBsYSBwcm9kdWNjacOzbiBkZSBQb2vDqWN1Ym9zIHF1ZQpwb3RlbmNpYW4gbGEgZHVsenVyYS4gRXMgZGUgY29sb3Igcm9zYSB5IHNhYm9yCmR1bGNlLg==
167	wepear-berry	QmF5YSBQZXJhZ3U=	U2UgdXRpbGl6YSBlbiBsYSBwcm9kdWNjacOzbiBkZSBQb2vDqWN1Ym9zIHF1ZQpwb3RlbmNpYW4gZWwgaW5nZW5pby4gRXMgZGUgY29sb3IgdmVyZGUgeSBzYWJvcgphbWFyZ28u
168	pinap-berry	QmF5YSBQaW5pYQ==	U2UgdXRpbGl6YSBlbiBsYSBwcm9kdWNjacOzbiBkZSBQb2vDqWN1Ym9zIHF1ZQpwb3RlbmNpYW4gbGEgZHVyZXphLiBFcyBkZSBjb2xvciBhbWFyaWxsbyB5IHNhYm9yCsOhY2lkby4=
169	pomeg-berry	QmF5YSBHcmFuYQ==	QWwgdXNhcmxhIGNvbiB1biBQb2vDqW1vbiwgc2UgZ2FuYSBzdSBhbWlzdGFkLApwZXJvIHRhbWJpw6luIHJlZHVjZSBzdXMgUFMgZGUgYmFzZS4=
170	kelpsy-berry	QmF5YSBBbGdhbWE=	QWwgdXNhcmxhIGNvbiB1biBQb2vDqW1vbiwgc2UgZ2FuYSBzdSBhbWlzdGFkLApwZXJvIHRhbWJpw6luIHJlZHVjZSBzdSBBdGFxdWUgZGUgYmFzZS4=
171	qualot-berry	QmF5YSBJc3Blcm8=	QWwgdXNhcmxhIGNvbiB1biBQb2vDqW1vbiwgc2UgZ2FuYSBzdSBhbWlzdGFkLApwZXJvIHRhbWJpw6luIHJlZHVjZSBzdSBEZWZlbnNhIGRlIGJhc2Uu
172	hondew-berry	QmF5YSBNZWx1Y2U=	QWwgdXNhcmxhIGNvbiB1biBQb2vDqW1vbiwgc2UgZ2FuYSBzdSBhbWlzdGFkLApwZXJvIHRhbWJpw6luIHJlZHVjZSBzdSBBdGFxdWUgRXNwZWNpYWwgZGUgYmFzZS4=
173	grepa-berry	QmF5YSBVdmF2	QWwgdXNhcmxhIGNvbiB1biBQb2vDqW1vbiwgc2UgZ2FuYSBzdSBhbWlzdGFkLApwZXJvIHRhbWJpw6luIHJlZHVjZSBzdSBEZWZlbnNhIEVzcGVjaWFsIGRlCmJhc2Uu
174	tamato-berry	QmF5YSBUYW1hdGU=	QWwgdXNhcmxhIGNvbiB1biBQb2vDqW1vbiwgc2UgZ2FuYSBzdSBhbWlzdGFkLApwZXJvIHRhbWJpw6luIHJlZHVjZSBzdSBWZWxvY2lkYWQgZGUgYmFzZS4=
175	cornn-berry	QmF5YSBNYWlz	U2UgdXRpbGl6YSBlbiBsYSBwcm9kdWNjacOzbiBkZSBQb2vDqWN1Ym9zIHF1ZQpwb3RlbmNpYW4gbGEgYmVsbGV6YS4gRXMgdW5hIGJheWEgbXV5IHJhcmEgZW4Kb3RyYXMgcmVnaW9uZXMu
176	magost-berry	QmF5YSBBb3N0YW4=	U2UgdXRpbGl6YSBlbiBsYSBwcm9kdWNjacOzbiBkZSBQb2vDqWN1Ym9zIHF1ZQpwb3RlbmNpYW4gbGEgZHVsenVyYS4gRXMgdW5hIGJheWEgbXV5IHJhcmEgZW4Kb3RyYXMgcmVnaW9uZXMu
177	rabuta-berry	QmF5YSBSYXV0YW4=	U2UgdXRpbGl6YSBlbiBsYSBwcm9kdWNjacOzbiBkZSBQb2vDqWN1Ym9zIHF1ZQpwb3RlbmNpYW4gZWwgaW5nZW5pby4gRXMgdW5hIGJheWEgbXV5IHJhcmEgZW4Kb3RyYXMgcmVnaW9uZXMu
178	nomel-berry	QmF5YSBNb25saQ==	U2UgdXRpbGl6YSBlbiBsYSBwcm9kdWNjacOzbiBkZSBQb2vDqWN1Ym9zIHF1ZQpwb3RlbmNpYW4gbGEgZHVyZXphLiBFcyB1bmEgYmF5YSBtdXkgcmFyYSBlbgpvdHJhcyByZWdpb25lcy4=
179	spelon-berry	QmF5YSBXaWthbm8=	U2UgdXRpbGl6YSBlbiBsYSBwcm9kdWNjacOzbiBkZSBQb2vDqWN1Ym9zIHF1ZQpwb3RlbmNpYW4gbGEgZHVsenVyYS4gRXMgdW5hIGJheWEgbXV5IHJhcmEgZW4Kb3RyYXMgcmVnaW9uZXMu
180	pamtre-berry	QmF5YSBQbGFtYQ==	U2UgdXRpbGl6YSBlbiBsYSBwcm9kdWNjacOzbiBkZSBQb2vDqWN1Ym9zIHF1ZQpwb3RlbmNpYW4gbGEgYmVsbGV6YS4gRXMgdW5hIGJheWEgbXV5IHJhcmEgZW4Kb3RyYXMgcmVnaW9uZXMu
181	watmel-berry	QmF5YSBTYW1iaWE=	U2UgdXRpbGl6YSBlbiBsYSBwcm9kdWNjacOzbiBkZSBQb2vDqWN1Ym9zIHF1ZQpwb3RlbmNpYW4gZWwgaW5nZW5pby4gRXMgdW5hIGJheWEgbXV5IHJhcmEgZW4Kb3RyYXMgcmVnaW9uZXMu
182	durin-berry	QmF5YSBSdWRpb24=	U2UgdXRpbGl6YSBlbiBsYSBwcm9kdWNjacOzbiBkZSBQb2vDqWN1Ym9zIHF1ZQpwb3RlbmNpYW4gZWwgaW5nZW5pby4gRXMgdW5hIGJheWEgbXV5IHJhcmEgZW4Kb3RyYXMgcmVnaW9uZXMu
183	belue-berry	QmF5YSBBbmRhbm8=	U2UgdXRpbGl6YSBlbiBsYSBwcm9kdWNjacOzbiBkZSBQb2vDqWN1Ym9zIHF1ZQpwb3RlbmNpYW4gbGEgYmVsbGV6YS4gRXMgdW5hIGJheWEgbXV5IHJhcmEgZW4Kb3RyYXMgcmVnaW9uZXMu
184	occa-berry	QmF5YSBDYW9jYQ==	U2kgbGEgbGxldmEgdW4gUG9rw6ltb24sIGRlYmlsaXRhIHVuIGF0YXF1ZQpzdXBlcmVmaWNheiBkZSB0aXBvIEZ1ZWdvIGRlIHVuIGVuZW1pZ28u
185	passho-berry	QmF5YSBQYXNpbw==	U2kgbGEgbGxldmEgdW4gUG9rw6ltb24sIGRlYmlsaXRhIHVuIGF0YXF1ZQpzdXBlcmVmaWNheiBkZSB0aXBvIEFndWEgZGUgdW4gZW5lbWlnby4=
186	wacan-berry	QmF5YSBHdWFsb3Q=	U2kgbGEgbGxldmEgdW4gUG9rw6ltb24sIGRlYmlsaXRhIHVuIGF0YXF1ZQpzdXBlcmVmaWNheiBkZSB0aXBvIEVsw6ljdHJpY28gZGUgdW4gZW5lbWlnby4=
187	rindo-berry	QmF5YSBUYW1hcg==	U2kgbGEgbGxldmEgdW4gUG9rw6ltb24sIGRlYmlsaXRhIHVuIGF0YXF1ZQpzdXBlcmVmaWNheiBkZSB0aXBvIFBsYW50YSBkZSB1biBlbmVtaWdvLg==
188	yache-berry	QmF5YSBSaW1veWE=	U2kgbGEgbGxldmEgdW4gUG9rw6ltb24sIGRlYmlsaXRhIHVuIGF0YXF1ZQpzdXBlcmVmaWNheiBkZSB0aXBvIEhpZWxvIGRlIHVuIGVuZW1pZ28u
189	chople-berry	QmF5YSBQb21hcm8=	U2kgbGEgbGxldmEgdW4gUG9rw6ltb24sIGRlYmlsaXRhIHVuIGF0YXF1ZQpzdXBlcmVmaWNheiBkZSB0aXBvIEx1Y2hhIGRlIHVuIGVuZW1pZ28u
190	kebia-berry	QmF5YSBLZWJpYQ==	U2kgbGEgbGxldmEgdW4gUG9rw6ltb24sIGRlYmlsaXRhIHVuIGF0YXF1ZQpzdXBlcmVmaWNheiBkZSB0aXBvIFZlbmVubyBkZSB1biBlbmVtaWdvLg==
191	shuca-berry	QmF5YSBBY2FyZG8=	U2kgbGEgbGxldmEgdW4gUG9rw6ltb24sIGRlYmlsaXRhIHVuIGF0YXF1ZQpzdXBlcmVmaWNheiBkZSB0aXBvIFRpZXJyYSBkZSB1biBlbmVtaWdvLg==
192	coba-berry	QmF5YSBLb3ViYQ==	U2kgbGEgbGxldmEgdW4gUG9rw6ltb24sIGRlYmlsaXRhIHVuIGF0YXF1ZQpzdXBlcmVmaWNheiBkZSB0aXBvIFZvbGFkb3IgZGUgdW4gZW5lbWlnby4=
193	payapa-berry	QmF5YSBQYXlhcGE=	U2kgbGEgbGxldmEgdW4gUG9rw6ltb24sIGRlYmlsaXRhIHVuIGF0YXF1ZQpzdXBlcmVmaWNheiBkZSB0aXBvIFBzw61xdWljbyBkZSB1biBlbmVtaWdvLg==
194	tanga-berry	QmF5YSBZZWNhbmE=	U2kgbGEgbGxldmEgdW4gUG9rw6ltb24sIGRlYmlsaXRhIHVuIGF0YXF1ZQpzdXBlcmVmaWNheiBkZSB0aXBvIEJpY2hvIGRlIHVuIGVuZW1pZ28u
195	charti-berry	QmF5YSBBbGNobw==	U2kgbGEgbGxldmEgdW4gUG9rw6ltb24sIGRlYmlsaXRhIHVuIGF0YXF1ZQpzdXBlcmVmaWNheiBkZSB0aXBvIFJvY2EgZGUgdW4gZW5lbWlnby4=
196	kasib-berry	QmF5YSBEcmFzaQ==	U2kgbGEgbGxldmEgdW4gUG9rw6ltb24sIGRlYmlsaXRhIHVuIGF0YXF1ZQpzdXBlcmVmaWNheiBkZSB0aXBvIEZhbnRhc21hIGRlIHVuIGVuZW1pZ28u
197	haban-berry	QmF5YSBBbmppcm8=	U2kgbGEgbGxldmEgdW4gUG9rw6ltb24sIGRlYmlsaXRhIHVuIGF0YXF1ZQpzdXBlcmVmaWNheiBkZSB0aXBvIERyYWfDs24gZGUgdW4gZW5lbWlnby4=
198	colbur-berry	QmF5YSBEaWxsbw==	U2kgbGEgbGxldmEgdW4gUG9rw6ltb24sIGRlYmlsaXRhIHVuIGF0YXF1ZQpzdXBlcmVmaWNheiBkZSB0aXBvIFNpbmllc3RybyBkZSB1biBlbmVtaWdvLg==
199	babiri-berry	QmF5YSBCYXJpYsOh	U2kgbGEgbGxldmEgdW4gUG9rw6ltb24sIGRlYmlsaXRhIHVuIGF0YXF1ZQpzdXBlcmVmaWNheiBkZSB0aXBvIEFjZXJvIGRlIHVuIGVuZW1pZ28u
200	chilan-berry	QmF5YSBDaGlsYW4=	U2kgbGEgbGxldmEgdW4gUG9rw6ltb24sIGRlYmlsaXRhIHVuIGF0YXF1ZSBkZSB0aXBvCk5vcm1hbCBkZSB1biBlbmVtaWdvLg==
201	liechi-berry	QmF5YSBMaWNoaQ==	U2kgbGEgbGxldmEgdW4gUG9rw6ltb24sIGxlIHN1YmUgZWwgQXRhcXVlIGVuIHVuCm1vbWVudG8gZGUgYXB1cm8u
202	ganlon-berry	QmF5YSBHb25sYW4=	U2kgbGEgbGxldmEgdW4gUG9rw6ltb24sIGxlIHN1YmUgbGEgRGVmZW5zYSBlbiB1bgptb21lbnRvIGRlIGFwdXJvLg==
203	salac-berry	QmF5YSBBc2xhYw==	U2kgbGEgbGxldmEgdW4gUG9rw6ltb24sIGxlIHN1YmUgbGEgVmVsb2NpZGFkIGVuIHVuCm1vbWVudG8gZGUgYXB1cm8u
204	petaya-berry	QmF5YSBZYXBhdGk=	U2kgbGEgbGxldmEgdW4gUG9rw6ltb24sIGxlIHN1YmUgZWwgQXRhcXVlIEVzcGVjaWFsCmVuIHVuIG1vbWVudG8gZGUgYXB1cm8u
205	apicot-berry	QmF5YSBBcmljb2M=	U2kgbGEgbGxldmEgdW4gUG9rw6ltb24sIGxlIHN1YmUgbGEgRGVmZW5zYSBFc3BlY2lhbAplbiB1biBtb21lbnRvIGRlIGFwdXJvLg==
206	lansat-berry	QmF5YSBab25sYW4=	U2kgbGEgbGxldmEgdW4gUG9rw6ltb24sIGF1bWVudGEgbGEgcHJvYmFiaWxpZGFkCmRlIGRhciB1biBnb2xwZSBjcsOtdGljbyBlbiB1biBtb21lbnRvIGRlIGFwdXJvLg==
207	starf-berry	QmF5YSBBcmFib2w=	U2kgbGEgbGxldmEgdW4gUG9rw6ltb24sIGF1bWVudGEgbXVjaG8gdW5hCmNhcmFjdGVyw61zdGljYSBlbiB1biBtb21lbnRvIGRlIGFwdXJvLg==
208	enigma-berry	QmF5YSBFbmlnbWE=	UmVzdGF1cmEgbG9zIFBTIGRlIHVuIFBva8OpbW9uIHNpIGxhIGxsZXZhIGN1YW5kbwpsZSBhbGNhbnphIHVuIGF0YXF1ZSBzdXBlcmVmaWNhei4=
209	micle-berry	QmF5YSBMYWdybw==	Q3VhbmRvIGxhIGxsZXZhIHVuIFBva8OpbW9uLCBsZSBzdWJlIGxhIFByZWNpc2nDs24KZGUgdW4gbW92aW1pZW50byBlbiB1biBtb21lbnRvIGRlIGFwdXJvLg==
210	custap-berry	QmF5YSBDaGlyaQ==	RWwgUG9rw6ltb24gcXVlIGxhIGxsZXZhIHB1ZWRlIGFjdHVhciBlbiBwcmltZXIKbHVnYXIgdW5hIHZleiBjdWFuZG8gc2UgZW5jdWVudHJhIGVuIHVuIG1vbWVudG8KZGUgYXB1cm8u
211	jaboca-berry	QmF5YSBKYWJvY2E=	U2kgbGEgbGxldmEgdW4gUG9rw6ltb24gY3VhbmRvIG90cm8gbGFuemEgdW4gYXRhcXVlCmbDrXNpY28sIGVzdGUgw7psdGltbyB0YW1iacOpbiByZWNpYmUgZGHDsW8u
212	rowap-berry	QmF5YSBNYWd1YQ==	U2kgbGEgbGxldmEgdW4gUG9rw6ltb24gY3VhbmRvIG90cm8gbGFuemEgdW4gYXRhcXVlCmVzcGVjaWFsLCBlc3RlIMO6bHRpbW8gdGFtYmnDqW4gcmVjaWJlIGRhw7FvLg==
213	bright-powder	UG9sdm8gQnJpbGxv	TGFuemEgdW4gZGVzdGVsbG8gcXVlIGJhamEgbGEgUHJlY2lzacOzbiBkZWwKZW5lbWlnby4gRGViZSBsbGV2YXJsbyB1biBQb2vDqW1vbi4=
214	white-herb	SGllcmJhIEJsYW5jYQ==	UmVzdGF1cmEgY3VhbHF1aWVyIGNhcmFjdGVyw61zdGljYSByZWR1Y2lkYSBlbgpjb21iYXRlLiBTb2xvIHNlIHB1ZWRlIHVzYXIgdW5hIHZlei4gRGViZQpsbGV2YXJsYSB1biBQb2vDqW1vbi4=
215	macho-brace	QnJhemFsIEZpcm1l	U8OzbGlkbyB5IHBlc2FkbyBicmF6YWwuIEluY3JlbWVudGEgbcOhcyBsYXMKY2FyYWN0ZXLDrXN0aWNhcyBhbCBzdWJpciBkZSBuaXZlbCwgcGVybyBiYWphIGxhClZlbG9jaWRhZCBkZSBxdWllbiBsbyBsbGV2YS4=
216	exp-share	UmVwYXJ0aXIgRXhw	QWwgYWN0aXZhciBlbCBkaXNwb3NpdGl2bywgdG9kb3MgbG9zIFBva8OpbW9uIGRlCnR1IGVxdWlwbyBnYW5hbiBQdW50b3MgZGUgRXhwZXJpZW5jaWEgdHJhcyBsb3MKY29tYmF0ZXMsIGF1bnF1ZSBubyBzYWxnYW4gYSBsdWNoYXIu
217	quick-claw	R2FycmEgUsOhcGlkYQ==	R2FycmEgbGlnZXJhIHkgYWZpbGFkYSBxdWUgcGVybWl0ZSBxdWUgZWwgUG9rw6ltb24KcXVlIGxhIGxsZXZlIGF0YXF1ZSBhIHZlY2VzIGVsIHByaW1lcm8u
218	soothe-bell	Q2FzY2FiZWwgQWxpdmlv	VW5hIGNhbXBhbmEgY29uIHVuIHRhw7FpZG8gY2FsbWFudGUgcXVlCnJlY29uZm9ydGEgYWwgUG9rw6ltb24gcXVlIGxhIGxsZXZhIHkgbG8gdnVlbHZlCm3DoXMgYW1pc3Rvc28u
219	mental-herb	SGllcmJhIE1lbnRhbA==	RWwgUG9rw6ltb24gcXVlIGxhIGxsZXZhIHNlIGxpYmVyYSBkZWwgZWZlY3RvIGRlCm1vdmltaWVudG9zIHF1ZSByZXN0cmluZ2VuIHN1cyBhY2Npb25lcy4gU29sbwpwdWVkZSB1c2Fyc2UgdW5hIHZlei4=
220	choice-band	Q2ludGEgRWxlY2Npw7Nu	QXVtZW50YSBsYSBwb3RlbmNpYSBkZSBsb3MgYXRhcXVlcyBmw61zaWNvcyBkZWwKUG9rw6ltb24gcXVlIGxhIGxsZXZhLCBwZXJvIHNvbG8gbGUgcGVybWl0ZSB1c2FyCnVuIG1vdmltaWVudG8u
221	kings-rock	Um9jYSBkZWwgUmV5	RWwgUG9rw6ltb24gcXVlIGxhIGxsZXZhIHB1ZWRlIGhhY2VyIHJldHJvY2VkZXIgYWwKUG9rw6ltb24gYWwgcXVlIGxlIGluZmxpZ2UgZGHDsW8u
222	silver-powder	UG9sdm8gUGxhdGE=	UG9sdm8gZGUgYnJpbGxvIGFyZ8OpbnRlbyBxdWUgZm9ydGFsZWNlIGxvcyBhdGFxdWVzCmRlIHRpcG8gQmljaG8uIERlYmUgbGxldmFybG8gdW4gUG9rw6ltb24u
223	amulet-coin	TW9uZWRhIEFtdWxldG8=	U2kgZWwgUG9rw6ltb24gcXVlIGxhIGxsZXZhIGx1Y2hhIGVuIHVuIGNvbWJhdGUsCmR1cGxpY2EgbGFzIGdhbmFuY2lhcy4=
224	cleanse-tag	QW11bGV0bw==	U2kgbG8gbGxldmEgZWwgcHJpbWVyIFBva8OpbW9uIGRlbCBlcXVpcG8sIHNlIHJlZHVjZQpsYSBwcm9iYWJpbGlkYWQgZGUgcXVlIHNlIGFjZXJxdWVuIFBva8OpbW9uCnNhbHZhamVzLg==
225	soul-dew	Um9jw61vIEJvbmRhZA==	VW4gb3JiZSBmYW50w6FzdGljbyBxdWUgZGViZSBsbGV2YXIgTGF0aW9zIG8gTGF0aWFzLgpQb3RlbmNpYSBsb3MgbW92aW1pZW50b3MgZGUgdGlwbyBQc8OtcXVpY28geSBEcmFnw7NuLg==
226	deep-sea-tooth	RGllbnRlIE1hcmlubw==	VGllbmUgZWwgYnJpbGxvIGFmaWxhZG8gZGUgbGEgcGxhdGEgeSBkZWJlIGxsZXZhcmxvCkNsYW1wZXJsLiBTdWJlIGVsIEF0YXF1ZSBFc3BlY2lhbC4=
227	deep-sea-scale	RXNjYW1hIE1hcmluYQ==	VGllbmUgdW4gZMOpYmlsIGJyaWxsbyByb3NhZG8geSBkZWJlIGxsZXZhcmxhCkNsYW1wZXJsLiBTdWJlIGxhIERlZmVuc2EgRXNwZWNpYWwu
228	smoke-ball	Qm9sYSBkZSBIdW1v	RGViZSBsbGV2YXJsYSB1biBQb2vDqW1vbi4gUGVybWl0ZSBodWlyIHNpZW1wcmUKZGUgY29tYmF0ZXMgY29udHJhIFBva8OpbW9uIHNhbHZhamVzLg==
229	everstone	UGllZHJhIEV0ZXJuYQ==	RWwgUG9rw6ltb24gcXVlIGxsZXZhIGVzdGEgcGllZHJhIG3DoWdpY2Egbm8KZXZvbHVjaW9uYS4=
230	focus-band	Q2ludGEgQWd1YW50ZQ==	RWwgUG9rw6ltb24gcXVlIGxhIGxsZXZhIHB1ZWRlIHJlc2lzdGlyIHVuIGdvbHBlCnF1ZSBwb3RlbmNpYWxtZW50ZSBsbyBkZWphcsOtYSBLLiBPLiB5IHNlIHF1ZWRhCmNvbiAxIFBTLg==
231	lucky-egg	SHVldm8gU3VlcnRl	RXMgdW4gaHVldm8gbGxlbm8gZGUgZmVsaWNpZGFkIHF1ZSB0ZSBoYWNlIGdhbmFyClB1bnRvcyBkZSBFeHBlcmllbmNpYSBleHRyYSBlbiBjb21iYXRlLiBEZWJlCmxsZXZhcmxvIHVuIFBva8OpbW9uLg==
232	scope-lens	UGVyaXNjb3Bpbw==	U3UgbGVudGUgYXVtZW50YSBsYSBwcm9iYWJpbGlkYWQgcXVlIHRpZW5lIGVsClBva8OpbW9uIHF1ZSBsbyBsbGV2YSBkZSBjb25zZWd1aXIgdW4gZ29scGUKY3LDrXRpY28u
233	metal-coat	UmV2ZXN0LiBNZXTDoWxpY28=	UGVsw61jdWxhIG1ldMOhbGljYSBxdWUgZm9ydGFsZWNlIGxvcyBhdGFxdWVzIGRlCnRpcG8gQWNlcm8uIERlYmUgbGxldmFybG8gdW4gUG9rw6ltb24u
234	leftovers	UmVzdG9z	RXN0ZSBvYmpldG8gcmVzdGF1cmEgZ3JhZHVhbG1lbnRlIGR1cmFudGUgZWwKY29tYmF0ZSBsb3MgUFMgZGVsIFBva8OpbW9uIHF1ZSBsbyBsbGV2YS4=
235	dragon-scale	RXNjYW1hIERyYWfDs24=	VW5hIGdydWVzYSB5IHJlc2lzdGVudGUgZXNjYW1hIHF1ZSBwdWVkZW4KbGxldmFyIGxvcyBQb2vDqW1vbiBkZSB0aXBvIERyYWfDs24gY3VhbmRvIHNvbgpjYXB0dXJhZG9zLg==
236	light-ball	Qm9sYSBMdW1pbm9zYQ==	QXNvbWJyb3NhIGVzZmVyYSBxdWUgZGViZSBsbGV2YXIgUGlrYWNodSB5IHF1ZQphdW1lbnRhIHN1IEF0YXF1ZSB5IHN1IEF0YXF1ZSBFc3BlY2lhbC4=
237	soft-sand	QXJlbmEgRmluYQ==	RGViZSBsbGV2YXJsYSB1biBQb2vDqW1vbi4gTGEgc3VhdmlkYWQgZGUgbGEgYXJlbmEKZm9ydGFsZWNlIGxvcyBtb3ZpbWllbnRvcyBkZSB0aXBvIFRpZXJyYS4=
238	hard-stone	UGllZHJhIER1cmE=	RGViZSBsbGV2YXJsYSB1biBQb2vDqW1vbi4gTGEgcm9idXN0ZXogZGUgbGEgcGllZHJhCmZvcnRhbGVjZSBsb3MgbW92aW1pZW50b3MgZGUgdGlwbyBSb2NhLg==
239	miracle-seed	U2VtaWxsYSBNaWxhZ3Jv	RGViZSBsbGV2YXJsYSB1biBQb2vDqW1vbi4gTGEgdml0YWxpZGFkIGRlIGxhIHNlbWlsbGEKZm9ydGFsZWNlIGxvcyBtb3ZpbWllbnRvcyBkZSB0aXBvIFBsYW50YS4=
240	black-glasses	R2FmYXMgZGUgU29s	RGViZSBsbGV2YXJsYXMgdW4gUG9rw6ltb24uIEZvcnRhbGVjZW4gbG9zCm1vdmltaWVudG9zIGRlIHRpcG8gU2luaWVzdHJvLg==
241	black-belt	Q2ludHVyw7NuIE5lZ3Jv	RGViZSBsbGV2YXJsbyB1biBQb2vDqW1vbi4gQXVtZW50YSBsYQpjb25jZW50cmFjacOzbiB5IGZvcnRhbGVjZSBsb3MgbW92aW1pZW50b3MKZGUgdGlwbyBMdWNoYS4=
242	magnet	SW3DoW4=	RGViZSBsbGV2YXJsbyB1biBQb2vDqW1vbi4gU3UgcG90ZW50ZSBtYWduZXRpc21vCmZvcnRhbGVjZSBsb3MgbW92aW1pZW50b3MgZGUgdGlwbyBFbMOpY3RyaWNvLg==
243	mystic-water	QWd1YSBNw61zdGljYQ==	R2VtYSBjb24gZm9ybWEgZGUgZ290YSBkZSBhZ3VhIHF1ZSBmb3J0YWxlY2UKbG9zIG1vdmltaWVudG9zIGRlIHRpcG8gQWd1YS4gRGViZSBsbGV2YXJsYSB1bgpQb2vDqW1vbi4=
244	sharp-beak	UGljbyBBZmlsYWRv	UGljbyBsYXJnbyB5IGFmaWxhZG8gcXVlIGF1bWVudGEgbGEgcG90ZW5jaWEgZGUKbG9zIG1vdmltaWVudG9zIGRlIHRpcG8gVm9sYWRvci4gRGViZSBsbGV2YXJsbyB1bgpQb2vDqW1vbi4=
245	poison-barb	RmxlY2hhIFZlbmVub3Nh	RmxlY2hhIHZlbmVub3NhIHF1ZSByZWZ1ZXJ6YSBsb3MgbW92aW1pZW50b3MgZGUKdGlwbyBWZW5lbm8uIERlYmUgbGxldmFybGEgdW4gUG9rw6ltb24u
246	never-melt-ice	SGllbG8gUGVycGV0dW8=	RnJhZ21lbnRvIGRlIGhpZWxvIHF1ZSByZXBlbGUgZWwgY2Fsb3IgeSBmb3J0YWxlY2UKbG9zIG1vdmltaWVudG9zIGRlIHRpcG8gSGllbG8uIERlYmUgbGxldmFybG8gdW4KUG9rw6ltb24u
247	spell-tag	SGVjaGl6bw==	TWlzdGVyaW9zbyB5IHNpbmllc3RybyBvYmpldG8gcXVlIHBvdGVuY2lhIGxvcwptb3ZpbWllbnRvcyBkZSB0aXBvIEZhbnRhc21hLiBEZWJlIGxsZXZhcmxvIHVuClBva8OpbW9uLg==
248	twisted-spoon	Q3VjaGFyYSBUb3JjaWRh	Q3VjaGFyYSBpbWJ1aWRhIGRlIGVuZXJnw61hIHRlbGVxdWluw6l0aWNhIHF1ZQpwb3RlbmNpYSBsb3MgbW92aW1pZW50b3MgZGUgdGlwbyBQc8OtcXVpY28uCkRlYmUgbGxldmFybGEgdW4gUG9rw6ltb24u
249	charcoal	Q2FyYsOzbg==	QWN0w7phIGNvbW8gY29tYnVzdGlibGUgeSBwb3RlbmNpYSBsb3MKbW92aW1pZW50b3MgZGUgdGlwbyBGdWVnby4gRGViZSBsbGV2YXJsbwp1biBQb2vDqW1vbi4=
250	dragon-fang	Q29sbWlsbG8gZGUgRHJhZ8Ozbg==	Q29sbWlsbG8gZGUgZ3JhbiBkdXJlemEgcXVlIHJlZnVlcnphIGxvcwptb3ZpbWllbnRvcyBkZSB0aXBvIERyYWfDs24uIERlYmUgbGxldmFybG8KdW4gUG9rw6ltb24u
251	silk-scarf	UGHDsXVlbG8gZGUgU2VkYQ==	TGEgZGVsaWNhZGV6YSBkZWwgcGHDsXVlbG8gZm9ydGFsZWNlIGxvcwptb3ZpbWllbnRvcyBkZSB0aXBvIE5vcm1hbC4gRGViZSBsbGV2YXJsbwp1biBQb2vDqW1vbi4=
252	up-grade	TWVqb3Jh	UGVjdWxpYXIgZGlzcG9zaXRpdm8gZmFicmljYWRvIGVuIFNpbHBoIFMuIEEuIHF1ZQpjb250aWVuZSB0b2RvIHRpcG8gZGUgZGF0b3Mu
253	shell-bell	Q2FzY2FiZWwgQ29uY2hh	RGViZSBsbGV2YXJsYSB1biBQb2vDqW1vbi4gQ2FkYSB2ZXogcXVlIGVzdGUKaW5mbGlnZSBkYcOxbywgcmVjdXBlcmEgYWxndW5vcyBQUy4=
254	sea-incense	SW5jaWVuc28gTWFyaW5v	VGllbmUgdW4gY3VyaW9zbyBhcm9tYSBxdWUgcG90ZW5jaWEgbG9zCm1vdmltaWVudG9zIGRlIHRpcG8gQWd1YS4gRGViZSBsbGV2YXJsbyB1bgpQb2vDqW1vbi4=
255	lax-incense	SW5jaWVuc28gU3VhdmU=	RGViZSBsbGV2YXJsbyB1biBQb2vDqW1vbi4gU3UgcGVjdWxpYXIgYXJvbWEKcmVkdWNlIGxhIFByZWNpc2nDs24gZGVsIG9iamV0aXZvLg==
256	lucky-punch	UHXDsW8gU3VlcnRl	VW4gcGFyIGRlIGd1YW50ZXMgcXVlIGRlYmUgbGxldmFyIENoYW5zZXkuClBvdGVuY2lhbiBtdWNobyBzdSDDrW5kaWNlIGRlIGdvbHBlIGNyw610aWNvLg==
257	metal-powder	UG9sdm8gTWV0w6FsaWNv	RGViZSBsbGV2YXJsbyBEaXR0by4gRXMgdW4gcG9sdm8gbXV5IGZpbm8sIHBlcm8gYQpsYSB2ZXogcG9kZXJvc28sIHF1ZSBhdW1lbnRhIHN1IERlZmVuc2Eu
258	thick-club	SHVlc28gR3J1ZXNv	VW4gZXh0cmHDsW8gdGlwbyBkZSBodWVzbyBxdWUgcG90ZW5jaWEgbG9zCmF0YXF1ZXMgZsOtc2ljb3MgZGUgQ3Vib25lIHkgTWFyb3dhayBjdWFuZG8KbG8gbGxldmFuLg==
259	stick	UHVlcnJv	RXMgdW4gcHVlcnJvIG11eSBsYXJnbyBxdWUgZGViZSBsbGV2YXIgRmFyZmV0Y2jigJlkLgpBdW1lbnRhIG11Y2hvIGxhIHByb2JhYmlsaWRhZCBkZSBxdWUgbG9ncmUgdW4KZ29scGUgY3LDrXRpY28u
260	red-scarf	UGHDsXVlbG8gUm9qbw==	RGViZSBsbGV2YXJsbyB1biBQb2vDqW1vbi4gQXVtZW50YSBlbCBjYXJpc21hCmVuIGxvcyBjb25jdXJzb3Mu
261	blue-scarf	UGHDsXVlbG8gQXp1bA==	RGViZSBsbGV2YXJsbyB1biBQb2vDqW1vbi4gQXVtZW50YSBsYSBiZWxsZXphIGVuCmxvcyBjb25jdXJzb3Mu
262	pink-scarf	UGHDsXVlbG8gUm9zYQ==	RGViZSBsbGV2YXJsbyB1biBQb2vDqW1vbi4gQXVtZW50YSBsYSBkdWx6dXJhIGVuCmxvcyBjb25jdXJzb3Mu
263	green-scarf	UGHDsXVlbG8gVmVyZGU=	RGViZSBsbGV2YXJsbyB1biBQb2vDqW1vbi4gQXVtZW50YSBlbCBpbmdlbmlvIGVuCmxvcyBjb25jdXJzb3Mu
264	yellow-scarf	UGHDsXVlbG8gQW1hcmlsbG8=	RGViZSBsbGV2YXJsbyB1biBQb2vDqW1vbi4gQXVtZW50YSBsYSBkdXJlemEgZW4KbG9zIGNvbmN1cnNvcy4=
265	wide-lens	THVwYQ==	RGViZSBsbGV2YXJsYSB1biBQb2vDqW1vbi4gQXVtZW50YSBsaWdlcmFtZW50ZQpsYSBwcmVjaXNpw7NuIGRlIGxvcyBtb3ZpbWllbnRvcy4=
266	muscle-band	Q2ludGEgRnVlcnRl	Q2ludGEgZGVsIHBlbG8gcXVlIGF1bWVudGEgbGlnZXJhbWVudGUgbGEgcG90ZW5jaWEKZGUgbG9zIGF0YXF1ZXMgZsOtc2ljb3MuIERlYmUgbGxldmFybGEgdW4gUG9rw6ltb24u
267	wise-glasses	R2FmYXMgRXNwZWNpYWxlcw==	UG90ZW5jaWFuIGxpZ2VyYW1lbnRlIGxvcyBhdGFxdWVzIGVzcGVjaWFsZXMuCkRlYmUgbGxldmFybGFzIHVuIFBva8OpbW9uLg==
268	expert-belt	Q2ludGEgRXhwZXJ0bw==	UG90ZW5jaWEgbGlnZXJhbWVudGUgbG9zIG1vdmltaWVudG9zCnN1cGVyZWZpY2FjZXMuIERlYmUgbGxldmFybGEgdW4gUG9rw6ltb24u
269	light-clay	UmVmbGVsdXo=	UHJvbG9uZ2EgbGEgZHVyYWNpw7NuIGRlIGJhcnJlcmFzIGNvbW8gUmVmbGVqbyB5ClBhbnRhbGxhIGRlIEx1ei4gRGViZSBsbGV2YXJsYSB1biBQb2vDqW1vbi4=
270	life-orb	VmlkYXNmZXJh	UG90ZW5jaWEgbG9zIG1vdmltaWVudG9zLCBwZXJvIGNvbnN1bWUgUFMgY29uCmNhZGEgYXRhcXVlLiBEZWJlIGxsZXZhcmxhIHVuIFBva8OpbW9uLg==
271	power-herb	SGllcmJhIMOabmljYQ==	UGVybWl0ZSBlbCB1c28gaW5tZWRpYXRvIGRlIGN1YWxxdWllciBtb3ZpbWllbnRvCmVuIGVsIHByaW1lciB0dXJuby4gRXMgZGUgdW4gc29sbyB1c28geSBkZWJlCmxsZXZhcmxhIHVuIFBva8OpbW9uLg==
272	toxic-orb	VG94aXNmZXJh	RXh0cmHDsWEgZXNmZXJhIHF1ZSBlbnZlbmVuYSBncmF2ZW1lbnRlIGFsClBva8OpbW9uIHF1ZSBsYSBsbGV2YSBlbiBjb21iYXRlLg==
273	flame-orb	TGxhbWFzZmVyYQ==	RXh0cmHDsWEgZXNmZXJhIHF1ZSBjYXVzYSBxdWVtYWR1cmFzIGFsIFBva8OpbW9uCnF1ZSBsYSBsbGV2YSBlbiBjb21iYXRlLg==
274	quick-powder	UG9sdm8gVmVsb3o=	RGViZSBsbGV2YXJsbyBEaXR0by4gRXMgdW4gcG9sdm8gbXV5IGZpbm8sIHBlcm8KYSBsYSB2ZXogcG9kZXJvc28sIHF1ZSBhdW1lbnRhIHN1IFZlbG9jaWRhZC4=
275	focus-sash	QmFuZGEgQWd1YW50ZQ==	U2kgZWwgUG9rw6ltb24gcXVlIGxhIGxsZXZhIHRpZW5lIGxvcyBQUyBhbCBtw6F4aW1vLApwdWVkZSByZXNpc3RpciB1biBnb2xwZSBxdWUgbG8gZGVqYXLDrWEgSy4gTy4geSBzZQpxdWVkYSBjb24gMSBQUy4=
276	zoom-lens	VGVsZXNjb3Bpbw==	RGViZSBsbGV2YXJsbyB1biBQb2vDqW1vbi4gU2kgc2UgbXVldmUgZGVzcHXDqXMKZGVsIGVuZW1pZ28sIGF1bWVudGEgbGEgUHJlY2lzacOzbiBkZWwgUG9rw6ltb24u
277	metronome	TWV0csOzbm9tbw==	UG90ZW5jaWEgdW4gbW92aW1pZW50byBxdWUgc2UgdXNlIGRlIGZvcm1hCmNvbnNlY3V0aXZhLiBQZXJvIGVsIGVmZWN0byBzZSBwaWVyZGUgc2kgc2UKZW1wbGVhIG90cm8gbW92aW1pZW50by4=
278	iron-ball	Qm9sYSBGw6lycmVh	UmVkdWNlIGxhIFZlbG9jaWRhZC4gTG9zIFBva8OpbW9uIHF1ZSBsZXZpdGFuIHkKbG9zIGRlIHRpcG8gVm9sYWRvciBzZSB0b3JuYW4gc2Vuc2libGVzIGEKbW92aW1pZW50b3MgZGUgdGlwbyBUaWVycmEu
279	lagging-tail	Q29sYSBQbMO6bWJlYQ==	RXMgbXV5IHBlc2FkYSB5IGhhY2UgcXVlIGVsIFBva8OpbW9uIHF1ZSBsYQpsbGV2YSBzZSBtdWV2YSBtw6FzIGxlbnRvIGRlIGxvIG5vcm1hbC4=
280	destiny-knot	TGF6byBEZXN0aW5v	VW4gaGlsbyBsYXJnbyB5IGRlbGdhZG8gZGUgY29sb3Igcm9qbyBxdWUgdHJhbnNtaXRlCmVsIGVuYW1vcmFtaWVudG8gZGVsIFBva8OpbW9uIHF1ZSBsbyBsbGV2YSBhIHN1Cm9iamV0aXZvLg==
281	black-sludge	TG9kbyBOZWdybw==	UmVzdGF1cmEgZ3JhZHVhbG1lbnRlIGxvcyBQUyBkZSBsb3MgUG9rw6ltb24gZGUKdGlwbyBWZW5lbm8geSBkYcOxYSBhIHRvZG9zIGxvcyBkZW3DoXMu
282	icy-rock	Um9jYSBIZWxhZGE=	UHJvbG9uZ2EgbGEgZHVyYWNpw7NuIGRlbCBtb3ZpbWllbnRvIEdyYW5pem8gcXVlCnVzZSBlbCBQb2vDqW1vbiBxdWUgbGEgbGxldmEu
283	smooth-rock	Um9jYSBTdWF2ZQ==	UHJvbG9uZ2EgbGEgZHVyYWNpw7NuIGRlbCBtb3ZpbWllbnRvIFRvcm1lbnRhIGRlCkFyZW5hIHF1ZSB1c2UgZWwgUG9rw6ltb24gcXVlIGxhIGxsZXZhLg==
284	heat-rock	Um9jYSBDYWxvcg==	UHJvbG9uZ2EgbGEgZHVyYWNpw7NuIGRlbCBtb3ZpbWllbnRvIETDrWEgU29sZWFkbwpxdWUgdXNlIGVsIFBva8OpbW9uIHF1ZSBsYSBsbGV2YS4=
285	damp-rock	Um9jYSBMbHV2aWE=	UHJvbG9uZ2EgbGEgZHVyYWNpw7NuIGRlbCBtb3ZpbWllbnRvIERhbnphIExsdXZpYQpxdWUgdXNlIGVsIFBva8OpbW9uIHF1ZSBsYSBsbGV2YS4=
286	grip-claw	R2FycmEgR2FyZmlv	UHJvbG9uZ2EgbGEgZHVyYWNpw7NuIGRlIGF0YXF1ZXMgbXVsdGl0dXJubyBjb21vCkF0YWR1cmEgeSBDb25zdHJpY2Npw7NuIHNpIGxhIGxsZXZhIHVuIFBva8OpbW9uLg==
287	choice-scarf	UGHDsXVlbG8gRWxlY2Npw7Nu	RGViZSBsbGV2YXJsbyB1biBQb2vDqW1vbi4gUG90ZW5jaWEgbGEgVmVsb2NpZGFkLApwZXJvIHNvbG8gcGVybWl0ZSB1c2FyIHVuIG1vdmltaWVudG8u
288	sticky-barb	VG94aWVzdHJlbGxh	RGHDsWEgZW4gY2FkYSB0dXJubyBhbCBQb2vDqW1vbiBxdWUgbGEgbGxldmEuIFB1ZWRlCmFkaGVyaXJzZSBhbCBQb2vDqW1vbiBxdWUgYWxjYW5jZSBjb24gc3UgYXRhcXVlCmFsIHBvcnRhZG9yLg==
289	power-bracer	QnJhemFsIFJlY2lv	UG90ZW5jaWEgZWwgQXRhcXVlIGRlIGJhc2UsIHBlcm8gcmVkdWNlIGxhClZlbG9jaWRhZCBlbiBjb21iYXRlLiBEZWJlIGxsZXZhcmxvIHVuIFBva8OpbW9uLg==
290	power-belt	Q2ludG8gUmVjaW8=	UG90ZW5jaWEgbGEgRGVmZW5zYSBkZSBiYXNlLCBwZXJvIHJlZHVjZSBsYQpWZWxvY2lkYWQgZW4gY29tYmF0ZS4gRGViZSBsbGV2YXJsbyB1biBQb2vDqW1vbi4=
291	power-lens	TGVudGUgUmVjaWE=	UG90ZW5jaWEgZWwgQXRhcXVlIEVzcGVjaWFsIGRlIGJhc2UsIHBlcm8gcmVkdWNlCmxhIFZlbG9jaWRhZCBlbiBjb21iYXRlLiBEZWJlIGxsZXZhcmxhIHVuClBva8OpbW9uLg==
292	power-band	QmFuZGEgUmVjaWE=	UG90ZW5jaWEgbGEgRGVmZW5zYSBFc3BlY2lhbCBkZSBiYXNlLCBwZXJvCnJlZHVjZSBsYSBWZWxvY2lkYWQgZW4gY29tYmF0ZS4gRGViZSBsbGV2YXJsYQp1biBQb2vDqW1vbi4=
293	power-anklet	RnJhbmphIFJlY2lh	UG90ZW5jaWEgbGEgVmVsb2NpZGFkIGRlIGJhc2UsIHBlcm8gcmVkdWNlIGxhClZlbG9jaWRhZCBlbiBjb21iYXRlLiBEZWJlIGxsZXZhcmxhIHVuIFBva8OpbW9uLg==
294	power-weight	UGVzYSBSZWNpYQ==	TWVqb3JhIGxvcyBQUyBkZSBiYXNlLCBwZXJvIHJlZHVjZSBsYSBWZWxvY2lkYWQKZW4gY29tYmF0ZS4gRGViZSBsbGV2YXJsYSB1biBQb2vDqW1vbi4=
295	shed-shell	TXVkYSBDb25jaGE=	RW4gY29tYmF0ZSwgZXN0YSBjb25jaGEgZGVzZWNoYWRhIHNpcnZlIHBhcmEKcXVlIHVuIFBva8OpbW9uIHNlIGNhbWJpZSBwb3Igb3RybyBxdWUgbm8gZXN0w6kKY29tYmF0aWVuZG8u
296	big-root	UmHDrXogR3JhbmRl	RWwgUG9rw6ltb24gcXVlIGxhIGxsZXZhIHJlY3VwZXJhIG3DoXMgUFMgYWwgdXNhcgptb3ZpbWllbnRvcyBxdWUgZHJlbmFuIGFsIG9iamV0aXZvLg==
297	choice-specs	R2FmYXMgRWxlY2Npw7Nu	QXVtZW50YW4gbGEgcG90ZW5jaWEgZGUgbG9zIGF0YXF1ZXMgZXNwZWNpYWxlcwpkZWwgUG9rw6ltb24gcXVlIGxhcyBsbGV2YSwgcGVybyBzb2xvIGxlIHBlcm1pdGVuCnVzYXIgdW4gbW92aW1pZW50by4=
298	flame-plate	VGFibGEgTGxhbWE=	VGFibGEgZGUgcGllZHJhIHF1ZSBwb3RlbmNpYSBsb3MgbW92aW1pZW50b3MgZGUKdGlwbyBGdWVnby4gRGViZSBsbGV2YXJsYSB1biBQb2vDqW1vbi4=
299	splash-plate	VGFibGEgTGluZmE=	VGFibGEgZGUgcGllZHJhIHF1ZSBwb3RlbmNpYSBsb3MgbW92aW1pZW50b3MgZGUKdGlwbyBBZ3VhLiBEZWJlIGxsZXZhcmxhIHVuIFBva8OpbW9uLg==
300	zap-plate	VGFibGEgVHJ1ZW5v	VGFibGEgZGUgcGllZHJhIHF1ZSBwb3RlbmNpYSBsb3MgbW92aW1pZW50b3MgZGUKdGlwbyBFbMOpY3RyaWNvLiBEZWJlIGxsZXZhcmxhIHVuIFBva8OpbW9uLg==
301	meadow-plate	VGFibGEgUHJhZGFs	VGFibGEgZGUgcGllZHJhIHF1ZSBwb3RlbmNpYSBsb3MgbW92aW1pZW50b3MgZGUKdGlwbyBQbGFudGEuIERlYmUgbGxldmFybGEgdW4gUG9rw6ltb24u
302	icicle-plate	VGFibGEgSGVsYWRh	VGFibGEgZGUgcGllZHJhIHF1ZSBwb3RlbmNpYSBsb3MgbW92aW1pZW50b3MgZGUKdGlwbyBIaWVsby4gRGViZSBsbGV2YXJsYSB1biBQb2vDqW1vbi4=
303	fist-plate	VGFibGEgRnVlcnRl	VGFibGEgZGUgcGllZHJhIHF1ZSBwb3RlbmNpYSBsb3MgbW92aW1pZW50b3MgZGUKdGlwbyBMdWNoYS4gRGViZSBsbGV2YXJsYSB1biBQb2vDqW1vbi4=
304	toxic-plate	VGFibGEgVMOzeGljYQ==	VGFibGEgZGUgcGllZHJhIHF1ZSBwb3RlbmNpYSBsb3MgbW92aW1pZW50b3MgZGUKdGlwbyBWZW5lbm8uIERlYmUgbGxldmFybGEgdW4gUG9rw6ltb24u
305	earth-plate	VGFibGEgVGVycmF4	VGFibGEgZGUgcGllZHJhIHF1ZSBwb3RlbmNpYSBsb3MgbW92aW1pZW50b3MgZGUKdGlwbyBUaWVycmEuIERlYmUgbGxldmFybGEgdW4gUG9rw6ltb24u
306	sky-plate	VGFibGEgQ2llbG8=	VGFibGEgZGUgcGllZHJhIHF1ZSBwb3RlbmNpYSBsb3MgbW92aW1pZW50b3MgZGUKdGlwbyBWb2xhZG9yLiBEZWJlIGxsZXZhcmxhIHVuIFBva8OpbW9uLg==
307	mind-plate	VGFibGEgTWVudGFs	VGFibGEgZGUgcGllZHJhIHF1ZSBwb3RlbmNpYSBsb3MgbW92aW1pZW50b3MgZGUKdGlwbyBQc8OtcXVpY28uIERlYmUgbGxldmFybGEgdW4gUG9rw6ltb24u
308	insect-plate	VGFibGEgQmljaG8=	VGFibGEgZGUgcGllZHJhIHF1ZSBwb3RlbmNpYSBsb3MgbW92aW1pZW50b3MgZGUKdGlwbyBCaWNoby4gRGViZSBsbGV2YXJsYSB1biBQb2vDqW1vbi4=
309	stone-plate	VGFibGEgUMOpdHJlYQ==	VGFibGEgZGUgcGllZHJhIHF1ZSBwb3RlbmNpYSBsb3MgbW92aW1pZW50b3MgZGUKdGlwbyBSb2NhLiBEZWJlIGxsZXZhcmxhIHVuIFBva8OpbW9uLg==
310	spooky-plate	VGFibGEgVGVycm9y	VGFibGEgZGUgcGllZHJhIHF1ZSBwb3RlbmNpYSBsb3MgbW92aW1pZW50b3MgZGUKdGlwbyBGYW50YXNtYS4gRGViZSBsbGV2YXJsYSB1biBQb2vDqW1vbi4=
311	draco-plate	VGFibGEgRHJhY28=	VGFibGEgZGUgcGllZHJhIHF1ZSBwb3RlbmNpYSBsb3MgbW92aW1pZW50b3MgZGUKdGlwbyBEcmFnw7NuLiBEZWJlIGxsZXZhcmxhIHVuIFBva8OpbW9uLg==
312	dread-plate	VGFibGEgT3NjdXJh	VGFibGEgZGUgcGllZHJhIHF1ZSBwb3RlbmNpYSBsb3MgbW92aW1pZW50b3MgZGUKdGlwbyBTaW5pZXN0cm8uIERlYmUgbGxldmFybGEgdW4gUG9rw6ltb24u
313	iron-plate	VGFibGEgQWNlcm8=	VGFibGEgZGUgcGllZHJhIHF1ZSBwb3RlbmNpYSBsb3MgbW92aW1pZW50b3MgZGUKdGlwbyBBY2Vyby4gRGViZSBsbGV2YXJsYSB1biBQb2vDqW1vbi4=
314	odd-incense	SW5jaWVuc28gUmFybw==	SW5jaWVuc28gZGUgZXjDs3RpY28gYXJvbWEgcXVlIGZvcnRhbGVjZSBsb3MKbW92aW1pZW50b3MgZGUgdGlwbyBQc8OtcXVpY28uIERlYmUgbGxldmFybG8gdW4KUG9rw6ltb24u
315	rock-incense	SW5jaWVuc28gUm9jYQ==	SW5jaWVuc28gZGUgZXjDs3RpY28gYXJvbWEgcXVlIGZvcnRhbGVjZSBsb3MKbW92aW1pZW50b3MgZGUgdGlwbyBSb2NhLiBEZWJlIGxsZXZhcmxvIHVuClBva8OpbW9uLg==
316	full-incense	SW5jaWVuc28gTGVudG8=	SW5jaWVuc28gZGUgZXjDs3RpY28gYXJvbWEgcXVlIGhhY2UgcXVlIGVsClBva8OpbW9uIHF1ZSBsbyBsbGV2ZSBlc3TDqSBhdHVyZGlkbyB5IHNlIG11ZXZhCm3DoXMgZGVzcGFjaW8u
317	wave-incense	SW5jaWVuc28gQWN1YQ==	VGllbmUgdW4gY3VyaW9zbyBhcm9tYSBxdWUgcG90ZW5jaWEgbG9zCm1vdmltaWVudG9zIGRlIHRpcG8gQWd1YS4gRGViZSBsbGV2YXJsbyB1bgpQb2vDqW1vbi4=
318	rose-incense	SW5jaWVuc28gRmxvcmFs	SW5jaWVuc28gZGUgZXjDs3RpY28gYXJvbWEgcXVlIGZvcnRhbGVjZSBsb3MKbW92aW1pZW50b3MgZGUgdGlwbyBQbGFudGEuIERlYmUgbGxldmFybG8gdW4KUG9rw6ltb24u
319	luck-incense	SW5jaWVuc28gRHVwbG8=	U2kgZWwgUG9rw6ltb24gcXVlIGxvIGxsZXZhIGx1Y2hhIGVuIHVuIGNvbWJhdGUsCmR1cGxpY2EgbGFzIGdhbmFuY2lhcy4=
320	pure-incense	SW5jaWVuc28gUHVybw==	U2kgbG8gbGxldmEgZWwgcHJpbWVyIFBva8OpbW9uIGRlbCBlcXVpcG8sIHNlIHJlZHVjZQpsYSBwcm9iYWJpbGlkYWQgZGUgcXVlIHNlIGFjZXJxdWVuIFBva8OpbW9uCnNhbHZhamVzLg==
321	protector	UHJvdGVjdG9y	RGlzcG9zaXRpdm8gZGUgcHJvdGVjY2nDs24gbXV5IHBlc2Fkby4gQ2llcnRvClBva8OpbW9uIGxvIGFkb3JhLg==
322	electirizer	RWxlY3RyaXphZG9y	RXN0ZSBkaXNwb3NpdGl2byBjb250aWVuZSB1bmEgZ3JhbiBjYW50aWRhZCBkZQplbmVyZ8OtYSBlbMOpY3RyaWNhLiBDaWVydG8gUG9rw6ltb24gbG8gYWRvcmEu
323	magmarizer	TWFnbWF0aXphZG9y	RXN0YSBjYWphIGNvbnRpZW5lIHVuYSBlbm9ybWUgY2FudGlkYWQgZGUgZW5lcmfDrWEKbWFnbcOhdGljYS4gQ2llcnRvIFBva8OpbW9uIGxhIGFkb3JhLg==
324	dubious-disc	RGlzY28gRXh0cmHDsW8=	RGlzcG9zaXRpdm8gdHJhbnNwYXJlbnRlIHF1ZSBjb250aWVuZSBkYXRvcwptaXN0ZXJpb3Nvcy4gRXMgZGUgZmFicmljYW50ZSBkZXNjb25vY2lkby4=
325	reaper-cloth	VGVsYSBUZXJyaWJsZQ==	VGVsYSBpbWJ1aWRhIGRlIHVuYSBlbmVyZ8OtYSBlc3Bpcml0dWFsIG11eSBwb3RlbnRlLgpDaWVydG8gUG9rw6ltb24gbGEgYWRvcmEu
326	razor-claw	R2FycmEgQWZpbGFkYQ==	QXVtZW50YSBsYSBwcm9iYWJpbGlkYWQgZGUgcXVlIGVsIFBva8OpbW9uIHF1ZQpsYSBsbGV2ZSBjb25zaWdhIHVuIGdvbHBlIGNyw610aWNvLg==
327	razor-fang	Q29sbWlsbG8gQWd1ZG8=	U2kgbG8gbGxldmEgdW4gUG9rw6ltb24gY3VhbmRvIGluZmxpZ2UgZGHDsW8gYWwKb2JqZXRpdm8sIHB1ZWRlIGhhY2VybGUgcmV0cm9jZWRlci4=
328	tm01	TVQwMQ==	TGltYSB5IGFmaWxhIGxhcyBnYXJyYXMuIEF1bWVudGEgZWwgQXRhcXVlIHkgbGEKUHJlY2lzacOzbi4=
329	tm02	TVQwMg==	RW5nYW5jaGEgeSBhcmHDsWEgYWwgb2JqZXRpdm8gY29uIHVuYXMgcG90ZW50ZXMKeSBlbm9ybWVzIGdhcnJhcyBhZmlsYWRhcy4=
330	tm03	TVQwMw==	Q3JlYSB1bmEgb25kYSBwc8OtcXVpY2EgcXVlIGNhdXNhIGRhw7FvIGbDrXNpY28gYWwKb2JqZXRpdm8u
331	tm04	TVQwNA==	UXVpZW4gbG8gdXNhIGNvbmNlbnRyYSBzdSBlbmVyZ8OtYSBtZW50YWwgeSBjYWxtYQpzdSBlc3DDrXJpdHUgcGFyYSBhdW1lbnRhciBzdSBBdGFxdWUgRXNwZWNpYWwgeSBzdQpEZWZlbnNhIEVzcGVjaWFsLg==
332	tm05	TVQwNQ==	QXN1c3RhIHRhbnRvIGFsIG9iamV0aXZvIHF1ZSB0aWVuZSBxdWUgY2FtYmlhcnNlCnBvciBvdHJvIGRlIHN1IGdydXBvLiBTaSBlcyB1biBQb2vDqW1vbiBzYWx2YWplLAplbCBjb21iYXRlIGFjYWJhLg==
333	tm06	TVQwNg==	VW4gbW92aW1pZW50byBhbHRhbWVudGUgdMOzeGljbyBxdWUgZW52ZW5lbmEKZ3JhdmVtZW50ZSBhbCBvYmpldGl2byB5IGNhdXNhIHVuIGRhw7FvIG1heW9yCmVuIGNhZGEgdHVybm8u
334	tm07	TVQwNw==	SW52b2NhIHVuYSB0b3JtZW50YSBkZSBncmFuaXpvIHF1ZSBkdXJhIGNpbmNvCnR1cm5vcyB5IGRhw7FhIGEgdG9kb3MgbG9zIFBva8OpbW9uIGV4Y2VwdG8gYSBsb3MKZGUgdGlwbyBIaWVsby4=
335	tm08	TVQwOA==	VGVuc2EgbG9zIG3DunNjdWxvcyBkZSBxdWllbiBsbyB1c2EgeSBwb3RlbmNpYQpzdSBBdGFxdWUgeSBzdSBEZWZlbnNhLg==
336	tm09	TVQwOQ==	QXRhY2EgY3VicmllbmRvIGFsIG9iamV0aXZvIGNvbiB1biBsw61xdWlkbwp2ZW5lbm9zby4gRWwgZGHDsW8gc2Vyw6EgZG9ibGUgc2kgZXN0ZSB5YSBlc3TDoQplbnZlbmVuYWRvLg==
337	tm10	TVQxMA==	TW92aW1pZW50byBlc3BlY2lhbCBxdWUgY2FtYmlhIGRlIHRpcG8KZGVwZW5kaWVuZG8gZGVsIFBva8OpbW9uIHF1ZSBsbyB1c2Uu
338	tm11	TVQxMQ==	SW50ZW5zaWZpY2EgZWwgZWZlY3RvIGRlbCBzb2wgZHVyYW50ZSBjaW5jbyB0dXJub3MsCmxvIHF1ZSBhdW1lbnRhIGxhIHBvdGVuY2lhIGRlIGxvcyBtb3ZpbWllbnRvcyBkZQp0aXBvIEZ1ZWdvIHkgZGlzbWludXllIGxhIGRlIGxvcyBkZSB0aXBvIEFndWEu
339	tm12	TVQxMg==	UHJvdm9jYSB1biBhZ3JhdmlvIHRhbCBxdWUgZWwgb2JqZXRpdm8sIGNlZ2FkbyBwb3IKbGEgaXJhLCBzb2xvIHB1ZWRlIHVzYXIgbW92aW1pZW50b3MgZGUgYXRhcXVlCmR1cmFudGUgdHJlcyB0dXJub3Mu
340	tm13	TVQxMw==	QXRhY2EgYWwgb2JqZXRpdm8gY29uIHVuIHJheW8gZGUgaGllbG8gcXVlIHB1ZWRlCmxsZWdhciBhIGNvbmdlbGFybG8u
341	tm14	TVQxNA==	SW52b2NhIHVuYSB0b3JtZW50YSBkZSB2aWVudG8geSBuaWV2ZSBxdWUgZW52dWVsdmUKYWwgb2JqZXRpdm8geSBwdWVkZSBsbGVnYXIgYSBjb25nZWxhcmxvLg==
342	tm15	TVQxNQ==	QXRhY2EgYWwgb2JqZXRpdm8gY29uIHVuIHBvdGVudGUgcmF5bywgcGVybyBxdWllbgpsbyB1c2EgZGViZSBkZXNjYW5zYXIgZW4gZWwgc2lndWllbnRlIHR1cm5vIHBhcmEKcmVwb25lciBlbmVyZ8OtYS4=
343	tm16	TVQxNg==	SW1wcmVzaW9uYW50ZSBwYXJlZCBkZSBsdXogcXVlIHJlZHVjZSBlbCBkYcOxbwpkZSBsb3MgYXRhcXVlcyBlc3BlY2lhbGVzIGR1cmFudGUgY2luY28gdHVybm9zLg==
344	tm17	TVQxNw==	QmxvcXVlYSB0b2RvcyBsb3MgYXRhcXVlcy4gUHVlZGUgZmFsbGFyIHNpIHNlIHVzYQpyZXBldGlkYW1lbnRlLg==
345	tm18	TVQxOA==	UXVpZW4gbG8gdXNhIGludm9jYSB1bmEgZnVlcnRlIGxsdXZpYSBxdWUgZHVyYSBjaW5jbwp0dXJub3MuIExhIHBvdGVuY2lhIGRlIGxvcyBtb3ZpbWllbnRvcyBkZSB0aXBvCkFndWEgYXVtZW50YSB5IGxhIGRlIGxvcyBkZSB0aXBvIEZ1ZWdvIGRpc21pbnV5ZS4=
346	tm19	TVQxOQ==	QXRlcnJpemEgc29icmUgbGEgc3VwZXJmaWNpZSBwYXJhIGRlc2NhbnNhci4KUmVjdXBlcmEgaGFzdGEgbGEgbWl0YWQgZGVsIHRvdGFsIGRlIHN1cyBQUy4=
347	tm20	TVQyMA==	VW4gZXNjdWRvIHF1ZSBwcm90ZWdlIGRlIHByb2JsZW1hcyBkZSBlc3RhZG8sCmNvbW8gZWwgc3Vlw7FvIG8gbGEgcGFyw6FsaXNpcywgZHVyYW50ZSBjaW5jbyB0dXJub3Mu
348	tm21	TVQyMQ==	VW4gYXRhcXVlIGRlIGdyYW4gcG90ZW5jaWEgcXVlIHJlc3VsdGEgbcOhcyBmdWVydGUKY3VhbnRvIG1lbm9zIGxlIGd1c3RlIGVsIEVudHJlbmFkb3IgYWwgUG9rw6ltb24KcXVlIGxvIHVzYS4=
349	tm22	TVQyMg==	QXRhcXVlIGRlIGRvcyB0dXJub3MuIEVuIGVsIHByaW1lciB0dXJubyBzZQpjb25jZW50cmEgbHV6LCB5IGVuIGVsIHNlZ3VuZG8gc2UgY2FuYWxpemEgZW4KdW4gcmF5byBwYXJhIGF0YWNhci4=
350	tm23	TVQyMw==	RWwgdXN1YXJpbyBhdGFjYSBsYW56YW5kbyB1bmEgcGllZHJhIG8gdW4gcHJveWVjdGlsLgpQdWVkZSBlc3RyZWxsYXIgY29udHJhIGVsIHN1ZWxvIGFsIG9iamV0aXZvIHNpIHZ1ZWxhLg==
351	tm24	TVQyNA==	QXRhY2EgYWwgb2JqZXRpdm8gY29uIHVuYSBmdWVydGUgZGVzY2FyZ2EgZWzDqWN0cmljYQpxdWUgcHVlZGUgbGxlZ2FyIGEgcGFyYWxpemFyLg==
352	tm25	TVQyNQ==	QXRhY2EgY29uIHVuIHRlcnJpYmxlIHJheW8gcXVlIHB1ZWRlIHBhcmFsaXphciBhbApvYmpldGl2by4=
353	tm26	TVQyNg==	UXVpZW4gbG8gdXNhIGdlbmVyYSB1biB0ZXJyZW1vdG8gcXVlIGFmZWN0YSBhIGxvcwpQb2vDqW1vbiBkZSBhbHJlZGVkb3IgZW4gY29tYmF0ZS4=
354	tm27	TVQyNw==	VW4gYXRhcXVlIGRlIGdyYW4gcG90ZW5jaWEgcXVlIHJlc3VsdGEgbcOhcyBmdWVydGUKY3VhbnRvIG1heW9yIHNlYSBsYSBhbWlzdGFkIGVudHJlIGVsIEVudHJlbmFkb3IgeQplbCBQb2vDqW1vbiBxdWUgbG8gdXNhLg==
355	tm28	TVQyOA==	RWwgdXN1YXJpbyByZWN1cGVyYSBsb3MgUFMgZXF1aXZhbGVudGVzIGEgbGEgbWl0YWQKZGVsIGRhw7FvIGNhdXNhZG8gYWwgb2JqZXRpdm8u
356	tm29	TVQyOQ==	QXRhY2EgYWwgb2JqZXRpdm8gY29uIHVuIHBvdGVudGUgYXRhcXVlCnRlbGVxdWluw6l0aWNvIHF1ZSBsZSBwdWVkZSBiYWphciBsYSBEZWZlbnNhCkVzcGVjaWFsLg==
357	tm30	TVQzMA==	TGFuemEgdW5hIGJvbGEgb3NjdXJhIHF1ZSBwdWVkZSBiYWphciBsYQpEZWZlbnNhIEVzcGVjaWFsIGRlbCBvYmpldGl2by4=
358	tm31	TVQzMQ==	QXRhY2EgY29uIGNvbnR1bmRlbnRlcyBwdcOxZXRhem9zLiBQdWVkZSBkZXN0cnVpcgpiYXJyZXJhcyBjb21vIFBhbnRhbGxhIGRlIEx1eiB5IFJlZmxlam8u
359	tm32	TVQzMg==	UXVpZW4gbG8gdXNhIHNlIG11ZXZlIHRhbiByw6FwaWRvIHF1ZSBkZWphIHVuYQplc3RlbGEgZGUgc8OtIG1pc21vIHF1ZSBhdW1lbnRhIGxhIEV2YXNpw7NuLg==
360	tm33	TVQzMw==	SW1wcmVzaW9uYW50ZSBwYXJlZCBkZSBsdXogcXVlIHJlZHVjZSBlbCBkYcOxbwpkZSBsb3MgYXRhcXVlcyBmw61zaWNvcyBkdXJhbnRlIGNpbmNvIHR1cm5vcy4=
361	tm34	TVQzNA==	VW5hIG9uZGEgdMOzeGljYSBxdWUgZGHDsWEgYSBsb3MgUG9rw6ltb24gZGUKYWxyZWRlZG9yLiBQdWVkZSBlbnZlbmVuYXIu
362	tm35	TVQzNQ==	QWJyYXNhIGFsIG9iamV0aXZvIGNvbiB1bmEgaW50ZW5zYSBsbGFtYXJhZGEgcXVlCnB1ZWRlIGNhdXNhcmxlIHF1ZW1hZHVyYXMu
363	tm36	TVQzNg==	RGVzY2FyZ2EgZGUgbG9kbyB0w7N4aWNvIHF1ZSBwdWVkZSBsbGVnYXIgYQplbnZlbmVuYXIgYWwgb2JqZXRpdm8u
364	tm37	TVQzNw==	RGHDsWEgZHVyYW50ZSBjaW5jbyB0dXJub3MgYSB0b2RvcyBsb3MgUG9rw6ltb24KZXhjZXB0byBhIGxvcyBkZSB0aXBvIFJvY2EsIFRpZXJyYSB5IEFjZXJvLiBBdW1lbnRhCmxhIERlZmVuc2EgRXNwZWNpYWwgZGUgbG9zIFBva8OpbW9uIGRlIHRpcG8gUm9jYS4=
365	tm38	TVQzOA==	QXRhY2EgY29uIHVuYSBpbnRlbnNhIHLDoWZhZ2EgZGUgZnVlZ28gYWJyYXNhZG9yCnF1ZSBwdWVkZSBjYXVzYXIgcXVlbWFkdXJhcy4=
366	tm39	TVQzOQ==	VGlyYSByb2NhcyBxdWUgZGV0aWVuZW4gYWwgb2JqZXRpdm8geSBiYWphbiBzdQpWZWxvY2lkYWQu
367	tm40	TVQ0MA==	QXRhcXVlIHF1ZSBkZXNjb25jaWVydGEgcG9yIHN1IHJhcGlkZXogeSBxdWUgbm8KZmFsbGEgbnVuY2Eu
368	tm41	TVQ0MQ==	QXRvcm1lbnRhIGFsIG9iamV0aXZvIHkgbGUgcHJvdm9jYSB1biBhdGFxdWUgZGUKaXJhIHF1ZSBsZSBpbXBpZGUgdXNhciBlbCBtaXNtbyBtb3ZpbWllbnRvIGRvcwp2ZWNlcyBzZWd1aWRhcy4=
369	tm42	TVQ0Mg==	TW92aW1pZW50byBkZSBhdGFxdWUgcXVlIGRvYmxhIHN1IHBvdGVuY2lhIHNpCnF1aWVuIGxvIHV0aWxpemEgZXN0w6EgZW52ZW5lbmFkbywgcXVlbWFkbyBvCnBhcmFsaXphZG8u
370	tm43	TVQ0Mw==	QXRhY2EgYWwgb2JqZXRpdm8gZW52dWVsdG8gZW4gbGxhbWFzLiBBY3VtdWxhCmZ1ZXJ6YSB5IGhhY2Ugc3ViaXIgbGEgVmVsb2NpZGFkIGRlbCB1c3VhcmlvLg==
371	tm44	TVQ0NA==	UmVzdGF1cmEgdG9kb3MgbG9zIFBTIHkgY3VyYSB0b2RvcyBsb3MgcHJvYmxlbWFzCmRlIGVzdGFkbyBkZWwgdXN1YXJpby4gRHVlcm1lIGxvcyBkb3MgcHLDs3hpbW9zCnR1cm5vcy4=
372	tm45	TVQ0NQ==	U2kgZWwgb2JqZXRpdm8gZXMgZGVsIHNleG8gb3B1ZXN0bywgZWwKZW5hbW9yYW1pZW50byByZWR1Y2lyw6EgbGFzIHByb2JhYmlsaWRhZGVzCmRlIHF1ZSBhdGFxdWUu
373	tm46	TVQ0Ng==	UXVpZW4gbG8gdXNhIGF0YWNhIHkgcm9iYSBlbCBvYmpldG8gcXVlIGxsZXZhIHN1Cm9iamV0aXZvIHNpbXVsdMOhbmVhbWVudGUuIFNpIHlhIGxsZXZhIHVuIG9iamV0bywKbm8gcG9kcsOhIHJvYmFyIG5pbmd1bm8u
374	tm47	TVQ0Nw==	QXRhcXVlIHLDoXBpZG8gZGlyaWdpZG8gYSBsb3MgcGllcyBkZWwgb2JqZXRpdm8gcXVlCmxlIGhhY2UgcGVyZGVyIFZlbG9jaWRhZC4=
375	tm48	TVQ0OA==	Q2FudG8gcXVlIHNpcnZlIGRlIGF0YXF1ZS4gU3UgZnVlcnphIGF1bWVudGEKY3VhbnRvcyBtw6FzIFBva8OpbW9uIGxvIHVzYW4gZW4gY2FkZW5hLg==
376	tm49	TVQ0OQ==	QXRhY2EgYWwgb2JqZXRpdm8gY29uIHVuIHN1c3Vycm8uIFN1IGZ1ZXJ6YQphdW1lbnRhIHNpIGN1YWxxdWllcmEgZGUgbG9zIFBva8OpbW9uIGxvIHVzYQplbiBjYWRhIHR1cm5vLg==
377	tm50	TVQ1MA==	UXVpZW4gbG8gdXNhIGF0YWNhIGNvbiB0b2RhIHN1IGZ1ZXJ6YSwgcGVybyB2ZQptdXkgcmVkdWNpZG8gc3UgQXRhcXVlIEVzcGVjaWFsLg==
378	tm51	TVQ1MQ==	QWxhcyBtYWNpemFzIHF1ZSBnb2xwZWFuIGFsIG9iamV0aXZvIHkgcHVlZGVuCnN1YmlyIGxhIERlZmVuc2EgZGVsIHVzdWFyaW8u
379	tm52	TVQ1Mg==	UXVpZW4gbG8gdXNhIGF0YWNhIGNvbiB0b2RhIHN1IGVuZXJnw61hLiBUYW1iacOpbgpwdWVkZSBiYWphciBsYSBEZWZlbnNhIEVzcGVjaWFsIGRlbCBvYmpldGl2byBzaSBsbwphbGNhbnphLg==
380	tm53	TVQ1Mw==	RXh0cmFlIGVuZXJnw61hIGRlIGxhIG5hdHVyYWxlemEgeSBsYSBsYW56YSBjb250cmEKZWwgb2JqZXRpdm8uIFRhbWJpw6luIHB1ZWRlIHJlZHVjaXIgc3UgRGVmZW5zYQpFc3BlY2lhbC4=
381	tm54	TVQ1NA==	QXRhcXVlIGNvbnRyb2xhZG8gcXVlIGltcGlkZSBxdWUgZWwgb2JqZXRpdm8gc2UKZGViaWxpdGUgYWwgZGVqYXJsZSBjb24gdW4gbcOtbmltbyBkZSAxIFBTLg==
382	tm55	TVQ1NQ==	QWJyYXNhIGFsIG9iamV0aXZvIGNvbiBhZ3VhIGhpcnZpZW5kbyB5IHB1ZWRlCmNhdXNhcmxlIHF1ZW1hZHVyYXMu
383	tm56	TVQ1Ng==	RWwgdXN1YXJpbyBhdGFjYSBhbCBvYmpldGl2byBhcnJvamFuZG8gZWwgb2JqZXRvCnF1ZSBsbGV2ZS4gTGEgcG90ZW5jaWEgeSBsb3MgZWZlY3RvcyBkZXBlbmRlbgpkZWwgb2JqZXRvIGFycm9qYWRvLg==
384	tm57	TVQ1Nw==	UXVpZW4gbG8gdXNhIGF0YWNhIGNvbiB1bmEgZGVzY2FyZ2EgZWzDqWN0cmljYSB5CnB1ZWRlIHV0aWxpemFyIGxhIGVsZWN0cmljaWRhZCByZXN0YW50ZSBwYXJhIHN1YmlyCnN1IEF0YXF1ZSBFc3BlY2lhbC4=
385	tm58	TVQ1OA==	QXJyb2phIGFsIG9iamV0aXZvIHBvciBsb3MgYWlyZXMgeSBsbyBlc3RyZWxsYSBjb250cmEKZWwgc3VlbG8gZW4gZWwgc2lndWllbnRlIHR1cm5vLCBpbXBpZGnDqW5kb2xlIG1vdmVyc2UKZW4gZWwgYWlyZS4=
386	tm59	TVQ1OQ==	SGFjZSBwaXZvdGFyIHN1IGN1ZXJwbyBwYXJhIGluZmxpZ2lyIGRhw7FvIGFsIHJpdmFsLg==
387	tm60	TVQ2MA==	Q29uc2lndWUgcXVlIGVsIG9iamV0aXZvIHNlYSBlbCDDumx0aW1vIGVuIG1vdmVyc2Uu
388	tm61	TVQ2MQ==	TGFuemEgdW5hIHNpbmllc3RyYSBsbGFtYXJhZGEgbW9yYWRhIHF1ZSBwcm92b2NhCnF1ZW1hZHVyYXMgYWwgb2JqZXRpdm8u
389	tm62	TVQ2Mg==	R29scGVhIMOhZ2lsbWVudGUuIFNpIGVsIHVzdWFyaW8gbm8gcG9ydGEgbmluZ8O6bgpvYmpldG8sIGVsIG9iamV0aXZvIHJlc3VsdGEgc2VyaWFtZW50ZSBkYcOxYWRvLg==
390	tm63	TVQ2Mw==	SW1waWRlIGR1cmFudGUgY2luY28gdHVybm9zIHF1ZSBlbCBvYmpldGl2byB1dGlsaWNlCmVsIG9iamV0byBxdWUgbGxldmUgeSBxdWUgc3UgRW50cmVuYWRvciB1c2Ugb2JqZXRvcwpjb24gw6lsLg==
391	tm64	TVQ2NA==	UXVpZW4gbG8gdXNhIGV4cGxvc2lvbmEgZW4gY29tYmF0ZSBlIGluZmxpZ2UgZGHDsW8KYSB0b2RvcyBsb3MgUG9rw6ltb24gYSBzdSBhbHJlZGVkb3IuIEVsIHVzdWFyaW8gc2UKZGViaWxpdGEu
392	tm65	TVQ2NQ==	UXVpZW4gbG8gdXNhIGF0YWNhIGNvbiB1bmEgYWZpbGFkYSBnYXJyYSBkZQpzb21icmFzLiBTdSDDrW5kaWNlIGRlIGdvbHBlIGNyw610aWNvIGVzIG11eSBhbHRvLg==
393	tm66	TVQ2Ng==	UXVpZW4gbG8gdXNhIHNlIGNhcmdhIGRlIGVuZXJnw61hIHkgbHVlZ28gYXRhY2EuIFksCnNpIGF0YWNhIGRlc3B1w6lzIGRlbCBvYmpldGl2bywgZG9ibGEgbGEgcG90ZW5jaWEKZGVsIGF0YXF1ZS4=
394	tm67	TVQ2Nw==	RW5zYXJ0YSBhbCBhZHZlcnNhcmlvIGNvbiBzdSBhZmlsYWRhIGNvcm5hbWVudGEuCkVzdGUgbW92aW1pZW50byBhY2llcnRhIHNpZW1wcmUu
395	tm68	TVQ2OA==	UXVpZW4gbG8gdXNhIGNhcmdhIGNvbnRyYSBlbCBvYmpldGl2byB1c2FuZG8gdG9kYQpzdSBlbmVyZ8OtYSB5IGVuIGVsIHR1cm5vIHNpZ3VpZW50ZSB0aWVuZSBxdWUKZGVzY2Fuc2FyLg==
396	tm69	TVQ2OQ==	UXVpZW4gbG8gdXNhIHJlZHVjZSBsYSByZXNpc3RlbmNpYSBxdWUgb2ZyZWNlIHN1CmN1ZXJwbyB5IHB1ZWRlIGdhbmFyIG11Y2hvIGVuIFZlbG9jaWRhZC4=
397	tm70	TVQ3MA==	UmVkdWNlIGVsIGRhw7FvIGRlIGxvcyBhdGFxdWVzIGbDrXNpY29zIHkgZXNwZWNpYWxlcwpkdXJhbnRlIDUgdHVybm9zLiBTb2xvIHB1ZWRlIHVzYXJzZSBjdWFuZG8gZXN0w6EKZ3Jhbml6YW5kby4=
398	tm71	TVQ3MQ==	QXB1w7FhbGEgYWwgb2JqZXRpdm8gZGVzZGUgYWJham8gY29uIHBpZWRyYXMKYWZpbGFkYXMuIFN1IMOtbmRpY2UgZGUgZ29scGUgY3LDrXRpY28gZXMgbXV5IGFsdG8u
399	tm72	TVQ3Mg==	VHJhcyBhdGFjYXIsIHZ1ZWx2ZSBhIHRvZGEgcHJpc2EgcGFyYSBkYXIgcGFzbyBhCm90cm8gUG9rw6ltb24gZGVsIGVxdWlwby4=
400	tm73	TVQ3Mw==	RMOpYmlsIGRlc2NhcmdhIGVsw6ljdHJpY2EgcXVlIHNlIGxhbnphIGNvbnRyYSBlbApvYmpldGl2byB5IGNhdXNhIHBhcsOhbGlzaXMgc2kgZXMgY2VydGVyYS4=
401	tm74	TVQ3NA==	UXVpZW4gbG8gdXNhIGF0YWNhIGFsIG9iamV0aXZvIGNvbW8gdW4gcmVtb2xpbm8uCkN1YW50byBtw6FzIGxlbnRvIHNlYSBxdWllbiBsbyB1c2EsIG3DoXMgZGHDsW8KY2F1c2Eu
402	tm75	TVQ3NQ==	RGFuemEgZnJlbsOpdGljYSBxdWUgZWxldmEgZWwgZXNww61yaXR1IGNvbWJhdGl2by4KQXVtZW50YSBtdWNobyBlbCBBdGFxdWUgZGUgcXVpZW4gbG8gdXNhLg==
403	tm76	TVQ3Ng==	VnVlbGEgZW4gZWwgcHJpbWVyIHR1cm5vIHkgYXRhY2EgZW4gZWwgc2VndW5kby4=
404	tm77	TVQ3Nw==	UXVpZW4gbG8gdXNhIHNlIHN1bWUgZW4gdW4gdHJhbmNlIHkgY29waWEKY3VhbHF1aWVyIGNhbWJpbyBxdWUgaGF5YSBlbiBsYXMgY2FyYWN0ZXLDrXN0aWNhcwpkZSBzdSBvYmpldGl2by4=
405	tm78	TVQ3OA==	U2FjdWRpZGEgc8Otc21pY2EgcXVlIGFmZWN0YSBhIGxvcyBkZW3DoXMgUG9rw6ltb24KYWR5YWNlbnRlcyB5IHRhbWJpw6luIHJlZHVjZSBzdSBWZWxvY2lkYWQu
406	tm79	TVQ3OQ==	UXVpZW4gbG8gdXNhIGF0YWNhIGxhbnphbmRvIHVuIGFsaWVudG8gZ8OpbGlkby4KU2llbXByZSBhc2VzdGEgdW4gZ29scGUgY3LDrXRpY28u
407	tm80	TVQ4MA==	QXJyb2phIGdyYW5kZXMgcm9jYXMgcGFyYSBpbmZsaWdpciBkYcOxby4gVGFtYmnDqW4KcHVlZGUgaGFjZXIgcmV0cm9jZWRlciBhbCBvYmpldGl2by4=
408	tm81	TVQ4MQ==	QXRhY2EgYWwgb2JqZXRpdm8gY29uIGN1Y2hpbGxhcyBvIGdhcnJhcyBxdWUgc2UKY3J1emFuIGEgbW9kbyBkZSB0aWplcmEu
409	tm82	TVQ4Mg==	U2UgbGxldmEgYWwgb2JqZXRpdm8sIHF1ZSBlcyBjYW1iaWFkbyBwb3Igb3RybwpQb2vDqW1vbi4gU2kgZXMgdW4gUG9rw6ltb24gc2FsdmFqZSwgYWNhYmEgZWwKY29tYmF0ZS4=
410	tm83	TVQ4Mw==	T3ByaW1lIGFsIGVuZW1pZ28gZGUgY3VhdHJvIGEgY2luY28gdHVybm9zLApkdXJhbnRlIGxvcyBjdWFsZXMgbm8gcG9kcsOhIGh1aXIu
411	tm84	TVQ4NA==	QXRhY2EgY29uIHVuIHRlbnTDoWN1bG8gbyBicmF6byBpbXByZWduYWRvIGRlCnZlbmVubyBxdWUgcHVlZGUgbGxlZ2FyIGEgZW52ZW5lbmFyIGFsIG9iamV0aXZvLg==
412	tm85	TVQ4NQ==	U29sbyBmdW5jaW9uYSBjb24gb2JqZXRpdm9zIGRvcm1pZG9zLiBBYnNvcmJlIGxhCm1pdGFkIGRlbCBkYcOxbyBjYXVzYWRvIHBhcmEgcmVzdGF1cmFyIGxvcyBQUyBkZQpxdWllbiBsbyB1c2Eu
413	tm86	TVQ4Ng==	QXRyYXBhIGFsIG9iamV0aXZvIGNvbiBoaWVyYmFzIHkgbG8gZGVycmliYS4KQ3VhbnRvIG3DoXMgcGVzYWRvIHNlYSBlbCBvYmpldGl2bywgbcOhcyBkYcOxbwpjYXVzYS4=
414	tm87	TVQ4Nw==	Q29uZnVuZGUgYWwgb2JqZXRpdm8sIHBlcm8gdGFtYmnDqW4gc3ViZQptYXJjYWRhbWVudGUgc3UgQXRhcXVlLg==
415	tm88	TVQ4OA==	TWllbnRyYXMgZHVlcm1lLCB1c2EgdW5vIGRlIHN1cyBtb3ZpbWllbnRvcwplbGVnaWRvIGFsIGF6YXIu
416	tm89	TVQ4OQ==	RGVzcHXDqXMgZGUgYXRhY2FyLCBxdWllbiBsbyB1c2EgY2FtYmlhCnLDoXBpZGFtZW50ZSBzdSBwdWVzdG8gY29uIHVuIGNvbXBhw7Flcm8KcXVlIG5vIGVzdMOpIGNvbWJhdGllbmRvLg==
417	tm90	TVQ5MA==	UXVpZW4gbG8gdXNhIHV0aWxpemEgcGFydGUgZGUgc3VzIFBTIHBhcmEgaGFjZXIKdW5hIGNvcGlhIGRlIHPDrSBtaXNtbyBxdWUgc2lydmUgY29tbyBzZcOxdWVsby4=
418	tm91	TVQ5MQ==	UXVpZW4gbG8gdXNhIGNvbmNlbnRyYSB0b2RhIHN1IGVuZXJnw61hIGx1bcOtbmljYQp5IGxhIGxpYmVyYSBkZSBnb2xwZS4gUHVlZGUgcmVkdWNpciBsYSBEZWZlbnNhCkVzcGVjaWFsIGRlbCBvYmpldGl2by4=
419	tm92	TVQ5Mg==	RGlzdG9yc2lvbmEgZWwgZXNwYWNpbyBkZSBmb3JtYSBxdWUgbG9zIFBva8OpbW9uCm3DoXMgbGVudG9zIGNvbnNpZ3VlbiBtb3ZlcnNlIGVuIHByaW1lciBsdWdhcgpkdXJhbnRlIGNpbmNvIHR1cm5vcy4=
420	hm01	TU8wMQ==	Q29ydGEgYWwgb2JqZXRpdm8gY29uIHVuYSBjdWNoaWxsYSBvIGdhcnJhLgpUYW1iacOpbiBwdWVkZSB1c2Fyc2UgcGFyYSBjb3J0YXIgw6FyYm9sZXMgZmlub3Mu
421	hm02	TU8wMg==	UXVpZW4gbG8gdXNhIGxldmFudGEgZWwgdnVlbG8geSBhdGFjYSBlbiBlbApzaWd1aWVudGUgdHVybm8uIFRhbWJpw6luIHNlIHB1ZWRlIHVzYXIgcGFyYQp2b2xhciBhIGFsZ8O6biBzaXRpbyBjb25vY2lkby4=
422	hm03	TU8wMw==	SW51bmRhIGVsIHRlcnJlbm8gZGUgY29tYmF0ZSBjb24gdW5hIG9sYSBnaWdhbnRlLg==
423	hm04	TU8wNA==	R2VuZXJhIG11Y2hhIGZ1ZXJ6YSB5IGF0YWNhIGNvbiBncmFuIGVuZXJnw61hCmFsIG9iamV0aXZvLiBUYW1iacOpbiBwdWVkZSB1c2Fyc2UgcGFyYSBtb3ZlcgpwaWVkcmFzIGdyYW5kZXMu
424	hm05	TU8wNQ==	Q2FyZ2EgY29udHJhIGVsIG9iamV0aXZvIGEgdW5hIHZlbG9jaWRhZCBpbmNyZcOtYmxlLgpUYW1iacOpbiBwdWVkZSB1c2Fyc2UgcGFyYSByZW1vbnRhciB1bmEgY2FzY2FkYS4=
425	hm06	TU8wNg==	QXRhY2EgY29uIGxvcyBwdcOxb3MuIFB1ZWRlIGJhamFyIGxhIERlZmVuc2EgZGVsCm9iamV0aXZvIHkgcm9tcGVyIHJvY2FzIGZ1ZXJhIGRlbCBjb21iYXRlLg==
428	explorer-kit	S2l0IEV4cGxvcmFkb3I=	VW5hIHNhY2EgZG9uZGUgZ3VhcmRhciBsb3Mgb2JqZXRvcyDDunRpbGVzIHBhcmEKbGEgZXhwbG9yYWNpw7NuLiBQZXJtaXRlIGFjY2VkZXIgYWwgU3Vic3VlbG8u
429	loot-sack	U2FjYSBCb3TDrW4=	VW5hIHNhY2EgZ3JhbmRlIHkgcmVzaXN0ZW50ZSB1dGlsaXphZGEgcGFyYQp0cmFuc3BvcnRhciBlbCBib3TDrW4gcmV1bmlkbyBlbiBsYSBtaW5hIGRlIGNhcmLDs24u
430	rule-book	UmVnbGFtZW50bw==	UmVjb2dlIGxhcyBub3JtYXMgZGUgbG9zIGNvbWJhdGVzLiBFbiBsb3MKY29tYmF0ZXMgZW4gY29uZXhpw7NuIHB1ZWRlcyBlbGVnaXIgZWwgY29uanVudG8KZGUgcmVnbGFzIHF1ZSBxdWllcmVzIHVzYXIu
431	poke-radar	UG9rw6lyYWRhcg==	QnVzY2EgUG9rw6ltb24gcXVlIHNlIGVzY29uZGVuIGVuIGxhIGhpZXJiYS4KTGEgYmF0ZXLDrWEgc2UgcmVjYXJnYSBtaWVudHJhcyBjYW1pbmFzLg==
432	point-card	VGFyamV0YSBQdW50b3M=	VW5hIHRhcmpldGEgZW4gbGEgcXVlIHNlIHJlZ2lzdHJhbiBsb3MgUHVudG9zIGRlCkJhdGFsbGEgcXVlIGhhcyBnYW5hZG8u
433	journal	RGlhcmlv	VW4gY3VhZGVybm8gZW4gZWwgcXVlIHNlIHJlY29nZW4sIGTDrWEgYSBkw61hLCBsb3MKcHJvZ3Jlc29zIGRlIHR1IGF2ZW50dXJhLg==
434	seal-case	Q2FqYSBTZWxsb3M=	Q2FqYSBlbiBsYSBxdWUgc2UgcHVlZGVuIGd1YXJkYXIgbG9zIHNlbGxvcyBxdWUKc2UgYXBsaWNhbiBhIGxhcyBjw6Fwc3VsYXMgZGUgbGFzIFBva8OpIEJhbGxzLg==
435	fashion-case	Q2FqYSBDb3JhesOzbg==	VW5hIGJvbml0YSBjYWppdGEgZG9uZGUgZ3VhcmRhciB0b2RvcyBsb3MKQ29tcGxlbWVudG9zIHBhcmEgdmVzdGlyIGEgdHVzIFBva8OpbW9uIGVuCmVsIFRlYXRybyBNdXNpY2FsLg==
436	seal-bag	Qm9sc2EgU2VsbG9z	Qm9sc2l0YSBjb24gY2FwYWNpZGFkIHBhcmEgZGlleiBzZWxsb3MgZGUgbG9zIHF1ZQpkZWNvcmFuIGxhcyBQb2vDqSBCYWxscy4=
437	pal-pad	QmxvYyBhbWlnb3M=	VW4gY3VhZGVybm8gbXV5IHByw6FjdGljbyBlbiBlbCBxdWUgcHVlZGVzCnJlZ2lzdHJhciBhbWlnb3MsIGNsYXZlcyBkZSBhbWlnbywgZXRjLg==
438	works-key	TGxhdmUgQ2VudHJhbA==	QWJyZSBsYSBwdWVydGEgZGUgbGEgQ2VudHJhbCBkZWwgVmFsbGUgRcOzbGljby4KTGEgbGxldmFiYSB1biBSZWNsdXRhIGRlbCBFcXVpcG8gR2FsYXhpYS4=
439	old-charm	VGFsaXNtw6Fu	RXN0w6EgaGVjaG8gY29uIGh1ZXNvcyBkZSBQb2vDqW1vbiB5IHRyYWUgYnVlbmEKc3VlcnRlLiBIYXkgcXVlIGxsZXbDoXJzZWxvIGEgbGEgYW5jaWFuYSBkZSBQdWVibG8KQ2FlbGVzdGlzLg==
440	galactic-key	TGxhdmUgR2FsYXhpYQ==	RGVzYWN0aXZhIGxvcyBzaXN0ZW1hcyBkZSBzZWd1cmlkYWQgZGUgbGEgQmFzZQpHYWxheGlhLiBQb3IgbG8gdmlzdG8sIHBlcmRlciBlc3RhIHRhcmpldGEgc2UKY2FzdGlnYSBzZXZlcmFtZW50ZS4=
441	red-chain	Q2FkZW5hIFJvamE=	U2UgZGljZSBxdWUgZXN0YSBjYWRlbmEgbcOtc3RpY2EgZXN0w6EgcmVsYWNpb25hZGEKY29uIGVsIFBva8OpbW9uIGxlZ2VuZGFyaW8gcXVlIGNyZcOzIGxhIHJlZ2nDs24gZGUKU2lubm9oLg==
442	town-map	TWFwYQ==	VW4gbWFwYSBtdXkgw7p0aWwgcXVlIHB1ZWRlIGNvbnN1bHRhcnNlIGVuCmN1YWxxdWllciBtb21lbnRvIHkgcXVlLCBhZGVtw6FzLCB0ZSBpbmRpY2EKZMOzbmRlIHRlIGVuY3VlbnRyYXMu
443	vs-seeker	QnVzY2FwZWxlYQ==	RGlzcG9zaXRpdm8gcXVlIGJ1c2NhIEVudHJlbmFkb3JlcyBsaXN0b3MgcGFyYSBlbApjb21iYXRlLiBMYSBiYXRlcsOtYSBzZSBjYXJnYSBtaWVudHJhcyBjYW1pbmFzLg==
444	coin-case	TW9uZWRlcm8=	UHVlZGVzIG9idGVuZXJsbyBlbiBlbCBDYXNpbm8uIFRpZW5lIGNhcGFjaWRhZApwYXJhIDUwIDAwMCBGaWNoYXMu
445	old-rod	Q2HDsWEgVmllamE=	Q2HDsWEgZGUgcGVzY2FyIGJhc3RhbnRlIHVzYWRhIHkgZGVzZ2FzdGFkYS4KUGVzY2EgUG9rw6ltb24gc2FsdmFqZXMgZW4gdG9kbyB0aXBvIGRlIGFndWFzLg==
446	good-rod	Q2HDsWEgQnVlbmE=	Q2HDsWEgZGUgcGVzY2FyIG51ZXZlY2l0YSB5IGRlIGdyYW4gY2FsaWRhZC4KUGVzY2EgUG9rw6ltb24gc2FsdmFqZXMgZW4gdG9kbyB0aXBvIGRlIGFndWFzLg==
447	super-rod	U3VwZXJjYcOxYQ==	SW5jcmXDrWJsZSBjYcOxYSBkZSBwZXNjYXIgZGUgYWx0YSB0ZWNub2xvZ8OtYS4KUGVzY2EgUG9rw6ltb24gc2FsdmFqZXMgZW4gdG9kbyB0aXBvIGRlIGFndWFzLg==
448	sprayduck	UHN5ZHVnYWRlcmE=	VW5hIHJlZ2FkZXJhIGNvbiBmb3JtYSBkZSBQc3lkdWNrLiBBeXVkYSBhCnF1ZSBsYXMgYmF5YXMgcGxhbnRhZGFzIGVuIHN1ZWxvIGbDqXJ0aWwgY3JlemNhbgptZWpvci4=
449	poffin-case	UG9rb2NoZXJh	Q2FqYSBlbiBsYSBxdWUgc2UgdHJhbnNwb3J0YW4gbG9zIFBva29jaG9zCmVsYWJvcmFkb3MgY29uIGJheWFzLg==
450	bike--green	QmljaQ==	QmljaWNsZXRhIHBsZWdhYmxlIGNvbiBsYSBxdWUgc2UgdmEgbcOhcyByw6FwaWRvCnF1ZSBjb3JyaWVuZG8u
450	bicycle	QmljaQ==	
451	suite-key	TGxhdmUgU3VpdGU=	TGxhdmUgZGUgdW5hIHN1aXRlIGRlbCBob3RlbCBkZSBsdWpvIGp1bnRvIGFsIGxhZ28uClBvciBhbGfDum4gbW90aXZvLCBzZSBwaWVyZGUgYSBtZW51ZG8u
452	oaks-letter	Q2FydGEgUHJvZi4gT2Fr	Q2FydGEgZGVsIFByb2Zlc29yIE9hayBlbiBsYSBxdWUgc2UgdGUgcGlkZSBxdWUKdmF5YXMgYSBsYSBSdXRhIDIyNC4=
453	lunar-wing	UGx1bWEgTHVuYXI=	UGx1bWEgcXVlIGJyaWxsYSBjb21vIGxhIGx1bmEuIFNlIGRpY2UgcXVlIHRpZW5lCmVsIHBvZGVyIGRlIGRpc2lwYXIgcGVzYWRpbGxhcy4=
454	member-card	Q2FybsOpIFNvY2lv	TmVjZXNhcmlvIHBhcmEgZW50cmFyIGVuIGxhIHBvc2FkYSBkZSBDaXVkYWQKQ2FuYWwuIEVzIGV4dHJhw7FvLCBwZXJvIGxhIMO6bHRpbWEgZmVjaGEgcmVnaXN0cmFkYQplcyBkZSBoYWNlIDUwIGHDsW9zLg==
455	azure-flute	RmxhdXRhIEF6dXI=	RW1pdGUgc29uaWRvcyBxdWUgbm8gcGFyZWNlbiBkZSBlc3RlIG11bmRvLgpFcyBkZSBmYWJyaWNhbnRlIGRlc2Nvbm9jaWRvLg==
456	ss-ticket	VGlja2V0IEJhcmNv	RXMgZWwgYmlsbGV0ZSB2w6FsaWRvIHBhcmEgZW1iYXJjYXIgZW4gZWwgRmVycnkgUy5TLgpBcXVhLiBUaWVuZSBkaWJ1amFkbyB1biBiYXJjby4=
457	contest-pass	UGFzZSBDb25jdXJzbw==	RXMgbmVjZXNhcmlvIHBhcmEgcGFydGljaXBhciBlbiBDb25jdXJzb3MKUG9rw6ltb24uIFRpZW5lIHVuYSBjaW50YSBkZSBnYW5hZG9yIGRpYnVqYWRhLg==
458	magma-stone	UGllZHJhIE1hZ21h	Rm9ybWFkYSBhIHBhcnRpciBkZSBtYWdtYSBlbmZyaWFkbyB5IGVuZHVyZWNpZG8uCkHDum4gaGF5IG1hZ21hIGzDrXF1aWRvIGVuIHN1IGludGVyaW9yLg==
459	parcel	UGFxdWV0ZQ==	UGFxdWV0ZSBlbmNvbWVuZGFkbyBhIHR1IGN1aWRhZG8gcXVlIHRpZW5lcwpxdWUgZW50cmVnYXIgYSB0dSBhbWlnbyBkZSBsYSBpbmZhbmNpYSBxdWUgZGVqw7MKUHVlYmxvIEhvamF2ZXJkZS4=
460	coupon-1	Q3Vww7NuIDE=	VW5vIGRlIGxvcyB0cmVzIGN1cG9uZXMgcXVlIHNpcnZlIHBhcmEgb2J0ZW5lcgp1biBQb2vDqS1yZWxvai4=
461	coupon-2	Q3Vww7NuIDI=	VW5vIGRlIGxvcyB0cmVzIGN1cG9uZXMgcXVlIHNpcnZlIHBhcmEgb2J0ZW5lcgp1biBQb2vDqS1yZWxvai4=
462	coupon-3	Q3Vww7NuIDM=	VW5vIGRlIGxvcyB0cmVzIGN1cG9uZXMgcXVlIHNpcnZlIHBhcmEgb2J0ZW5lcgp1biBQb2vDqS1yZWxvai4=
463	storage-key	TGxhdmUgQWxtYWPDqW4=	
464	secret-potion	UG9jacOzbiBTZWNyZXRh	RmFudMOhc3RpY28gbWVkaWNhbWVudG8gdmVuZGlkbyBlbiBsYSBmYXJtYWNpYQpkZSBDaXVkYWQgT3JxdcOtZGVhLiBDdXJhIGNvbXBsZXRhbWVudGUgYSB1bgpQb2vDqW1vbi4=
465	vs-recorder	Q8OhbWFyYSBMdWNoYQ==	VW4gZmFudMOhc3RpY28gZGlzcG9zaXRpdm8gcXVlIGdyYWJhIGNvbWJhdGVzCmVudHJlIGFtaWdvcyBvIGNlbGVicmFkb3MgZW4gYWxnw7puIHJlY2ludG8KZXNwZWNpYWwu
466	gracidea	R3JhY8OtZGVh	VW5hIGZsb3IgcXVlIHNlIHN1ZWxlIHJlZ2FsYXIgZW4gcmFtb3MgcGFyYQpleHByZXNhciBhZ3JhZGVjaW1pZW50byBlbiBvY2FzaW9uZXMgZXNwZWNpYWxlcywKY29tbyBjdW1wbGVhw7Fvcy4=
467	secret-key	TGxhdmUgU2VjcmV0YQ==	VW5hIGxsYXZlIGRlIGFsdGEgdGVjbm9sb2fDrWEgcXVlIGRlYmUgdXNhcnNlIGVuCnVuIGx1Z2FyIGNvbmNyZXRvLiBFbWl0ZSB1bmEgc2XDsWFsIGVsw6ljdHJpY2EgcXVlCmFicmUgdW5hIHB1ZXJ0YS4=
468	apricorn-box	Q2FqYSBCb25ndXJp	UHLDoWN0aWNvIHJlY2lwaWVudGUgcXVlIHB1ZWRlIGFsbWFjZW5hciBoYXN0YQo5OSBCb25ndXJpIGRlIGNhZGEgZXNwZWNpZS4=
469	unown-report	QmxvYyBVbm93bg==	QmxvYyBxdWUgYWxtYWNlbmEgbGEgaW5mb3JtYWNpw7NuIGRlIGxvcyBVbm93bgpjYXB0dXJhZG9zIGhhc3RhIGVsIG1vbWVudG8u
470	berry-pots	UGxhbnRhYmF5YXM=	RGlzcG9zaXRpdm8gcG9ydMOhdGlsIGRlIGN1bHRpdm8gcXVlIHBlcm1pdGUgcGxhbnRhcgpiYXlhcyBlbiBjdWFscXVpZXIgbW9tZW50byBkZSBmb3JtYSBzZW5jaWxsYS4=
471	dowsing-machine	WmFob3LDrQ==	QXBhcmF0byBkZSBwcmVjaXNpw7NuIHF1ZSByZWFjY2lvbmEgYW50ZSBvYmpldG9zCnF1ZSBubyBzZSB2ZW4uIFBhcmEgdXNhcmxvLCBlcyBuZWNlc2FyaW8KY29sb2PDoXJzZWxvIGVuIGxhIGNhYmV6YS4=
472	blue-card	VGFyamV0YSBBenVs	VGFyamV0YSBwYXJhIGNvbnNlZ3VpciBwdW50b3MgY29uIGVsIHByb2dyYW1hIGRlCnJhZGlvIExhcyBjb250cmFzZcOxYXMgZGUgQnVlbmEu
473	slowpoke-tail	Q29sYSBTbG93cG9rZQ==	U2Ficm9zYSBjb2xhIGRlIG9yaWdlbiBkZXNjb25vY2lkby4gU2UgcHVlZGUKY29tcHJhciBhIHVuIHByZWNpbyBtdXkgZWxldmFkby4=
474	clear-bell	Q2FzY2FiZWwgQ2xhcm8=	Q2FtcGFuYSBkZSBhc3BlY3RvIGFudGlndW8gcXVlIGVtaXRlIHVuIHNvbmlkbwpxdWUgY2FsbWEgZWwgZXNww61yaXR1Lg==
475	card-key	TGxhdmUgTWFnbsOpdGljYQ==	TGxhdmUgY29uIGZvcm1hIGRlIHRhcmpldGEgcXVlIGFicmUgbGFzIHB1ZXJ0YXMKZGUgbGEgVG9ycmUgUmFkaW8u
476	basement-key	TGxhdmUgU8OzdGFubw==	
477	squirt-bottle	UmVnYWRlcmE=	T2JqZXRvIHF1ZSBjb250aWVuZSBhZ3VhIHkgc2UgdXNhIHBhcmEgcmVnYXIgbGFzCmJheWFzIGRlbCBQbGFudGFiYXlhcy4=
478	red-scale	RXNjYW1hIFJvamE=	RXNjYW1hIGRlbCBHeWFyYWRvcyBhcGFyZWNpZG8gZW4gZWwgTGFnbyBkZSBsYQpGdXJpYS4gRXMgZGUgdW4gcm9qbyB0YW4gaW50ZW5zbyBjb21vIGxhcyBsbGFtYXMu
479	lost-item	T2JqZXRvIFBlcmRpZG8=	RWwgbXXDsWVjbyBNaW1lIEpyLiBxdWUgcGVyZGnDsyBsYSBDb3Bpb25hLg==
480	pass	TWFnbmV0b3Bhc2U=	QmlsbGV0ZSBuZWNlc2FyaW8gcGFyYSBwb2RlciBtb250YXIgdG9kYXMgbGFzCnZlY2VzIHF1ZSBzZSBkZXNlZSBlbiBlbCBNYWduZXRvdHLDqW4u
481	machine-part	TWFxdWluYXJpYQ==	VmFsaW9zYSBwaWV6YSByb2JhZGEgZGUgdW5hIG3DoXF1aW5hIGRlIGxhCkNlbnRyYWwgRW5lcmfDrWEu
482	silver-wing	QWxhIFBsYXRlYWRh	TWlzdGVyaW9zYSBhbGEgZGUgdW4gYnJpbGxhbnRlIGNvbG9yIHBsYXRlYWRvLg==
483	rainbow-wing	QWxhIEFyY2/DrXJpcw==	TWlzdGVyaW9zYSBhbGEgZGUgdW4gYnJpbGxhbnRlIGNvbG9yIGFyY2/DrXJpcy4=
484	mystery-egg	SHVldm8gTWlzdGVyaW9zbw==	TWlzdGVyaW9zbyBIdWV2byBjb24gZGlidWpvcyBxdWUgb2J0aWVuZXMgZGVsClNyLiBQb2vDqW1vbi4gTmFkaWUgc2FiZSBxdcOpIGNvbnRpZW5lLg==
485	red-apricorn	Qm9uZ3VyaSBSb2pv	Qm9uZ3VyaSBkZSBjb2xvciByb2pvIHkgYXJvbWEgbXV5IHBlbmV0cmFudGUu
486	blue-apricorn	Qm9uZ3VyaSBBenVs	Qm9uZ3VyaSBkZSBjb2xvciBhenVsIHkgYXJvbWEgdGllcm5vLg==
487	yellow-apricorn	Qm9uZ3VyaSBBbWFyaWxsbw==	Qm9uZ3VyaSBkZSBjb2xvciBhbWFyaWxsbyB5IGFyb21hIHJlZnJlc2NhbnRlLg==
488	green-apricorn	Qm9uZ3VyaSBWZXJkZQ==	Qm9uZ3VyaSBkZSBjb2xvciB2ZXJkZSB5IGFyb21hIHBlY3VsaWFyIHF1ZQpyZWN1ZXJkYSBhbCBjYWbDqSB0b3N0YWRvLg==
489	pink-apricorn	Qm9uZ3VyaSBSb3Nh	Qm9uZ3VyaSBkZSBjb2xvciByb3NhIHkgYXJvbWEgZHVsY2Uu
490	white-apricorn	Qm9uZ3VyaSBCbGFuY28=	Qm9uZ3VyaSBkZSBjb2xvciBibGFuY28gcXVlIG5vIGRlc3ByZW5kZSBhcm9tYQphbGd1bm8u
491	black-apricorn	Qm9uZ3VyaSBOZWdybw==	Qm9uZ3VyaSBkZSBjb2xvciBuZWdybyB5IGFyb21hIGluZGVzY3JpcHRpYmxlLg==
492	fast-ball	UmFwaWQgQmFsbA==	UG9rw6kgQmFsbCBhbGdvIGRpc3RpbnRhLCBlc3BlY2lhbG1lbnRlIGluZGljYWRhCnBhcmEgY2FwdHVyYXIgUG9rw6ltb24gZXZhc2l2b3Mu
493	level-ball	Tml2ZWwgQmFsbA==	UG9rw6kgQmFsbCBhbGdvIGRpc3RpbnRhIHF1ZSBmdW5jaW9uYSBlc3BlY2lhbG1lbnRlCmJpZW4gY29uIFBva8OpbW9uIGRlIG5pdmVsIGluZmVyaW9yIGEgbG9zIHF1ZSBzZQpwb3NlZS4=
494	lure-ball	Q2VibyBCYWxs	UG9rw6kgQmFsbCBhbGdvIGRpc3RpbnRhLCBlc3BlY2lhbG1lbnRlIGluZGljYWRhCnBhcmEgY2FwdHVyYXIgbG9zIFBva8OpbW9uIHF1ZSBzZSBoYW4gcGVzY2Fkbwpjb24gdW5hIGNhw7FhLg==
495	heavy-ball	UGVzbyBCYWxs	UG9rw6kgQmFsbCBhbGdvIGRpc3RpbnRhIHF1ZSBmdW5jaW9uYSBlc3BlY2lhbG1lbnRlCmJpZW4gYSBsYSBob3JhIGRlIGF0cmFwYXIgUG9rw6ltb24gZGUgbXVjaG8gcGVzby4=
496	love-ball	QW1vciBCYWxs	UG9rw6kgQmFsbCBhbGdvIGRpc3RpbnRhIHF1ZSBhdHJhcGEgbWVqb3IgUG9rw6ltb24KZGUgbGEgbWlzbWEgZXNwZWNpZSBxdWUgbG9zIHF1ZSBzZSBwb3NlZSwgcGVybwpkZSBzZXhvIGRpZmVyZW50ZS4=
497	friend-ball	QW1pZ28gQmFsbA==	UG9rw6kgQmFsbCBhbGdvIGRpc3RpbnRhIHF1ZSBoYWNlIG3DoXMgYW1pc3Rvc29zIGEKbG9zIFBva8OpbW9uIHNhbHZhamVzIHF1ZSBzZSBjYXB0dXJhbiBjb24gZWxsYS4=
498	moon-ball	THVuYSBCYWxs	UG9rw6kgQmFsbCBhbGdvIGRpc3RpbnRhIHF1ZSBhdHJhcGEgY29uIG3DoXMKZmFjaWxpZGFkIGxvcyBQb2vDqW1vbiBxdWUgZXZvbHVjaW9uYW4gY29uIGxhClBpZWRyYSBMdW5hci4=
499	sport-ball	Q29tcGV0aSBCYWxs	UG9rw6kgQmFsbCBxdWUgc2UgdXRpbGl6YSBlbiBlbCBDb25jdXJzbyBkZQpDYXB0dXJhIGRlIEJpY2hvcy4=
500	park-ball	UGFycXVlIEJhbGw=	UG9rw6kgQmFsbCBxdWUgc2UgdXRpbGl6YSBkZW50cm8gZGVsIFBhcnF1ZSBDb21waS4=
501	photo-album	w4FsYnVt	w4FsYnVtIHF1ZSByZWNvZ2UgbGFzIGZvdG9zIHF1ZSBzZSB0b21hbiBhIGxvCmxhcmdvIGRlIGxhIGF2ZW50dXJhLg==
502	gb-sounds	TGVjdG9yIEdC	TGVjdG9yIGNvbiBlbCBxdWUgc2UgcHVlZGVuIGVzY3VjaGFyIGFxdWVsbGFzCmNhbmNpb25lcyB0YW4gbm9zdMOhbGdpY2FzLiBTZSBjYW1iaWEgY29uIHVuIHNvbG8KaW50ZXJydXB0b3Iu
503	tidal-bell	Q2FzY2FiZWwgT2xlYWpl	Q2FtcGFuYSBkZSBhc3BlY3RvIGFudGlndW8gcXVlIGVtaXRlIHVuIHNvbmlkbwpxdWUgY2FsbWEgZWwgZXNww61yaXR1Lg==
504	rage-candy-bar	Q2FyYW1lbG8gRnVyaWE=	Q2FyYW1lbG8gdMOtcGljbyBkZSBQdWVibG8gQ2FvYmEuIEN1cmEgdG9kb3MgbG9zCnByb2JsZW1hcyBkZSBlc3RhZG8gZGUgdW4gUG9rw6ltb24u
505	data-card-01	VGFyamV0YSBEYXRvcyAwMQ==	Q29udGllbmUgbG9zIGRhdG9zIGRlbCBQb2vDqWF0aGxvbiBjb24gZWwgbsO6bWVybwpkZSB2aWN0b3JpYXMu
506	data-card-02	VGFyamV0YSBEYXRvcyAwMg==	Q29udGllbmUgbG9zIGRhdG9zIGRlbCBQb2vDqWF0aGxvbiBjb24gZWwgbsO6bWVybwpkZSB2ZWNlcyBxdWUgc2UgaGEgcXVlZGFkbyBlbiDDumx0aW1vIGx1Z2FyLg==
507	data-card-03	VGFyamV0YSBEYXRvcyAwMw==	Q29udGllbmUgbG9zIGRhdG9zIGRlbCBQb2vDqWF0aGxvbiBjb24gZWwgbsO6bWVybwpkZSBzcHJpbnRzIGRlIGxvcyBQb2vDqW1vbi4=
508	data-card-04	VGFyamV0YSBEYXRvcyAwNA==	Q29udGllbmUgbG9zIGRhdG9zIGRlbCBQb2vDqWF0aGxvbiBjb24gZWwgbsO6bWVybwpkZSBzYWx0b3MgZGUgbG9zIFBva8OpbW9uLg==
509	data-card-05	VGFyamV0YSBEYXRvcyAwNQ==	Q29udGllbmUgbG9zIGRhdG9zIGRlbCBQb2vDqWF0aGxvbiBjb24gZWwgbsO6bWVybwpkZSB2aWN0b3JpYXMgZW4gU2FsdGFvYnN0w6FjdWxvcy4=
510	data-card-06	VGFyamV0YSBEYXRvcyAwNg==	Q29udGllbmUgbG9zIGRhdG9zIGRlbCBQb2vDqWF0aGxvbiBjb24gZWwgbsO6bWVybwpkZSB2aWN0b3JpYXMgZW4gQ2FycmVyYSBkZSBSZWxldm9zLg==
511	data-card-07	VGFyamV0YSBEYXRvcyAwNw==	Q29udGllbmUgbG9zIGRhdG9zIGRlbCBQb2vDqWF0aGxvbiBjb24gZWwgbsO6bWVybwpkZSB2aWN0b3JpYXMgZW4gQXRyYXBhYmFuZGVyYXMu
512	data-card-08	VGFyamV0YSBEYXRvcyAwOA==	Q29udGllbmUgbG9zIGRhdG9zIGRlbCBQb2vDqWF0aGxvbiBjb24gZWwgbsO6bWVybwpkZSB2aWN0b3JpYXMgZW4gUm9tcGVsb3Nhcy4=
513	data-card-09	VGFyamV0YSBEYXRvcyAwOQ==	Q29udGllbmUgbG9zIGRhdG9zIGRlbCBQb2vDqWF0aGxvbiBjb24gZWwgbsO6bWVybwpkZSB2aWN0b3JpYXMgZW4gQXRyYXBhZGlzY29zLg==
514	data-card-10	VGFyamV0YSBEYXRvcyAxMA==	Q29udGllbmUgbG9zIGRhdG9zIGRlbCBQb2vDqWF0aGxvbiBjb24gZWwgbsO6bWVybwpkZSB2aWN0b3JpYXMgZW4gTmlldmUgQ3J1emFkYS4=
515	data-card-11	VGFyamV0YSBEYXRvcyAxMQ==	Q29udGllbmUgbG9zIGRhdG9zIGRlbCBQb2vDqWF0aGxvbiBjb24gZWwgbsO6bWVybwpkZSBwdW50b3MgY29uc2VndWlkb3Mu
516	data-card-12	VGFyamV0YSBEYXRvcyAxMg==	Q29udGllbmUgbG9zIGRhdG9zIGRlbCBQb2vDqWF0aGxvbiBjb24gZWwgbsO6bWVybwpkZSBkZXJyb3Rhcy4=
517	data-card-13	VGFyamV0YSBEYXRvcyAxMw==	Q29udGllbmUgbG9zIGRhdG9zIGRlbCBQb2vDqWF0aGxvbiBjb24gZWwgbsO6bWVybwpkZSBwdW50b3MgcGVyZGlkb3MgcG9yIHR1cyBQb2vDqW1vbi4=
518	data-card-14	VGFyamV0YSBEYXRvcyAxNA==	Q29udGllbmUgbG9zIGRhdG9zIGRlbCBQb2vDqWF0aGxvbiBjb24gZWwgbsO6bWVybwpkZSBwbGFjYWplcyByZWFsaXphZG9zLg==
519	data-card-15	VGFyamV0YSBEYXRvcyAxNQ==	Q29udGllbmUgbG9zIGRhdG9zIGRlbCBQb2vDqWF0aGxvbiBjb24gZWwgbsO6bWVybwpkZSBjYcOtZGFzIHF1ZSBoYW4gc3VmcmlkbyB0dXMgUG9rw6ltb24u
520	data-card-16	VGFyamV0YSBEYXRvcyAxNg==	Q29udGllbmUgbG9zIGRhdG9zIGRlbCBQb2vDqWF0aGxvbiBjb24gZWwgbsO6bWVybwpkZSB2aWN0b3JpYXMgZW4gRnVlcmEgZGVsIFJpbmcu
521	data-card-17	VGFyamV0YSBEYXRvcyAxNw==	Q29udGllbmUgbG9zIGRhdG9zIGRlbCBQb2vDqWF0aGxvbiBjb24gZWwgbsO6bWVybwpkZSB2aWN0b3JpYXMgZW4gQm90YWx1Y2VzLg==
522	data-card-18	VGFyamV0YSBEYXRvcyAxOA==	Q29udGllbmUgbG9zIGRhdG9zIGRlbCBQb2vDqWF0aGxvbiBjb24gZWwgbsO6bWVybwpkZSB2aWN0b3JpYXMgZW4gUGlzYWPDrXJjdWxvcy4=
523	data-card-19	VGFyamV0YSBEYXRvcyAxOQ==	Q29udGllbmUgbG9zIGRhdG9zIGRlbCBQb2vDqWF0aGxvbiBjb24gZWwgbsO6bWVybwpkZSB2aWN0b3JpYXMgZW4gY29uZXhpw7NuLg==
524	data-card-20	VGFyamV0YSBEYXRvcyAyMA==	Q29udGllbmUgbG9zIGRhdG9zIGRlbCBQb2vDqWF0aGxvbiBjb24gZWwgbsO6bWVybwpkZSB2ZWNlcyBxdWUgc2UgaGEgcXVlZGFkbyBlbiDDumx0aW1vIGx1Z2FyIGVuCmNvbmV4acOzbi4=
525	data-card-21	VGFyamV0YSBEYXRvcyAyMQ==	Q29udGllbmUgbG9zIGRhdG9zIGRlbCBQb2vDqWF0aGxvbiBjb24gZWwgbsO6bWVybwpkZSB2aWN0b3JpYXMgZW4gdW5hIGRpc2NpcGxpbmEu
526	data-card-22	VGFyamV0YSBEYXRvcyAyMg==	Q29udGllbmUgbG9zIGRhdG9zIGRlbCBQb2vDqWF0aGxvbiBjb24gZWwgbsO6bWVybwpkZSB2ZWNlcyBxdWUgc2UgaGEgdGVybWluYWRvIGVuIMO6bHRpbWEgcG9zaWNpw7NuCmVuIHVuYSBkaXNjaXBsaW5hLg==
527	data-card-23	VGFyamV0YSBEYXRvcyAyMw==	Q29udGllbmUgbG9zIGRhdG9zIGRlbCBQb2vDqWF0aGxvbiBjb24gZWwgbsO6bWVybwpkZSB2ZWNlcyBxdWUgc2UgaGEgY2FtYmlhZG8gZGUgUG9rw6ltb24u
528	data-card-24	VGFyamV0YSBEYXRvcyAyNA==	Q29udGllbmUgbG9zIGRhdG9zIGRlbCBQb2vDqWF0aGxvbiBjb24gZWwgbsO6bWVybwpkZSB2aWN0b3JpYXMgZW4gTWV0ZWdvbGVzLg==
529	data-card-25	VGFyamV0YSBEYXRvcyAyNQ==	Q29udGllbmUgbG9zIGRhdG9zIGRlbCBQb2vDqWF0aGxvbiBjb24gZWwgbsO6bWVybwpkZSBwcmVtaW9zIGluZGl2aWR1YWxlcy4=
530	data-card-26	VGFyamV0YSBEYXRvcyAyNg==	Q29udGllbmUgbG9zIGRhdG9zIGRlbCBQb2vDqWF0aGxvbiBjb24gZWwgbsO6bWVybwpkZSB2ZWNlcyBxdWUgc2UgdG9jw7MgY29uIGVsIGzDoXBpeiBhIGxvcyBQb2vDqW1vbi4=
531	data-card-27	VGFyamV0YSBEYXRvcyAyNw==	Q29udGllbmUgbG9zIGRhdG9zIGRlbCBQb2vDqWF0aGxvbiBjb24gZWwgdGllbXBvCnF1ZSBzZSBoYSBwYXNhZG8gZW4gZXN0YSBjb21wZXRpY2nDs24u
532	jade-orb	RXNmZXJhIFZlcmRl	RXNmZXJhIGdsYXVjYSBkZSBsYSBxdWUgc2UgZGljZSBxdWUgZ3VhcmRhIHVuYQplc3RyZWNoYSByZWxhY2nDs24gY29uIGxhcyBsZXllbmRhcyBkZSBIb2Vubi4=
533	lock-capsule	Q8OhcHN1bGEgQ2FuZGFkbw==	VW5hIGPDoXBzdWxhIHJlc2lzdGVudGUgcXVlIHNvbG8gcHVlZGUgYWJyaXJzZQpjb24gdW5hIGxsYXZlIGVzcGVjaWFsLg==
534	red-orb	UHJpc21hIFJvam8=	UGllZHJhIGNhcm1lc8OtIGRlIGxhIHF1ZSBzZSBkaWNlIHF1ZSBndWFyZGEgdW5hCmVzdHJlY2hhIHJlbGFjacOzbiBjb24gbGFzIGxleWVuZGFzIGRlIEhvZW5uLg==
535	blue-orb	UHJpc21hIEF6dWw=	UGllZHJhIGHDsWlsIHF1ZSwgc2Vnw7puIGRpY2VuLCBndWFyZGEgdW5hIGVzdHJlY2hhCnJlbGFjacOzbiBjb24gbGFzIGxleWVuZGFzIGRlIEhvZW5uLg==
536	enigma-stone	TWlzdGljcmlzdGFs	RXNmZXJhIGNyaXN0YWxpbmEgZW5jb250cmFkYSBiYWpvIHRpZXJyYS4gQSBwZXNhcgpkZSBlc3RhciBjdWJpZXJ0YSBkZSByb2NhIHkgdGllcnJhLCBzdSBiZWxsZXphIGVzCmluY3Jlw61ibGUu
537	prism-scale	RXNjYW1hIEJlbGxh	Q3VyaW9zYSBlc2NhbWEgcXVlIGhhY2UgZXZvbHVjaW9uYXIgYQpkZXRlcm1pbmFkYXMgZXNwZWNpZXMgZGUgUG9rw6ltb24uCkJyaWxsYSBjb24gbG9zIGNvbG9yZXMgZGVsIGFyY2/DrXJpcy4=
538	eviolite	TWluZXJhbCBFdm9s	Um9jYSBtaXN0ZXJpb3NhLiBFbCBQb2vDqW1vbiBwb3J0YWRvciBhdW1lbnRhcsOhCnN1IERlZmVuc2EgeSBzdSBEZWZlbnNhIEVzcGVjaWFsIHNpIGHDum4gcHVlZGUKZXZvbHVjaW9uYXIu
539	float-stone	UGllZHJhIFDDs21leg==	UGllZHJhIG11eSBsaWdlcmEgcXVlIHJlZHVjZSBlbCBwZXNvIGRlbCBQb2vDqW1vbgpxdWUgbGEgbGxldmUu
540	rocky-helmet	Q2FzY28gRGVudGFkbw==	U2kgZWwgcG9ydGFkb3IgZXMgYWxjYW56YWRvIHBvciB1biBtb3ZpbWllbnRvIGRlCmNvbnRhY3RvLCBlbCBhZ3Jlc29yIHRhbWJpw6luIHJlY2liZSBkYcOxby4=
541	air-balloon	R2xvYm8gSGVsaW8=	RWwgUG9rw6ltb24gcXVlIGxvIGxsZXZlIGZsb3RhcsOhIGVuIGVsIGFpcmUuClNpIHJlY2liZSB1biBnb2xwZSwgZXN0YWxsYXLDoS4=
542	red-card	VGFyamV0YSBSb2ph	TWlzdGVyaW9zYSB0YXJqZXRhIHF1ZSBwZXJtaXRlIGFsIFBva8OpbW9uIHF1ZSBsYQpsbGV2YSBleHB1bHNhciBhbCBvcG9uZW50ZSBjdWFuZG8gZXN0ZSBsZSBjYXVzZQpkYcOxby4=
543	ring-target	QmxhbmNv	RWwgUG9rw6ltb24gcXVlIGxvIGxsZXZhIGVzIHZ1bG5lcmFibGUgZnJlbnRlIGEKbW92aW1pZW50b3MgcXVlIG5vcm1hbG1lbnRlIG5vIGFmZWN0YW4gYSBzdQp0aXBvLg==
544	binding-band	QmFuZGEgQXRhZHVyYQ==	QmFuZGEgcXVlIHBvdGVuY2lhIGxvcyBtb3ZpbWllbnRvcyBxdWUgZXN0cnVqYW4KYWwgcml2YWwu
545	absorb-bulb	VHViw6lyY3Vsbw==	UmHDrXogZGUgdXNhciB5IHRpcmFyIHF1ZSBzdWJlIGVsIEF0YXF1ZSBFc3BlY2lhbApjdWFuZG8gc2UgcmVjaWJlIHVuIGF0YXF1ZSBkZSB0aXBvIEFndWEu
546	cell-battery	UGlsYQ==	QmF0ZXLDrWEgZGUgdXNhciB5IHRpcmFyIHF1ZSBzdWJlIGVsIEF0YXF1ZSBkZQpxdWllbiBsYSBsbGV2YSBjdWFuZG8gcmVjaWJlIHVuIGdvbHBlIGRlIHRpcG8KRWzDqWN0cmljby4=
547	eject-button	Qm90w7NuIEVzY2FwZQ==	U2kgZWwgcG9ydGFkb3IgZXMgYWxjYW56YWRvIHBvciB1biBhdGFxdWUsIHNhbGRyw6EKZGVsIGNvbWJhdGUgeSBzZXLDoSBzdXN0aXR1aWRvIHBvciBvdHJvIFBva8OpbW9uCmRlbCBlcXVpcG8u
548	fire-gem	R2VtYSBGdWVnbw==	Sm95YSBkZSB1biBzb2xvIHVzbyBxdWUgcG90ZW5jaWEgbG9zIG1vdmltaWVudG9zCmRlIHRpcG8gRnVlZ28uIERlYmUgbGxldmFybGEgdW4gUG9rw6ltb24u
549	water-gem	R2VtYSBBZ3Vh	Sm95YSBkZSB1biBzb2xvIHVzbyBxdWUgcG90ZW5jaWEgbG9zCm1vdmltaWVudG9zIGRlIHRpcG8gQWd1YS4gRGViZSBsbGV2YXJsYQp1biBQb2vDqW1vbi4=
550	electric-gem	R2VtYSBFbMOpY3RyaWNh	Sm95YSBkZSB1biBzb2xvIHVzbyBxdWUgcG90ZW5jaWEgbG9zCm1vdmltaWVudG9zIGRlIHRpcG8gRWzDqWN0cmljby4gRGViZSBsbGV2YXJsYQp1biBQb2vDqW1vbi4=
551	grass-gem	R2VtYSBQbGFudGE=	Sm95YSBkZSB1biBzb2xvIHVzbyBxdWUgcG90ZW5jaWEgbG9zCm1vdmltaWVudG9zIGRlIHRpcG8gUGxhbnRhLiBEZWJlIGxsZXZhcmxhCnVuIFBva8OpbW9uLg==
552	ice-gem	R2VtYSBIaWVsbw==	Sm95YSBkZSB1biBzb2xvIHVzbyBxdWUgcG90ZW5jaWEgbG9zCm1vdmltaWVudG9zIGRlIHRpcG8gSGllbG8uIERlYmUgbGxldmFybGEKdW4gUG9rw6ltb24u
553	fighting-gem	R2VtYSBMdWNoYQ==	Sm95YSBkZSB1biBzb2xvIHVzbyBxdWUgcG90ZW5jaWEgbG9zCm1vdmltaWVudG9zIGRlIHRpcG8gTHVjaGEuIERlYmUgbGxldmFybGEKdW4gUG9rw6ltb24u
554	poison-gem	R2VtYSBWZW5lbm8=	Sm95YSBkZSB1biBzb2xvIHVzbyBxdWUgcG90ZW5jaWEgbG9zCm1vdmltaWVudG9zIGRlIHRpcG8gVmVuZW5vLiBEZWJlIGxsZXZhcmxhCnVuIFBva8OpbW9uLg==
555	ground-gem	R2VtYSBUaWVycmE=	Sm95YSBkZSB1biBzb2xvIHVzbyBxdWUgcG90ZW5jaWEgbG9zCm1vdmltaWVudG9zIGRlIHRpcG8gVGllcnJhLiBEZWJlIGxsZXZhcmxhCnVuIFBva8OpbW9uLg==
556	flying-gem	R2VtYSBWb2xhZG9yYQ==	Sm95YSBkZSB1biBzb2xvIHVzbyBxdWUgcG90ZW5jaWEgbG9zCm1vdmltaWVudG9zIGRlIHRpcG8gVm9sYWRvci4gRGViZSBsbGV2YXJsYQp1biBQb2vDqW1vbi4=
557	psychic-gem	R2VtYSBQc8OtcXVpY2E=	Sm95YSBkZSB1biBzb2xvIHVzbyBxdWUgcG90ZW5jaWEgbG9zCm1vdmltaWVudG9zIGRlIHRpcG8gUHPDrXF1aWNvLiBEZWJlIGxsZXZhcmxhCnVuIFBva8OpbW9uLg==
558	bug-gem	R2VtYSBCaWNobw==	Sm95YSBkZSB1biBzb2xvIHVzbyBxdWUgcG90ZW5jaWEgbG9zCm1vdmltaWVudG9zIGRlIHRpcG8gQmljaG8uIERlYmUgbGxldmFybGEKdW4gUG9rw6ltb24u
559	rock-gem	R2VtYSBSb2Nh	Sm95YSBkZSB1biBzb2xvIHVzbyBxdWUgcG90ZW5jaWEgbG9zCm1vdmltaWVudG9zIGRlIHRpcG8gUm9jYS4gRGViZSBsbGV2YXJsYQp1biBQb2vDqW1vbi4=
560	ghost-gem	R2VtYSBGYW50YXNtYQ==	Sm95YSBkZSB1biBzb2xvIHVzbyBxdWUgcG90ZW5jaWEgbG9zCm1vdmltaWVudG9zIGRlIHRpcG8gRmFudGFzbWEuIERlYmUgbGxldmFybGEKdW4gUG9rw6ltb24u
561	dragon-gem	R2VtYSBEcmFnw7Nu	Sm95YSBkZSB1biBzb2xvIHVzbyBxdWUgcG90ZW5jaWEgbG9zCm1vdmltaWVudG9zIGRlIHRpcG8gRHJhZ8Ozbi4gRGViZSBsbGV2YXJsYQp1biBQb2vDqW1vbi4=
562	dark-gem	R2VtYSBTaW5pZXN0cmE=	Sm95YSBkZSB1biBzb2xvIHVzbyBxdWUgcG90ZW5jaWEgbG9zCm1vdmltaWVudG9zIGRlIHRpcG8gU2luaWVzdHJvLiBEZWJlIGxsZXZhcmxhCnVuIFBva8OpbW9uLg==
563	steel-gem	R2VtYSBBY2Vybw==	Sm95YSBkZSB1biBzb2xvIHVzbyBxdWUgcG90ZW5jaWEgbG9zCm1vdmltaWVudG9zIGRlIHRpcG8gQWNlcm8uIERlYmUgbGxldmFybGEKdW4gUG9rw6ltb24u
564	normal-gem	R2VtYSBOb3JtYWw=	Sm95YSBkZSB1biBzb2xvIHVzbyBxdWUgcG90ZW5jaWEgbG9zCm1vdmltaWVudG9zIGRlIHRpcG8gTm9ybWFsLiBEZWJlIGxsZXZhcmxhCnVuIFBva8OpbW9uLg==
565	health-wing	UGx1bWEgVmlnb3I=	UGx1bWEgcXVlIGF1bWVudGEgdW4gcG9jbyBsb3MgUFMgZGUgYmFzZSBkZQp1biBQb2vDqW1vbi4=
566	muscle-wing	UGx1bWEgTcO6c2N1bG8=	UGx1bWEgcXVlIGF1bWVudGEgdW4gcG9jbyBlbCBBdGFxdWUgZGUgYmFzZQpkZSB1biBQb2vDqW1vbi4=
567	resist-wing	UGx1bWEgQWd1YW50ZQ==	UGx1bWEgcXVlIGF1bWVudGEgdW4gcG9jbyBsYSBEZWZlbnNhIGRlIGJhc2UKZGUgdW4gUG9rw6ltb24u
568	genius-wing	UGx1bWEgSW50ZWxlY3Rv	UGx1bWEgcXVlIGF1bWVudGEgdW4gcG9jbyBlbCBBdGFxdWUgRXNwZWNpYWwKZGUgYmFzZSBkZSB1biBQb2vDqW1vbi4=
569	clever-wing	UGx1bWEgTWVudGU=	UGx1bWEgcXVlIGF1bWVudGEgdW4gcG9jbyBsYSBEZWZlbnNhIEVzcGVjaWFsCmRlIGJhc2UgZGUgdW4gUG9rw6ltb24u
570	swift-wing	UGx1bWEgw41tcGV0dQ==	UGx1bWEgcXVlIGF1bWVudGEgdW4gcG9jbyBsYSBWZWxvY2lkYWQgZGUgYmFzZQpkZSB1biBQb2vDqW1vbi4=
571	pretty-wing	UGx1bWEgQmVsbGE=	UGx1bWEgbm9ybWFsIHkgY29ycmllbnRlLiBNdXkgYm9uaXRhLCBwZXJvIG5vCnNpcnZlIHBhcmEgbmFkYS4=
572	cover-fossil	RsOzc2lsIFRhcGE=	RsOzc2lsIGRlIHVuIFBva8OpbW9uIHByZWhpc3TDs3JpY28gcXVlIHZpdsOtYSBlbiBlbApmb25kbyBkZWwgbWFyLiBQYXJlY2Ugc2VyIHVuIGZyYWdtZW50byBkZQpjYXBhcmF6w7NuLg==
573	plume-fossil	RsOzc2lsIFBsdW1h	RsOzc2lsIGRlIHVuIFBva8OpbW9uIHByZWhpc3TDs3JpY28gcXVlIHN1cmNhYmEgbG9zCmNpZWxvcy4gUGFyZWNlIHNlciBwYXJ0ZSBkZSB1bmEgZGUgc3VzIGFsYXMu
574	liberty-pass	VGFyamV0YSBMaWJlcnRhZA==	VGlja2V0IGVzcGVjaWFsIHBhcmEgaXIgZW4gYmFyY28gZGVzZGUgQ2l1ZGFkClBvcmNlbGFuYSBhIElzbGEgTGliZXJ0YWQu
575	pass-orb	UmVnYWxvc2ZlcmE=	RXNmZXJhIG1pc3Rlcmlvc2EgcXVlIGNvbnRpZW5lIGVsIHBvZGVyIGRlIGxhCnJlZ2nDs24gZGUgVGVzZWxpYSB5IHNlIHV0aWxpemEgcGFyYSBnZW5lcmFyClBvZGVyZXMgUmVnYWxvLg==
576	dream-ball	RW5zdWXDsW8gQmFsbA==	Qm9sYSBlc3BlY2lhbCBxdWUgYXBhcmVjZSBkZSBwcm9udG8gZW4gdHUgQm9sc2EKZW4gZWwgQm9zcXVlIE5leG8geSBwdWVkZSBhdHJhcGFyIGEgY3VhbHF1aWVyClBva8OpbW9uLg==
577	poke-toy	UG9rw6lzZcOxdWVsbw==	VW4gb2JqZXRvIHF1ZSBhdHJhZSBhIGxvcyBQb2vDqW1vbi4gRXMgw7p0aWwgcGFyYQpodWlyIGRlIHVuIGNvbWJhdGUgY29udHJhIHVuIFBva8OpbW9uIHNhbHZhamUu
578	prop-case	TmVjZXNlcg==	VW5hIGJvbml0YSBjYWppdGEgZG9uZGUgZ3VhcmRhciB0b2RvcyBsb3MKQ29tcGxlbWVudG9zIHBhcmEgdmVzdGlyIGEgdHVzIFBva8OpbW9uIGVuCmVsIFRlYXRybyBNdXNpY2FsLg==
579	dragon-skull	Q3LDoW5lbyBEcmFnw7Nu	Q3LDoW5lbyBkZSB1biBQb2vDqW1vbi4gU2UgZGljZSBxdWUgZXN0ZSBQb2vDqW1vbgpjcnV6w7MgbWFyZXMgZW1icmF2ZWNpZG9zLg==
580	balm-mushroom	U2V0YSBBcm9tYQ==	RXh0cmHDsWEgc2V0YSBxdWUgZGVzcHJlbmRlIHVuIGFncmFkYWJsZSBhcm9tYS4KUHVlZGUgYWxjYW56YXIgdW4gYWx0byBwcmVjaW8gZW4gbGFzIHRpZW5kYXMu
581	big-nugget	TWF4aXBlcGl0YQ==	UGVwaXRhIGRlIG9ybyBwdXJvIHF1ZSBkZXNwcmVuZGUgdW4gYnJpbGxvCmVzcGVjdGFjdWxhci4gUHVlZGUgdmVuZGVyc2UgYSB1biBwcmVjaW8gbXV5CmFsdG8gZW4gbGFzIHRpZW5kYXMu
582	pearl-string	U2FydGEgUGVybGFz	QnJpbGxhbnRlcyBwZXJsYXMgcGxhdGVhZGFzIGRlIGdyYW4gdGFtYcOxbyBxdWUKcHVlZGVuIHZlbmRlcnNlIGEgYnVlbiBwcmVjaW8gZW4gbGFzIHRpZW5kYXMu
583	comet-shard	RnJhZ21lbnRvIENvbWV0YQ==	RnJhZ21lbnRvIGRlIHVuIGNvbWV0YSBjYcOtZG8gYWwgc3VlbG8gYWwgYXRyYXZlc2FyCmxhIGF0bcOzc2ZlcmEuIFNlIHB1ZWRlIHZlbmRlciBhIGJ1ZW4gcHJlY2lvIGVuIGxhcwp0aWVuZGFzLg==
584	relic-copper	UmVhbCBDb2JyZQ==	TW9uZWRhIGRlIGNvYnJlIGRlIG3DoXMgZGUgMzAwMCBhw7FvcyBkZQphbnRpZ8O8ZWRhZC4=
585	relic-silver	UmVhbCBQbGF0YQ==	TW9uZWRhIGRlIHBsYXRhIGRlIG3DoXMgZGUgMzAwMCBhw7FvcyBkZQphbnRpZ8O8ZWRhZC4=
586	relic-gold	UmVhbCBPcm8=	TW9uZWRhIGRlIG9ybyBkZSBtw6FzIGRlIDMwMDAgYcOxb3MgZGUKYW50aWfDvGVkYWQu
587	relic-vase	w4FuZm9yYQ==	SmFycsOzbiBkZSBtw6FzIGRlIDMwMDAgYcOxb3MgZGUgYW50aWfDvGVkYWQu
588	relic-band	QnJhemFs	QnJhemFsZXRlIGRlIG3DoXMgZGUgMzAwMCBhw7FvcyBkZSBhbnRpZ8O8ZWRhZC4=
589	relic-statue	RWZpZ2llIEFudGlndWE=	RWZpZ2llIGRlIHBpZWRyYSBkZSBtw6FzIGRlIDMwMDAgYcOxb3MgZGUKYW50aWfDvGVkYWQu
590	relic-crown	Q29yb25hIEFudGlndWE=	Q29yb25hIGRlIG3DoXMgZGUgMzAwMCBhw7FvcyBkZSBhbnRpZ8O8ZWRhZC4=
591	casteliacone	UG9yY2VoZWxhZG8=	RXNwZWNpYWxpZGFkIGRlIENpdWRhZCBQb3JjZWxhbmEuIEN1cmEgbG9zCnByb2JsZW1hcyBkZSBlc3RhZG8gZGUgdW4gUG9rw6ltb24u
592	dire-hit-2	Q3LDrXRpY28gWCAy	QXVtZW50YSBsYSBwcm9iYWJpbGlkYWQgZGUgYXNlc3RhciB1biBnb2xwZQpjcsOtdGljby4gQWwgY2FtYmlhciBkZSBQb2vDqW1vbiwgZWwgZWZlY3RvCmRlc2FwYXJlY2Uu
593	x-speed-2	VmVsb2NpZGFkIFggMg==	QXVtZW50YSBsaWdlcmFtZW50ZSBsYSBWZWxvY2lkYWQgZW4gY29tYmF0ZS4KQWwgY2FtYmlhciBkZSBQb2vDqW1vbiwgZWwgZWZlY3RvIGRlc2FwYXJlY2Uu
594	x-sp-atk-2	QXQuIEVzcC4gWCAy	QXVtZW50YSBsaWdlcmFtZW50ZSBlbCBBdGFxdWUgRXNwZWNpYWwgZW4KY29tYmF0ZS4gQWwgY2FtYmlhciBkZSBQb2vDqW1vbiwgZWwgZWZlY3RvCmRlc2FwYXJlY2Uu
595	x-sp-def-2	RGVmLiBFc3AuIFggMg==	QXVtZW50YSBsaWdlcmFtZW50ZSBsYSBEZWZlbnNhIEVzcGVjaWFsIGVuCmNvbWJhdGUuIEFsIGNhbWJpYXIgZGUgUG9rw6ltb24sIGVsIGVmZWN0bwpkZXNhcGFyZWNlLg==
596	x-defense-2	RGVmZW5zYSBYIDI=	QXVtZW50YSBsaWdlcmFtZW50ZSBsYSBEZWZlbnNhIGVuIGNvbWJhdGUuCkFsIGNhbWJpYXIgZGUgUG9rw6ltb24sIGVsIGVmZWN0byBkZXNhcGFyZWNlLg==
597	x-attack-2	QXRhcXVlIFggMg==	QXVtZW50YSBsaWdlcmFtZW50ZSBlbCBBdGFxdWUgZW4gY29tYmF0ZS4KQWwgY2FtYmlhciBkZSBQb2vDqW1vbiwgZWwgZWZlY3RvIGRlc2FwYXJlY2Uu
598	x-accuracy-2	UHJlY2lzacOzbiBYIDI=	QXVtZW50YSBsaWdlcmFtZW50ZSBsYSBQcmVjaXNpw7NuIGVuIGNvbWJhdGUuCkFsIGNhbWJpYXIgZGUgUG9rw6ltb24sIGVsIGVmZWN0byBkZXNhcGFyZWNlLg==
599	x-speed-3	VmVsb2NpZGFkIFggMw==	QXVtZW50YSBiYXN0YW50ZSBsYSBWZWxvY2lkYWQgZW4gY29tYmF0ZS4KQWwgY2FtYmlhciBkZSBQb2vDqW1vbiwgZWwgZWZlY3RvIGRlc2FwYXJlY2Uu
600	x-sp-atk-3	QXQuIEVzcC4gWCAz	QXVtZW50YSBiYXN0YW50ZSBlbCBBdGFxdWUgRXNwZWNpYWwgZW4gY29tYmF0ZS4KQWwgY2FtYmlhciBkZSBQb2vDqW1vbiwgZWwgZWZlY3RvIGRlc2FwYXJlY2Uu
601	x-sp-def-3	RGVmLiBFc3AuIFggMw==	QXVtZW50YSBiYXN0YW50ZSBsYSBEZWZlbnNhIEVzcGVjaWFsIGVuIGNvbWJhdGUuCkFsIGNhbWJpYXIgZGUgUG9rw6ltb24sIGVsIGVmZWN0byBkZXNhcGFyZWNlLg==
602	x-defense-3	RGVmZW5zYSBYIDM=	QXVtZW50YSBiYXN0YW50ZSBsYSBEZWZlbnNhIGVuIGNvbWJhdGUuCkFsIGNhbWJpYXIgZGUgUG9rw6ltb24sIGVsIGVmZWN0byBkZXNhcGFyZWNlLg==
603	x-attack-3	QXRhcXVlIFggMw==	QXVtZW50YSBiYXN0YW50ZSBlbCBBdGFxdWUgZW4gY29tYmF0ZS4KQWwgY2FtYmlhciBkZSBQb2vDqW1vbiwgZWwgZWZlY3RvIGRlc2FwYXJlY2Uu
604	x-accuracy-3	UHJlY2lzacOzbiBYIDM=	QXVtZW50YSBiYXN0YW50ZSBsYSBQcmVjaXNpw7NuIGVuIGNvbWJhdGUuCkFsIGNhbWJpYXIgZGUgUG9rw6ltb24sIGVsIGVmZWN0byBkZXNhcGFyZWNlLg==
605	x-speed-6	VmVsb2NpZGFkIFggNg==	QXVtZW50YSBtdWNobyBsYSBWZWxvY2lkYWQgZW4gY29tYmF0ZS4KQWwgY2FtYmlhciBkZSBQb2vDqW1vbiwgZWwgZWZlY3RvIGRlc2FwYXJlY2Uu
606	x-sp-atk-6	QXQuIEVzcC4gWCA2	QXVtZW50YSBtdWNobyBlbCBBdGFxdWUgRXNwZWNpYWwgZW4gY29tYmF0ZS4KQWwgY2FtYmlhciBkZSBQb2vDqW1vbiwgZWwgZWZlY3RvIGRlc2FwYXJlY2Uu
607	x-sp-def-6	RGVmLiBFc3AuIFggNg==	QXVtZW50YSBtdWNobyBsYSBEZWZlbnNhIEVzcGVjaWFsIGVuIGNvbWJhdGUuCkFsIGNhbWJpYXIgZGUgUG9rw6ltb24sIGVsIGVmZWN0byBkZXNhcGFyZWNlLg==
608	x-defense-6	RGVmZW5zYSBYIDY=	QXVtZW50YSBtdWNobyBsYSBEZWZlbnNhIGVuIGNvbWJhdGUuCkFsIGNhbWJpYXIgZGUgUG9rw6ltb24sIGVsIGVmZWN0byBkZXNhcGFyZWNlLg==
609	x-attack-6	QXRhcXVlIFggNg==	QXVtZW50YSBtdWNobyBlbCBBdGFxdWUgZW4gY29tYmF0ZS4KQWwgY2FtYmlhciBkZSBQb2vDqW1vbiwgZWwgZWZlY3RvIGRlc2FwYXJlY2Uu
610	x-accuracy-6	UHJlY2lzacOzbiBYIDY=	QXVtZW50YSBtdWNobyBsYSBQcmVjaXNpw7NuIGVuIGNvbWJhdGUuCkFsIGNhbWJpYXIgZGUgUG9rw6ltb24sIGVsIGVmZWN0byBkZXNhcGFyZWNlLg==
611	ability-urge	SGFiaWxpdGFkb3I=	QWwgdXNhcmxvLCBhY3RpdmEgbGEgaGFiaWxpZGFkIGRlIHVuIFBva8OpbW9uIGRlCnR1IGVxdWlwby4=
612	item-drop	VGlyYW9iamV0bw==	Q3VhbmRvIHNlIHVzYSwgdW4gUG9rw6ltb24gZGUgdHUgZXF1aXBvIHBpZXJkZQpzdSBvYmpldG8u
613	item-urge	QWN0aXZhb2JqZXRv	Q3VhbmRvIHNlIHVzYSwgdW4gUG9rw6ltb24gZGUgdHUgZXF1aXBvIHV0aWxpemEKc3Ugb2JqZXRvIGlubWVkaWF0YW1lbnRlLg==
614	reset-urge	UXVpdGFlc3RhZG8=	Q3VhbmRvIHNlIHVzYSwgc2UgYW51bGFuIGxvcyBjYW1iaW9zIGVuIGxhcwpjYXJhY3RlcsOtc3RpY2FzIGRlIHVuIFBva8OpbW9uIGRlIHR1IGVxdWlwby4=
615	dire-hit-3	Q3LDrXRpY28gWCAz	QXVtZW50YSBtdWNobyBsYSBwcm9iYWJpbGlkYWQgZGUgYXNlc3RhciB1bgpnb2xwZSBjcsOtdGljby4gQWwgY2FtYmlhciBkZSBQb2vDqW1vbiwgc3UgZWZlY3RvCmRlc2FwYXJlY2Uu
616	light-stone	T3JiZSBDbGFybw==	Rm9ybWEgcXVlIGFkb3B0w7MgUmVzaGlyYW0gYWwgcGVyZGVyIHN1IGN1ZXJwby4KRXNwZXJhIGxhIGxsZWdhZGEgZGUgdW4gbnVldm8gaMOpcm9lLg==
617	dark-stone	T3JiZSBPc2N1cm8=	Rm9ybWEgcXVlIGFkb3B0w7MgWmVrcm9tIGFsIHBlcmRlciBzdSBjdWVycG8uCkVzcGVyYSBsYSBsbGVnYWRhIGRlIHVuIG51ZXZvIGjDqXJvZS4=
618	tm93	TVQ5Mw==	UGxhY2FqZSBkZSBhbHRvIHZvbHRhamUgcXVlIGhpZXJlIHRhbWJpw6luIGFsCmF0YWNhbnRlLg==
619	tm94	TVQ5NA==	SW51bmRhIGVsIHRlcnJlbm8gZGUgY29tYmF0ZSBjb24gdW5hIG9sYSBnaWdhbnRlLg==
620	tm95	TVQ5NQ==	QXRhY2EgY29uIHVuIGNoaWxsaWRvIGRlc2FncmFkYWJsZSBxdWUgYmFqYSBlbApBdGFxdWUgRXNwZWNpYWwgZGVsIHJpdmFsLg==
621	xtransceiver	VmlkZW9taXNvcg==	
621	xtransceiver--red	VmlkZW9taXNvcg==	Q29tdW5pY2Fkb3IgZGUgYWx0YSB0ZWNub2xvZ8OtYSBjb24gY8OhbWFyYSBxdWUKcGVybWl0ZSBoYWJsYXIgYSBjdWF0cm8gcGVyc29uYXMgYSBsYSB2ZXou
622	god-stone		
623	gram-1	RW52w61vIDE=	Q2FydGEgaW1wb3J0YW50ZSBxdWUgZW50cmVnYSBXaW5ndWxsLg==
624	gram-2	RW52w61vIDI=	Q2FydGEgaW1wb3J0YW50ZSBxdWUgZW50cmVnYSBXaW5ndWxsLg==
625	gram-3	RW52w61vIDM=	Q2FydGEgaW1wb3J0YW50ZSBxdWUgZW50cmVnYSBXaW5ndWxsLg==
626	xtransceiver--yellow	VmlkZW9taXNvcg==	Q29tdW5pY2Fkb3IgZGUgYWx0YSB0ZWNub2xvZ8OtYSBjb24gY8OhbWFyYSBxdWUKcGVybWl0ZSBoYWJsYXIgYSBjdWF0cm8gcGVyc29uYXMgYSBsYSB2ZXou
627	medal-box	Q2FqYSBJbnNpZ25pYXM=	VW4gZGlzcG9zaXRpdm8gY29uIGZvcm1hIGRlIGNhamEgcXVlIGFsbWFjZW5hCmxhcyBpbnNpZ25pYXMgeSBsYSBpbmZvcm1hY2nDs24gcmVsYWNpb25hZGEu
628	dna-splicers	UHVudGEgQURO	
628	dna-splicers--merge	UHVudGEgQURO	UHVudGEgcXVlIHBlcm1pdGUgZnVzaW9uYXIgYSBLeXVyZW0gY29uIGNpZXJ0bwpQb2vDqW1vbiBjb24gZWwgcXVlLCBvcmlnaW5hcmlhbWVudGUsIGZvcm1hYmEKdW4gc29sbyBzZXIu
629	dna-splicers--split	UHVudGEgQURO	UHVudGEgcXVlIHBlcm1pdGUgc2VwYXJhciBhIEt5dXJlbSBkZWwgUG9rw6ltb24KY29uIGVsIHF1ZSBzZSBoYSBmdXNpb25hZG8u
630	permit	UGFzZQ==	UGVybWlzbyBuZWNlc2FyaW8gcGFyYSBhY2NlZGVyIGEgbGEgUmVzZXJ2YQpOYXR1cmFsLCBsdWdhciBxdWUgc29sbyB1bm9zIHBvY29zIGNvbm9jZW4u
631	oval-charm	QW11bGV0byBPdmFs	TWlzdGVyaW9zbyBhbXVsZXRvIG92YWxhZG8gcXVlIGF1bWVudGEgbGEKcG9zaWJpbGlkYWQgZGUgZW5jb250cmFyIEh1ZXZvcyBlbiBDdWlkYWRvcwpQb2vDqW1vbi4=
632	shiny-charm	QW11bGV0byBJcmlz	TWlzdGVyaW9zbyBhbXVsZXRvIGJyaWxsYW50ZSBxdWUgYXVtZW50YSBsYQpwcm9iYWJpbGlkYWQgZGUgZW5jb250cmFyIFBva8OpbW9uIHZhcmlvY29sb3Iu
633	plasma-card	VGFyamV0YSBQbGFzbWE=	VGFyamV0YSBuZWNlc2FyaWEgcGFyYSBpbnRyb2R1Y2lyIGxhIGNvbnRyYXNlw7FhIGVuCmxhIEZyYWdhdGEgUGxhc21hLg==
634	grubby-hanky	UGHDsXVlbG8gU3VjaW8=	UGHDsXVlbG8gcGVyZGlkbyBwb3IgdW4gY2xpZW50ZSBoYWJpdHVhbCBkZWwgQ2Fmw6kKQWxtYSBlbiBDaXVkYWQgRXNtYWx0ZS4gRGVzcHJlbmRlIGVsIG9sb3IgZGUKdW4gUG9rw6ltb24u
635	colress-machine	QWNyb23DoXF1aW5h	RGlzcG9zaXRpdm8gcXVlIHBlcm1pdGUgYXVtZW50YXIgZm9yemFkYW1lbnRlCmxhcyBjYXJhY3RlcsOtc3RpY2FzIGRlIGxvcyBQb2vDqW1vbi4gRXMgdW4gcHJvdG90aXBvCmltcGVyZmVjdG8u
636	dropped-item--red	T2JqZXRvIFBlcmRpZG8=	VmlkZW9taXNvciBlbmNvbnRyYWRvIGVuIGVsIHBhcnF1ZSBkZQphdHJhY2Npb25lcyBkZSBDaXVkYWQgTWF5w7NsaWNhLiBQYXJlY2UgcXVlCnBlcnRlbmVjZSBhIHVuIGNoaWNvLg==
636	dropped-item	T2JqZXRvIFBlcmRpZG8=	
637	dropped-item--yellow	T2JqZXRvIFBlcmRpZG8=	VmlkZW9taXNvciBlbmNvbnRyYWRvIGVuIGVsIHBhcnF1ZSBkZQphdHJhY2Npb25lcyBkZSBDaXVkYWQgTWF5w7NsaWNhLiBQYXJlY2UgcXVlCnBlcnRlbmVjZSBhIHVuYSBjaGljYS4=
638	reveal-glass	RXNwZWpvIFZlcmF6	RXNwZWpvIG1pc3Rlcmlvc28gcXVlIHJlZmxlamEgbGEgdmVyZGFkIHkgZGV2dWVsdmUKbG9zIFBva8OpbW9uIGEgc3UgZm9ybWEgb3JpZ2luYWwu
639	weakness-policy	U2VndXJvIERlYmlsaWRhZA==	QXVtZW50YSBtdWNobyBlbCBBdGFxdWUgeSBlbCBBdGFxdWUgRXNwZWNpYWwKY3VhbmRvIGVsIFBva8OpbW9uIHF1ZSBsbyBsbGV2YSByZWNpYmUgdW4gYXRhcXVlCmZyZW50ZSBhbCBjdWFsIGVzIGTDqWJpbC4=
640	assault-vest	Q2hhbGVjbyBBc2FsdG8=	Q2hhbGVjbyBxdWUgcG90ZW5jaWEgbGEgRGVmZW5zYSBFc3BlY2lhbCBkZWwKUG9rw6ltb24gcXVlIGxvIGxsZXZhLCBwZXJvIGxlIGltcGlkZSBsYW56YXIKYXRhcXVlcyBkZSBlc3RhZG8u
641	holo-caster	SG9sb21pc29y	
641	holo-caster--green	SG9sb21pc29y	RXN0ZSBhcGFyYXRvIHBlcm1pdGUgcmVjaWJpciB2w61kZW9zIGhvbG9ncsOhZmljb3MKeSB2aXN1YWxpemFybG9zIGVuIGN1YWxxdWllciBtb21lbnRvLg==
642	profs-letter	Q2FydGEgUHJvZmVzb3I=	VW5hIGNhcnRhIHN1dGlsbWVudGUgcGVyZnVtYWRhIHF1ZSBlbCBQcm9mZXNvcgpDaXByw6lzIGxlIGhhIGVzY3JpdG8gYSB0dSBtYWRyZS4=
643	roller-skates	UGF0aW5lcw==	UnVlZGFzIHF1ZSBzZSBhY29wbGFuIGEgbGEgc3VlbGEgZGVsIGNhbHphZG8KeSB0ZSBwZXJtaXRlbiBpciBtw6FzIHLDoXBpZG8geSByZWFsaXphciBwaXJ1ZXRhcwplc3BlY3RhY3VsYXJlcy4=
644	pixie-plate	VGFibGEgRHVlbmRl	VGFibGEgZGUgcGllZHJhIHF1ZSBwb3RlbmNpYSBsb3MgbW92aW1pZW50b3MgZGUKdGlwbyBIYWRhLiBEZWJlIGxsZXZhcmxhIHVuIFBva8OpbW9uLg==
645	ability-capsule	Q8OhcHMuIEhhYmlsaWRhZA==	Q8OhcHN1bGEgcXVlIGxlcyBwZXJtaXRlIGNhbWJpYXIgZGUgaGFiaWxpZGFkIGEKbG9zIFBva8OpbW9uIHF1ZSBwb3NlZW4gZG9zLg==
646	whipped-dream	RHVsY2UgZGUgTmF0YQ==	VW4gZHVsY2UgYSBiYXNlIGRlIHN1YXZlIHkgZXNwb25qb3NhIG5hdGEKbW9udGFkYS4gQSBhbGd1bm9zIFBva8OpbW9uIGxlcyBlbmNhbnRhLg==
647	sachet	U2FxdWl0byBGcmFnYW50ZQ==	VW4gc2FxdWl0byBsbGVubyBkZSBzdXN0YW5jaWFzIGFyb23DoXRpY2FzIGN1eW8KcGVyZnVtZSByZXN1bHRhIGFicnVtYWRvciwgcGVybyBxdWUgYSBjaWVydG9zClBva8OpbW9uIGxlcyBlbmNhbnRhLg==
648	luminous-moss	TXVzZ28gQnJpbGxhbnRl	T2JqZXRvIGRlIHVuIHNvbG8gdXNvLiBBdW1lbnRhIGxhIERlZmVuc2EKRXNwZWNpYWwgZGVsIFBva8OpbW9uIHF1ZSBsbyBsbGV2YSBzaSBlc3RlIHJlY2liZQp1biBhdGFxdWUgZGUgdGlwbyBBZ3VhLg==
649	snowball	Qm9sYSBkZSBOaWV2ZQ==	T2JqZXRvIGRlIHVuIHNvbG8gdXNvLiBBdW1lbnRhIGVsIEF0YXF1ZSBkZWwKUG9rw6ltb24gcXVlIGxvIGxsZXZhIHNpIGVzdGUgcmVjaWJlIHVuIGF0YXF1ZSBkZQp0aXBvIEhpZWxvLg==
650	safety-goggles	R2FmYSBQcm90ZWN0b3Jh	R2FmYSBxdWUgcHJvdGVnZSBkZSBsb3MgZWZlY3RvcyBhZHZlcnNvcyBkZWwKY2xpbWEgeSBkZWwgcG9sdm8gbGFuemFkbyBwb3IgbG9zIHJpdmFsZXMu
651	poke-flute	UG9rw6kgRmxhdXRh	VW5hIGZsYXV0YSBjb24gdW4gdGltYnJlIHRhbiBkdWxjZSB5IGhlcm1vc28gcXVlCmRlc3BpZXJ0YSBoYXN0YSBhbCBQb2vDqW1vbiBtw6FzIHByb2Z1bmRhbWVudGUKZG9ybWlkby4=
652	rich-mulch	QWJvbm8gRsOpcnRpbA==	VW4gZmVydGlsaXphbnRlIHVzYWRvIHBhcmEgZWwgY3VsdGl2byBkZSBiYXlhcy4KUGFyZWNlIHF1ZSBubyBzZSBhc2llbnRhIGJpZW4gZW4gZWwgc3VlbG8gZGUKSG9lbm4sIHBvciBsbyBxdWUgbm8gdGllbmUgZWZlY3RvIGVuIGVzdGEgcmVnacOzbi4=
653	surprise-mulch	QWJvbm8gU29ycHJlc2E=	VW4gZmVydGlsaXphbnRlIHVzYWRvIHBhcmEgZWwgY3VsdGl2byBkZSBiYXlhcy4KUGFyZWNlIHF1ZSBubyBzZSBhc2llbnRhIGJpZW4gZW4gZWwgc3VlbG8gZGUKSG9lbm4sIHBvciBsbyBxdWUgbm8gdGllbmUgZWZlY3RvIGVuIGVzdGEgcmVnacOzbi4=
654	boost-mulch	QWJvbm8gRnJ1Y3TDrWZlcm8=	VW4gZmVydGlsaXphbnRlIHVzYWRvIHBhcmEgZWwgY3VsdGl2byBkZSBiYXlhcy4KUGFyZWNlIHF1ZSBubyBzZSBhc2llbnRhIGJpZW4gZW4gZWwgc3VlbG8gZGUKSG9lbm4sIHBvciBsbyBxdWUgbm8gdGllbmUgZWZlY3RvIGVuIGVzdGEgcmVnacOzbi4=
655	amaze-mulch	QWJvbm8gSW5zw7NsaXRv	VW4gZmVydGlsaXphbnRlIHVzYWRvIHBhcmEgZWwgY3VsdGl2byBkZSBiYXlhcy4KUGFyZWNlIHF1ZSBubyBzZSBhc2llbnRhIGJpZW4gZW4gZWwgc3VlbG8gZGUKSG9lbm4sIHBvciBsbyBxdWUgbm8gdGllbmUgZWZlY3RvIGVuIGVzdGEgcmVnacOzbi4=
656	gengarite	R2VuZ2FyaXRh	VW5hIGRlIGxhcyBtaXN0ZXJpb3NhcyBNZWdhcGllZHJhcy4gUGVybWl0ZQptZWdhZXZvbHVjaW9uYXIgYSBHZW5nYXIgZW4gY29tYmF0ZS4=
657	gardevoirite	R2FyZGV2b2lyaXRh	VW5hIGRlIGxhcyBtaXN0ZXJpb3NhcyBNZWdhcGllZHJhcy4gUGVybWl0ZQptZWdhZXZvbHVjaW9uYXIgYSBHYXJkZXZvaXIgZW4gY29tYmF0ZS4=
658	ampharosite	QW1waGFyb3NpdGE=	VW5hIGRlIGxhcyBtaXN0ZXJpb3NhcyBNZWdhcGllZHJhcy4gUGVybWl0ZQptZWdhZXZvbHVjaW9uYXIgYSBBbXBoYXJvcyBlbiBjb21iYXRlLg==
659	venusaurite	VmVudXNhdXJpdGE=	VW5hIGRlIGxhcyBtaXN0ZXJpb3NhcyBNZWdhcGllZHJhcy4gUGVybWl0ZQptZWdhZXZvbHVjaW9uYXIgYSBWZW51c2F1ciBlbiBjb21iYXRlLg==
660	charizardite-x	Q2hhcml6YXJkaXRhIFg=	VW5hIGRlIGxhcyBtaXN0ZXJpb3NhcyBNZWdhcGllZHJhcy4gUGVybWl0ZQptZWdhZXZvbHVjaW9uYXIgYSBDaGFyaXphcmQgZW4gY29tYmF0ZS4=
661	blastoisinite	Qmxhc3RvaXNpdGE=	VW5hIGRlIGxhcyBtaXN0ZXJpb3NhcyBNZWdhcGllZHJhcy4gUGVybWl0ZQptZWdhZXZvbHVjaW9uYXIgYSBCbGFzdG9pc2UgZW4gY29tYmF0ZS4=
662	mewtwonite-x	TWV3dHdvaXRhIFg=	VW5hIGRlIGxhcyBtaXN0ZXJpb3NhcyBNZWdhcGllZHJhcy4gUGVybWl0ZQptZWdhZXZvbHVjaW9uYXIgYSBNZXd0d28gZW4gY29tYmF0ZS4=
663	mewtwonite-y	TWV3dHdvaXRhIFk=	VW5hIGRlIGxhcyBtaXN0ZXJpb3NhcyBNZWdhcGllZHJhcy4gUGVybWl0ZQptZWdhZXZvbHVjaW9uYXIgYSBNZXd0d28gZW4gY29tYmF0ZS4=
664	blazikenite	QmxhemlrZW5pdGE=	VW5hIGRlIGxhcyBtaXN0ZXJpb3NhcyBNZWdhcGllZHJhcy4gUGVybWl0ZQptZWdhZXZvbHVjaW9uYXIgYSBCbGF6aWtlbiBlbiBjb21iYXRlLg==
665	medichamite	TWVkaWNoYW1pdGE=	VW5hIGRlIGxhcyBtaXN0ZXJpb3NhcyBNZWdhcGllZHJhcy4gUGVybWl0ZQptZWdhZXZvbHVjaW9uYXIgYSBNZWRpY2hhbSBlbiBjb21iYXRlLg==
666	houndoominite	SG91bmRvb21pdGE=	VW5hIGRlIGxhcyBtaXN0ZXJpb3NhcyBNZWdhcGllZHJhcy4gUGVybWl0ZQptZWdhZXZvbHVjaW9uYXIgYSBIb3VuZG9vbSBlbiBjb21iYXRlLg==
667	aggronite	QWdncm9uaXRh	VW5hIGRlIGxhcyBtaXN0ZXJpb3NhcyBNZWdhcGllZHJhcy4gUGVybWl0ZQptZWdhZXZvbHVjaW9uYXIgYSBBZ2dyb24gZW4gY29tYmF0ZS4=
668	banettite	QmFuZXR0aXRh	VW5hIGRlIGxhcyBtaXN0ZXJpb3NhcyBNZWdhcGllZHJhcy4gUGVybWl0ZQptZWdhZXZvbHVjaW9uYXIgYSBCYW5ldHRlIGVuIGNvbWJhdGUu
669	tyranitarite	VHlyYW5pdGFyaXRh	VW5hIGRlIGxhcyBtaXN0ZXJpb3NhcyBNZWdhcGllZHJhcy4gUGVybWl0ZQptZWdhZXZvbHVjaW9uYXIgYSBUeXJhbml0YXIgZW4gY29tYmF0ZS4=
670	scizorite	U2Npem9yaXRh	VW5hIGRlIGxhcyBtaXN0ZXJpb3NhcyBNZWdhcGllZHJhcy4gUGVybWl0ZQptZWdhZXZvbHVjaW9uYXIgYSBTY2l6b3IgZW4gY29tYmF0ZS4=
671	pinsirite	UGluc2lyaXRh	VW5hIGRlIGxhcyBtaXN0ZXJpb3NhcyBNZWdhcGllZHJhcy4gUGVybWl0ZQptZWdhZXZvbHVjaW9uYXIgYSBQaW5zaXIgZW4gY29tYmF0ZS4=
672	aerodactylite	QWVyb2RhY3R5bGl0YQ==	VW5hIGRlIGxhcyBtaXN0ZXJpb3NhcyBNZWdhcGllZHJhcy4gUGVybWl0ZQptZWdhZXZvbHVjaW9uYXIgYSBBZXJvZGFjdHlsIGVuIGNvbWJhdGUu
673	lucarionite	THVjYXJpdGE=	VW5hIGRlIGxhcyBtaXN0ZXJpb3NhcyBNZWdhcGllZHJhcy4gUGVybWl0ZQptZWdhZXZvbHVjaW9uYXIgYSBMdWNhcmlvIGVuIGNvbWJhdGUu
674	abomasite	QWJvbWFzbm93aXRh	VW5hIGRlIGxhcyBtaXN0ZXJpb3NhcyBNZWdhcGllZHJhcy4gUGVybWl0ZQptZWdhZXZvbHVjaW9uYXIgYSBBYm9tYXNub3cgZW4gY29tYmF0ZS4=
675	kangaskhanite	S2FuZ2Fza2hhbml0YQ==	VW5hIGRlIGxhcyBtaXN0ZXJpb3NhcyBNZWdhcGllZHJhcy4gUGVybWl0ZQptZWdhZXZvbHVjaW9uYXIgYSBLYW5nYXNraGFuIGVuIGNvbWJhdGUu
676	gyaradosite	R3lhcmFkb3NpdGE=	VW5hIGRlIGxhcyBtaXN0ZXJpb3NhcyBNZWdhcGllZHJhcy4gUGVybWl0ZQptZWdhZXZvbHVjaW9uYXIgYSBHeWFyYWRvcyBlbiBjb21iYXRlLg==
677	absolite	QWJzb2xpdGE=	VW5hIGRlIGxhcyBtaXN0ZXJpb3NhcyBNZWdhcGllZHJhcy4gUGVybWl0ZQptZWdhZXZvbHVjaW9uYXIgYSBBYnNvbCBlbiBjb21iYXRlLg==
678	charizardite-y	Q2hhcml6YXJkaXRhIFk=	VW5hIGRlIGxhcyBtaXN0ZXJpb3NhcyBNZWdhcGllZHJhcy4gUGVybWl0ZQptZWdhZXZvbHVjaW9uYXIgYSBDaGFyaXphcmQgZW4gY29tYmF0ZS4=
679	alakazite	QWxha2F6YW1pdGE=	VW5hIGRlIGxhcyBtaXN0ZXJpb3NhcyBNZWdhcGllZHJhcy4gUGVybWl0ZQptZWdhZXZvbHVjaW9uYXIgYSBBbGFrYXphbSBlbiBjb21iYXRlLg==
680	heracronite	SGVyYWNyb3NzaXRh	VW5hIGRlIGxhcyBtaXN0ZXJpb3NhcyBNZWdhcGllZHJhcy4gUGVybWl0ZQptZWdhZXZvbHVjaW9uYXIgYSBIZXJhY3Jvc3MgZW4gY29tYmF0ZS4=
681	mawilite	TWF3aWxpdGE=	VW5hIGRlIGxhcyBtaXN0ZXJpb3NhcyBNZWdhcGllZHJhcy4gUGVybWl0ZQptZWdhZXZvbHVjaW9uYXIgYSBNYXdpbGUgZW4gY29tYmF0ZS4=
682	manectite	TWFuZWN0cmljaXRh	VW5hIGRlIGxhcyBtaXN0ZXJpb3NhcyBNZWdhcGllZHJhcy4gUGVybWl0ZQptZWdhZXZvbHVjaW9uYXIgYSBNYW5lY3RyaWMgZW4gY29tYmF0ZS4=
683	garchompite	R2FyY2hvbXBpdGE=	VW5hIGRlIGxhcyBtaXN0ZXJpb3NhcyBNZWdhcGllZHJhcy4gUGVybWl0ZQptZWdhZXZvbHVjaW9uYXIgYSBHYXJjaG9tcCBlbiBjb21iYXRlLg==
684	latiasite	TGF0aWFzaXRh	VW5hIGRlIGxhcyBtaXN0ZXJpb3NhcyBNZWdhcGllZHJhcy4gUGVybWl0ZQptZWdhZXZvbHVjaW9uYXIgYSBMYXRpYXMgZW4gY29tYmF0ZS4=
685	latiosite	TGF0aW9zaXRh	VW5hIGRlIGxhcyBtaXN0ZXJpb3NhcyBNZWdhcGllZHJhcy4gUGVybWl0ZQptZWdhZXZvbHVjaW9uYXIgYSBMYXRpb3MgZW4gY29tYmF0ZS4=
686	roseli-berry	QmF5YSBIaWJpcw==	U2kgbGEgbGxldmEgdW4gUG9rw6ltb24sIGRlYmlsaXRhIHVuIGF0YXF1ZQpzdXBlcmVmaWNheiBkZSB0aXBvIEhhZGEgZGUgdW4gZW5lbWlnby4=
687	kee-berry	QmF5YSBCaWdsaWE=	U2kgbGEgbGxldmEgdW4gUG9rw6ltb24sIGF1bWVudGEgc3UgRGVmZW5zYSB0cmFzCnJlY2liaXIgdW4gYXRhcXVlIGbDrXNpY28u
688	maranga-berry	QmF5YSBNYXJhbmdh	U2kgbGEgbGxldmEgdW4gUG9rw6ltb24sIGF1bWVudGEgc3UgRGVmZW5zYQpFc3BlY2lhbCB0cmFzIHJlY2liaXIgdW4gYXRhcXVlIGVzcGVjaWFsLg==
689	sprinklotad	TG90YWRnYWRlcmE=	VW5hIHJlZ2FkZXJhIGNvbiBmb3JtYSBkZSBMb3RhZC4gQXl1ZGEgYSBxdWUKbGFzIGJheWFzIHBsYW50YWRhcyBlbiBzdWVsbyBibGFuZGl0byBjcmV6Y2FuCm1lam9yLg==
690	tm96	TVQ5Ng==	VXNhIGVsIHBvZGVyIGRlIGxhIG5hdHVyYWxlemEgcGFyYSBhdGFjYXIuClN1IGVmZWN0byB2YXLDrWEgc2Vnw7puIGVsIGVudG9ybm8gZGUgY29tYmF0ZS4=
691	tm97	TVQ5Nw==	TGliZXJhIHVuYSBob3JyaWJsZSBhdXJhIGxsZW5hIGRlIG1hbG9zCnBlbnNhbWllbnRvcyB5IHB1ZWRlIGhhY2VyIHJldHJvY2VkZXIgYWwKb2JqZXRpdm8u
692	tm98	TVQ5OA==	RW1iaXN0ZSBjb24gdW4gZ3JhbiBpbXB1bHNvIHF1ZSBwdWVkZSBoYWNlcgpyZXRyb2NlZGVyLg==
693	tm99	TVQ5OQ==	SW5mbGlnZSBkYcOxbyBhIGxvcyBvcG9uZW50ZXMgY29uIHVuYSBwb3RlbnRlIGx1ei4=
694	tm100	TVQxMDA=	SGFjZSBxdWUgZWwgb2JqZXRpdm8gcGllcmRhIGxhIGNvbmNlbnRyYWNpw7NuCmNvbnTDoW5kb2xlIHVuIHNlY3JldG8uIERpc21pbnV5ZSBlbCBBdGFxdWUKRXNwZWNpYWwgZGVsIG9wb25lbnRlLg==
695	power-plant-pass	UGFzZSBDZW50cmFs	RG9jdW1lbnRvIGRlIGlkZW50aWZpY2FjacOzbiBuZWNlc2FyaW8gcGFyYQphY2NlZGVyIGEgbGEgY2VudHJhbCBlbMOpY3RyaWNhIGRlIGxhIFJ1dGEgMTMu
696	mega-ring	TWVnYS1Bcm8=	QWNjZXNvcmlvIGNvbiB1biBwb2RlciBtaXN0ZXJpb3NvIHF1ZSBwZXJtaXRlCm1lZ2Fldm9sdWNpb25hciBhIFBva8OpbW9uIHF1ZSBsbGV2ZW4gbGEKTWVnYXBpZWRyYSBhZGVjdWFkYS4=
697	intriguing-stone	UGllZHJhIEluc8OzbGl0YQ==	VW5hIGN1cmlvc2EgcGllZHJhIHF1ZSBhIGFsZ3Vub3MgbGVzIHB1ZWRlCnBhcmVjZXIgZGUgZ3JhbiB2YWxvci4=
698	common-stone	UGllZHJhIENvbcO6bg==	VW5hIHBpZWRyYSBkZSBhc3BlY3RvIG5vcm1hbCBxdWUgYSBhbGd1bm9zIGxlcwpwdWVkZSBwYXJlY2VyIGRlIGdyYW4gdmFsb3Iu
699	discount-coupon	VmFsZSBEZXNjdWVudG8=	Q29uIGVzdGUgdmFsZSB0ZSBoYXLDoW4ganVnb3NvcyBkZXNjdWVudG9zCmN1YW5kbyB2YXlhcyBkZSBjb21wcmFzIGEgdW5hIEJvdXRpcXVlLg==
700	elevator-key	TGxhdmUgQXNjZW5zb3I=	VGFyamV0YSBjb24gZWwgbG9nb3RpcG8gZGVsIFRlYW0gRmxhcmUgcXVlIGFjdGl2YQplbCBhc2NlbnNvciBkZSBsb3MgTGFib3JhdG9yaW9zIEx5c3Nvbi4=
701	tmv-pass	QWJvbm8gZGVsIFRNVg==	UGFzZSBxdWUgcGVybWl0ZSByZWFsaXphciB2aWFqZXMgaWxpbWl0YWRvcyBlbiBlbApUTVYgcXVlIHVuZSBsYXMgY2l1ZGFkZXMgZGUgTHVtaW5hbGlhIHkgQmF0aWsu
702	honor-of-kalos	RW1ibGVtYSBLYWxvcw==	U8OtbWJvbG8gb3RvcmdhZG8gZW4gcmVjb25vY2ltaWVudG8gYSBxdWllbmVzCmhhbiByZWFsaXphZG8gZ2VzdGFzIGV4Y2VwY2lvbmFsZXMgZW4gbGEgcmVnacOzbgpkZSBLYWxvcy4=
703	adventure-rules	R3XDrWEgZGUgQXZlbnR1cmE=	R3XDrWEgcmVkYWN0YWRhIHBvciB1bm8gZGUgdHVzIGFtaWdvcyBjb24gbG9zCnB1bnRvcyBlc2VuY2lhbGVzIHF1ZSB0b2RvIEVudHJlbmFkb3IgZGViZXLDrWEKdGVuZXIgZW4gY3VlbnRhIGR1cmFudGUgc3UgdmlhamUgcG9yIEthbG9zLg==
704	strange-souvenir	RXN0YXR1aWxsYSBSYXJh	T3JuYW1lbnRvIHF1ZSByZXByZXNlbnRhIGEgdW4gUG9rw6ltb24KbWlzdGVyaW9zbyB2ZW5lcmFkbyBkZXNkZSBsYSBhbnRpZ8O8ZWRhZCBlbgpBbG9sYSBjb21vIGVzcMOtcml0dSBwcm90ZWN0b3Iu
705	lens-case	UG9ydGFsZW50aWxsYXM=	RXN0dWNoZSBkZSBhc3BlY3RvIHNvZmlzdGljYWRvIHBhcmEgbGxldmFyCnR1cyBsZW50ZXMgZGUgY29udGFjdG8u
706	makeup-bag	S2l0IE1hcXVpbGxhamU=	TmVjZXNlciBkZSBhc3BlY3RvIHNvZmlzdGljYWRvIHBhcmEgZ3VhcmRhcgp0dXMgYmFycmFzIGRlIGxhYmlvcy4=
707	travel-trunk	TWFsZXRh	TWFsZXRhIGxpZ2VyYSBkZSBpbmNyZcOtYmxlIGNhcGFjaWRhZCBkb25kZSBwb2Ryw6FzCmd1YXJkYXIgdG9kYXMgbGFzIHByZW5kYXMgZGUgcm9wYSBxdWUgcXVpZXJhcy4=
708	lumiose-galette	Q3LDqnBlIEx1bWluYWxpYQ==	RWwgZHVsY2UgZXN0cmVsbGEgZGUgQ2l1ZGFkIEx1bWluYWxpYS4gQ3VyYSBsb3MKcHJvYmxlbWFzIGRlIGVzdGFkbyBkZSB1biBQb2vDqW1vbi4=
709	shalour-sable	R2FsbGV0YSBZYW50cmE=	RXNwZWNpYWxpZGFkIGRlIENpdWRhZCBZYW50cmEuIEN1cmEgbG9zIHByb2JsZW1hcwpkZSBlc3RhZG8gZGUgdW4gUG9rw6ltb24u
710	jaw-fossil	RsOzc2lsIE1hbmTDrWJ1bGE=	RsOzc2lsIGRlIHVuIFBva8OpbW9uIHByZWhpc3TDs3JpY28gdGVycmVzdHJlLgpQYXJlY2Ugc2VyIHBhcnRlIGRlIHVuYSBtYW5kw61idWxhLg==
711	sail-fossil	RsOzc2lsIEFsZXRh	RsOzc2lsIGRlIHVuIFBva8OpbW9uIHByZWhpc3TDs3JpY28gdGVycmVzdHJlLgpQYXJlY2UgbGEgaW1wcmVzacOzbiBkZSB1bmEgYWxldGEu
712	looker-ticket	Qm9sZXRvIEhhbmRzb21l	Qm9sZXRvIGhlY2hvIGEgbWFubyBwb3IgSGFuZHNvbWUsIGRlY29yYWRvCmNvbiB1bmEgZ2VuZXJvc2EgY2FudGlkYWQgZGUgcHVycHVyaW5hLg==
713	bike--yellow	QmljaQ==	QmljaWNsZXRhIHBsZWdhYmxlIGNvbiBsYSBxdWUgc2UgdmEgbcOhcyByw6FwaWRvCnF1ZSBjb3JyaWVuZG8u
714	holo-caster--red	SG9sb21pc29y	RXN0ZSBhcGFyYXRvIHBlcm1pdGUgcmVjaWJpciB2w61kZW9zIGhvbG9ncsOhZmljb3MKeSB2aXN1YWxpemFybG9zIGVuIGN1YWxxdWllciBtb21lbnRvLg==
715	fairy-gem	R2VtYSBIYWRh	Sm95YSBkZSB1biBzb2xvIHVzbyBxdWUgcG90ZW5jaWEgbG9zIG1vdmltaWVudG9zCmRlIHRpcG8gSGFkYS4gRGViZSBsbGV2YXJsYSB1biBQb2vDqW1vbi4=
716	mega-charm	TWVnYWNvbGdhbnRl	QW11bGV0byBjb24gdW4gcG9kZXIgbWlzdGVyaW9zbyBxdWUgcGVybWl0ZQptZWdhZXZvbHVjaW9uYXIgYSBQb2vDqW1vbiBxdWUgbGxldmVuIGxhCk1lZ2FwaWVkcmEgYWRlY3VhZGEu
717	mega-glove	TWVnYWd1YW50ZQ==	R3VhbnRlIGNvbiB1biBwb2RlciBtaXN0ZXJpb3NvIHF1ZSBwZXJtaXRlCm1lZ2Fldm9sdWNpb25hciBhIFBva8OpbW9uIHF1ZSBsbGV2ZW4gbGEKTWVnYXBpZWRyYSBhZGVjdWFkYS4=
718	mach-bike	QmljaSBkZSBDYXJyZXJhcw==	QmljaWNsZXRhIHBsZWdhYmxlIHF1ZSB2YSBhIG3DoXMgZGVsIGRvYmxlIGRlCnZlbG9jaWRhZCBxdWUgb3RyYXMu
719	acro-bike	QmljaSBBY3JvYsOhdGljYQ==	QmljaWNsZXRhIHBsZWdhYmxlIGNhcGF6IGRlIGNvcnJlciBzb2JyZSB1bmEgc29sYQpydWVkYSwgcmVhbGl6YXIgc2FsdG9zIHkgb3RyYXMgYWNyb2JhY2lhcy4=
720	wailmer-pail	V2FpbG1lZ2FkZXJh	UmVnYWRlcmEgY29uIGZvcm1hIGRlIFdhaWxtZXIuIE11eSDDunRpbCBwYXJhIHF1ZQpjcmV6Y2FuIGxhcyBiYXlhcyBwbGFudGFkYXMu
721	devon-parts	UGllemFzIERldm9u	Q29udGllbmUgcGllemFzIGRlIGFsZ28gZmFicmljYWRvIHBvciBEZXZvbiBTLiBBLg==
722	soot-sack	U2FjbyBIb2xsw61u	Qm9sc2EgZW4gbGEgcXVlIHJlY29nZXIgbGEgY2VuaXphIGRlIHZvbGPDoW4Kc2VkaW1lbnRhZGEgZW4gZWwgc3VlbG8u
723	basement-key--goldenrod	TGxhdmUgU8OzdGFubw==	TGxhdmUgcXVlIGFicmUgbGEgcHVlcnRhIHF1ZSBoYXkgZW4gZWwgVMO6bmVsIFRyaWdhbC4=
723	basement-key--new-mauville	TGxhdmUgZGVsIFPDs3Rhbm8=	TGxhdmUgcXVlIGRhIGFjY2VzbyBhIE1hbHZhbGFub3ZhLCBzaXR1YWRhIGVuCmxvcyBzdWJ0ZXJyw6FuZW9zIGRlIENpdWRhZCBNYWx2YWxvbmEu
724	pokeblock-kit	S2l0IGRlIFBva8OpY3Vib3M=	S2l0IGNvbnNpc3RlbnRlIGVuIHVuYSBMaWN1YWJheWFzIHBhcmEgcHJlcGFyYXIKUG9rw6ljdWJvcyBhIHBhcnRpciBkZSBiYXlhcyB5IHVuIFR1Ym8KUG9rw6ljdWJvcyBwYXJhIGd1YXJkYXJsb3Mu
725	letter	Q2FydGEgYSBNw6F4aW1v	Q2FydGEgcXVlIHRlIGhhIGNvbmZpYWRvIGVsIHByZXNpZGVudGUgZGUKRGV2b24gUy4gQS4=
726	eon-ticket	VGlja2V0IEXDs24=	QmlsbGV0ZSBkZSBiYXJjbyBwYXJhIHZpYWphciBhIElzbGEgZGVsIFN1ci4KRXMgcG9zaWJsZSBxdWUgTm9ybWFuLCBMw61kZXIgZGVsIEdpbW5hc2lvIGRlCkNpdWRhZCBQZXRhbGlhLCBzZXBhIGFsZ28gYWwgcmVzcGVjdG8u
727	scanner	RXNjw6FuZXI=	T2JqZXRvIGhhbGxhZG8gZW4gZWwgaW50ZXJpb3IgZGUgTWFsdmFtYXIu
728	go-goggles	R2FmYXMgQWlzbGFudGVz	R2FmYXMgaWTDs25lYXMgcGFyYSBwcm90ZWdlcnRlIGxvcyBvam9zIGRlIGxhcwp0b3JtZW50YXMgZGUgYXJlbmEgZGVsIGRlc2llcnRvLg==
729	meteorite	TWV0ZW9yaXRv	TWV0ZW9yaXRvIG9idGVuaWRvIGVuIGVsIE1vbnRlIENlbml6byBxdWUgYW50ZXMKc2UgZW5jb250cmFiYSBlbiBsYSBDYXNjYWRhIE1ldGVvcm8u
730	key-to-room-1	TGwuIEhhYml0YWNpw7NuIDE=	TGxhdmUgZGUgYWNjZXNvIGEgdW5hIGRlIGxhcyBoYWJpdGFjaW9uZXMgZGUKTWFsdmFtYXIu
731	key-to-room-2	TGwuIEhhYml0YWNpw7NuIDI=	TGxhdmUgZGUgYWNjZXNvIGEgdW5hIGRlIGxhcyBoYWJpdGFjaW9uZXMgZGUKTWFsdmFtYXIu
732	key-to-room-4	TGwuIEhhYml0YWNpw7NuIDQ=	TGxhdmUgZGUgYWNjZXNvIGEgdW5hIGRlIGxhcyBoYWJpdGFjaW9uZXMgZGUKTWFsdmFtYXIu
733	key-to-room-6	TGwuIEhhYml0YWNpw7NuIDY=	TGxhdmUgZGUgYWNjZXNvIGEgdW5hIGRlIGxhcyBoYWJpdGFjaW9uZXMgZGUKTWFsdmFtYXIu
734	storage-key--galactic-warehouse	TGxhdmUgQWxtYWPDqW4=	TGxhdmUgZGVsIHNpbmllc3RybyBhbG1hY8OpbiBkZWwgRXF1aXBvIEdhbGF4aWEgcXVlCmVzdMOhIHViaWNhZG8gZW4gbGFzIGFmdWVyYXMgZGUgQ2l1ZGFkIFJvY2F2ZWxvLg==
734	storage-key--sea-mauville	TGxhdmUgQWxtYWPDqW4=	TGxhdmUgZGUgYWNjZXNvIGFsIGFsbWFjw6luIGRlIE1hbHZhbWFyLg==
735	devon-scope	RGV0ZWN0b3IgRGV2b24=	QXJ0aWx1Z2lvIGNyZWFkbyBwb3IgRGV2b24gUy4gQS4gcXVlIHJlYWNjaW9uYQphIGxhIHByZXNlbmNpYSBkZSBQb2vDqW1vbiBpbnZpc2libGVzIGVtaXRpZW5kbwpzb25pZG9zLg==
736	ss-ticket--hoenn	VGlja2V0IEJhcmNv	TmVjZXNhcmlvIHBhcmEgbW9udGFyIGVuIGJhcmNvcyBkZSBsw61uZWEgcmVndWxhci4=
737	hm07	TU8wNw==	QXRhY2Egc3VtZXJnacOpbmRvc2UgZW4gZWwgYWd1YSBlbiBlbCBwcmltZXIKdHVybm8geSBlbWVyZ2llbmRvIHZpb2xlbnRhbWVudGUgZW4gZWwgc2VndW5kby4=
738	devon-scuba-gear	Qm9tYm9uYSBEZXZvbg==	TcOhc2NhcmEgcXVlIHN1cnRlIGRlIG94w61nZW5vIGR1cmFudGUgbGFzCmlubWVyc2lvbmVzIGVuIGVsIGFndWEuIFByb2R1Y3RvIGRlIERldm9uIFMuIEEu
739	contest-costume--jacket	VHJhamUgZGUgR2FsYQ==	VHJhamUgZGUgbG8gbcOhcyBlc3BlY3RhY3VsYXIgcGFyYSBsdWNpciBlbiBlbApHcmFuIENvbmN1cnNvLg==
740	contest-costume--dress	VmVzdGlkbyBkZSBHYWxh	VmVzdGlkbyBkZSBsbyBtw6FzIGVzcGVjdGFjdWxhciBwYXJhIGx1Y2lyIGVuIGVsCkdyYW4gQ29uY3Vyc28u
741	magma-suit	VHJhamUgTWFnbWE=	RXN0ZSB0cmFqZSBlcyBlbCByZXN1bHRhZG8gZGUgbGFzIGFyZHVhcwppbnZlc3RpZ2FjaW9uZXMgY2llbnTDrWZpY2FzIGRlbCBFcXVpcG8gTWFnbWEuCkVzIGNhcGF6IGRlIHNvcG9ydGFyIGN1YWxxdWllciBpbXBhY3RvLg==
742	aqua-suit	VHJhamUgQXF1YQ==	RXN0ZSB0cmFqZSBlcyBlbCByZXN1bHRhZG8gZGUgbGFzIGFyZHVhcwppbnZlc3RpZ2FjaW9uZXMgY2llbnTDrWZpY2FzIGRlbCBFcXVpcG8gQXF1YS4KRXMgY2FwYXogZGUgc29wb3J0YXIgY3VhbHF1aWVyIGltcGFjdG8u
743	pair-of-tickets	RW50cmFkYSBwYXJhIGRvcw==	UGFzZSBkZSBkb3MgcGVyc29uYXMgcGFyYSBhc2lzdGlyIGFsIGVzcGVjdMOhY3VsbwpkZSBhc3Ryb25vbcOtYSBxdWUgc2UgY2VsZWJyYSBlbiBlbCBDZW50cm8KRXNwYWNpYWwgZGUgQWxnYXJpYS4=
744	mega-bracelet	TWVnYXB1bHNlcmE=	QXJvIGNvbiB1biBwb2RlciBtaXN0ZXJpb3NvIHF1ZSBwZXJtaXRlCm1lZ2Fldm9sdWNpb25hciBhIFBva8OpbW9uIHF1ZSBsbGV2ZW4gbGEKTWVnYXBpZWRyYSBhZGVjdWFkYS4=
745	mega-pendant	TWVnYWNvbGxhcg==	Q29sbGFyIGNvbiB1biBwb2RlciBtaXN0ZXJpb3NvIHF1ZSBwZXJtaXRlCm1lZ2Fldm9sdWNpb25hciBhIFBva8OpbW9uIHF1ZSBsbGV2ZW4gbGEKTWVnYXBpZWRyYSBhZGVjdWFkYS4=
746	mega-glasses	TWVnYWdhZmFz	R2FmYXMgY29uIHVuIHBvZGVyIG1pc3Rlcmlvc28gcXVlIHBlcm1pdGVuCm1lZ2Fldm9sdWNpb25hciBhIFBva8OpbW9uIHF1ZSBsbGV2ZW4gbGEKTWVnYXBpZWRyYSBhZGVjdWFkYS4=
747	mega-anchor	TWVnYWFuY2xh	QW5jbGEgY29uIHVuIHBvZGVyIG1pc3Rlcmlvc28gcXVlIHBlcm1pdGUKbWVnYWV2b2x1Y2lvbmFyIGEgUG9rw6ltb24gcXVlIGxsZXZlbiBsYQpNZWdhcGllZHJhIGFkZWN1YWRhLg==
748	mega-stickpin	TWVnYWJyb2NoZQ==	QnJvY2hlIGNvbiB1biBwb2RlciBtaXN0ZXJpb3NvIHF1ZSBwZXJtaXRlCm1lZ2Fldm9sdWNpb25hciBhIFBva8OpbW9uIHF1ZSBsbGV2ZW4gbGEKTWVnYXBpZWRyYSBhZGVjdWFkYS4=
749	mega-tiara	TWVnYXRpYXJh	VGlhcmEgY29uIHVuIHBvZGVyIG1pc3Rlcmlvc28gcXVlIHBlcm1pdGUKbWVnYWV2b2x1Y2lvbmFyIGEgUG9rw6ltb24gcXVlIGxsZXZlbiBsYQpNZWdhcGllZHJhIGFkZWN1YWRhLg==
750	mega-anklet	TWVnYXRvYmlsbGVyYQ==	VG9iaWxsZXJhIGNvbiB1biBwb2RlciBtaXN0ZXJpb3NvIHF1ZSBwZXJtaXRlCm1lZ2Fldm9sdWNpb25hciBhIFBva8OpbW9uIHF1ZSBsbGV2ZW4gbGEKTWVnYXBpZWRyYSBhZGVjdWFkYS4=
751	meteorite--2	TWV0ZW9yaXRv	TWV0ZW9yaXRvIG9idGVuaWRvIGVuIGVsIE1vbnRlIENlbml6by4KRGVzcHJlbmRlIHVuIHRlbnVlIGJyaWxsby4=
752	swampertite	U3dhbXBlcnRpdGE=	VW5hIGRlIGxhcyBtaXN0ZXJpb3NhcyBNZWdhcGllZHJhcy4gUGVybWl0ZQptZWdhZXZvbHVjaW9uYXIgYSBTd2FtcGVydCBlbiBjb21iYXRlLg==
753	sceptilite	U2NlcHRpbGl0YQ==	VW5hIGRlIGxhcyBtaXN0ZXJpb3NhcyBNZWdhcGllZHJhcy4gUGVybWl0ZQptZWdhZXZvbHVjaW9uYXIgYSBTY2VwdGlsZSBlbiBjb21iYXRlLg==
754	sablenite	U2FibGV5bml0YQ==	VW5hIGRlIGxhcyBtaXN0ZXJpb3NhcyBNZWdhcGllZHJhcy4gUGVybWl0ZQptZWdhZXZvbHVjaW9uYXIgYSBTYWJsZXllIGVuIGNvbWJhdGUu
755	altarianite	QWx0YXJpYW5pdGE=	VW5hIGRlIGxhcyBtaXN0ZXJpb3NhcyBNZWdhcGllZHJhcy4gUGVybWl0ZQptZWdhZXZvbHVjaW9uYXIgYSBBbHRhcmlhIGVuIGNvbWJhdGUu
756	galladite	R2FsbGFkaXRh	VW5hIGRlIGxhcyBtaXN0ZXJpb3NhcyBNZWdhcGllZHJhcy4gUGVybWl0ZQptZWdhZXZvbHVjaW9uYXIgYSBHYWxsYWRlIGVuIGNvbWJhdGUu
757	audinite	QXVkaW5pdGE=	VW5hIGRlIGxhcyBtaXN0ZXJpb3NhcyBNZWdhcGllZHJhcy4gUGVybWl0ZQptZWdhZXZvbHVjaW9uYXIgYSBBdWRpbm8gZW4gY29tYmF0ZS4=
758	metagrossite	TWV0YWdyb3NzaXRh	VW5hIGRlIGxhcyBtaXN0ZXJpb3NhcyBNZWdhcGllZHJhcy4gUGVybWl0ZQptZWdhZXZvbHVjaW9uYXIgYSBNZXRhZ3Jvc3MgZW4gY29tYmF0ZS4=
759	sharpedonite	U2hhcnBlZG9uaXRh	VW5hIGRlIGxhcyBtaXN0ZXJpb3NhcyBNZWdhcGllZHJhcy4gUGVybWl0ZQptZWdhZXZvbHVjaW9uYXIgYSBTaGFycGVkbyBlbiBjb21iYXRlLg==
760	slowbronite	U2xvd2Jyb25pdGE=	VW5hIGRlIGxhcyBtaXN0ZXJpb3NhcyBNZWdhcGllZHJhcy4gUGVybWl0ZQptZWdhZXZvbHVjaW9uYXIgYSBTbG93YnJvIGVuIGNvbWJhdGUu
761	steelixite	U3RlZWxpeGl0YQ==	VW5hIGRlIGxhcyBtaXN0ZXJpb3NhcyBNZWdhcGllZHJhcy4gUGVybWl0ZQptZWdhZXZvbHVjaW9uYXIgYSBTdGVlbGl4IGVuIGNvbWJhdGUu
762	pidgeotite	UGlkZ2VvdGl0YQ==	VW5hIGRlIGxhcyBtaXN0ZXJpb3NhcyBNZWdhcGllZHJhcy4gUGVybWl0ZQptZWdhZXZvbHVjaW9uYXIgYSBQaWRnZW90IGVuIGNvbWJhdGUu
763	glalitite	R2xhbGl0YQ==	VW5hIGRlIGxhcyBtaXN0ZXJpb3NhcyBNZWdhcGllZHJhcy4gUGVybWl0ZQptZWdhZXZvbHVjaW9uYXIgYSBHbGFsaWUgZW4gY29tYmF0ZS4=
764	diancite	RGlhbmNpdGE=	VW5hIGRlIGxhcyBtaXN0ZXJpb3NhcyBNZWdhcGllZHJhcy4gUGVybWl0ZQptZWdhZXZvbHVjaW9uYXIgYSBEaWFuY2llIGVuIGNvbWJhdGUu
765	prison-bottle	VmFzaWphIENhc3RpZ28=	VmFzaWphIGVuIGxhIHF1ZSBzZSBoYWxsYSBjb25maW5hZG8gZWwgcG9kZXIgZGUKY2llcnRvIFBva8OpbW9uIGRlc2RlIGhhY2UgbXVjaMOtc2ltbyB0aWVtcG8u
766	mega-cuff	TWVnYWJyYXphbGV0ZQ==	QnJhemFsZXRlIGNvbiB1biBwb2RlciBtaXN0ZXJpb3NvIHF1ZSBwZXJtaXRlCm1lZ2Fldm9sdWNpb25hciBhIFBva8OpbW9uIHF1ZSBsbGV2ZW4gbGEKTWVnYXBpZWRyYSBhZGVjdWFkYS4=
767	cameruptite	Q2FtZXJ1cHRpdGE=	VW5hIGRlIGxhcyBtaXN0ZXJpb3NhcyBNZWdhcGllZHJhcy4gUGVybWl0ZQptZWdhZXZvbHVjaW9uYXIgYSBDYW1lcnVwdCBlbiBjb21iYXRlLg==
768	lopunnite	TG9wdW5uaXRh	VW5hIGRlIGxhcyBtaXN0ZXJpb3NhcyBNZWdhcGllZHJhcy4gUGVybWl0ZQptZWdhZXZvbHVjaW9uYXIgYSBMb3B1bm55IGVuIGNvbWJhdGUu
769	salamencite	U2FsYW1lbmNpdGE=	VW5hIGRlIGxhcyBtaXN0ZXJpb3NhcyBNZWdhcGllZHJhcy4gUGVybWl0ZQptZWdhZXZvbHVjaW9uYXIgYSBTYWxhbWVuY2UgZW4gY29tYmF0ZS4=
770	beedrillite	QmVlZHJpbGxpdGE=	VW5hIGRlIGxhcyBtaXN0ZXJpb3NhcyBNZWdhcGllZHJhcy4gUGVybWl0ZQptZWdhZXZvbHVjaW9uYXIgYSBCZWVkcmlsbCBlbiBjb21iYXRlLg==
771	meteorite--3	TWV0ZW9yaXRv	TWV0ZW9yaXRvIG9idGVuaWRvIGVuIGVsIE1vbnRlIENlbml6by4gU2lndWUKZGVzcHJlbmRpZW5kbyB1biB0ZW51ZSBicmlsbG8geSBlcyBsaWdlcmFtZW50ZQpjw6FsaWRvIGFsIHRhY3RvLg==
772	meteorite--4	TWV0ZW9yaXRv	TWV0ZW9yaXRvIG9idGVuaWRvIGVuIGVsIE1vbnRlIENlbml6by4gUHJlc2VudGEKdW5vcyBwZWN1bGlhcmVzIGdyYWJhZG9zIGUgaXJyYWRpYSB1bmEgbHV6IGNvbiBsb3MKc2lldGUgY29sb3JlcyBkZWwgYXJjb8OtcmlzLg==
773	key-stone	UGllZHJhIEFjdGl2YWRvcmE=	UGllZHJhIGRlIHNpbmd1bGFyZXMgcG9kZXJlcyBxdWUgcGVybWl0ZQptZWdhZXZvbHVjaW9uYXIgZW4gY29tYmF0ZSBhIHVuIFBva8OpbW9uIHF1ZQpsbGV2ZSBjb25zaWdvIHVuYSBNZWdhcGllZHJhLg==
774	meteorite-shard	RnJhZy4gTWV0ZW9yaXRv	VHJvem8gZGUgbWV0ZW9yaXRvIGVuY29udHJhZG8gZW4gZWwgc3VlbG8gZGUgbGEKQ3VldmEgR3Jhbml0by4gRXMgbGlnZXJhbWVudGUgY8OhbGlkbyBhbCB0YWN0by4=
775	eon-flute	RmxhdXRhIEXDs24=	RmxhdXRhIGNhcGF6IGRlIGludm9jYXIgYSBMYXRpb3MgbyBMYXRpYXMgZW4KY3VhbHF1aWVyIGx1Z2FyLg==
776	normalium-z--held	Tm9ybWFzdGFsIFo=	Q3Jpc3RhbCBxdWUgY29uZmllcmUgZWwgUG9kZXIgWiBhIGxvcyBtb3ZpbWllbnRvcwpkZSB0aXBvIE5vcm1hbC4=
777	firium-z--held	UGlyb3N0YWwgWg==	Q3Jpc3RhbCBxdWUgY29uZmllcmUgZWwgUG9kZXIgWiBhIGxvcyBtb3ZpbWllbnRvcwpkZSB0aXBvIEZ1ZWdvLg==
778	waterium-z--held	SGlkcm9zdGFsIFo=	Q3Jpc3RhbCBxdWUgY29uZmllcmUgZWwgUG9kZXIgWiBhIGxvcyBtb3ZpbWllbnRvcwpkZSB0aXBvIEFndWEu
779	electrium-z--held	RWxlY3Ryb3N0YWwgWg==	Q3Jpc3RhbCBxdWUgY29uZmllcmUgZWwgUG9kZXIgWiBhIGxvcyBtb3ZpbWllbnRvcwpkZSB0aXBvIEVsw6ljdHJpY28u
780	grassium-z--held	Rml0b3N0YWwgWg==	Q3Jpc3RhbCBxdWUgY29uZmllcmUgZWwgUG9kZXIgWiBhIGxvcyBtb3ZpbWllbnRvcwpkZSB0aXBvIFBsYW50YS4=
781	icium-z--held	Q3Jpb3N0YWwgWg==	Q3Jpc3RhbCBxdWUgY29uZmllcmUgZWwgUG9kZXIgWiBhIGxvcyBtb3ZpbWllbnRvcwpkZSB0aXBvIEhpZWxvLg==
782	fightinium-z--held	TGl6YXN0YWwgWg==	Q3Jpc3RhbCBxdWUgY29uZmllcmUgZWwgUG9kZXIgWiBhIGxvcyBtb3ZpbWllbnRvcwpkZSB0aXBvIEx1Y2hhLg==
783	poisonium-z--held	VG94aXN0YWwgWg==	Q3Jpc3RhbCBxdWUgY29uZmllcmUgZWwgUG9kZXIgWiBhIGxvcyBtb3ZpbWllbnRvcwpkZSB0aXBvIFZlbmVuby4=
784	groundium-z--held	R2Vvc3RhbCBa	Q3Jpc3RhbCBxdWUgY29uZmllcmUgZWwgUG9kZXIgWiBhIGxvcyBtb3ZpbWllbnRvcwpkZSB0aXBvIFRpZXJyYS4=
785	flyinium-z--held	QWVyb3N0YWwgWg==	Q3Jpc3RhbCBxdWUgY29uZmllcmUgZWwgUG9kZXIgWiBhIGxvcyBtb3ZpbWllbnRvcwpkZSB0aXBvIFZvbGFkb3Iu
786	psychium-z--held	UHNpY29zdGFsIFo=	Q3Jpc3RhbCBxdWUgY29uZmllcmUgZWwgUG9kZXIgWiBhIGxvcyBtb3ZpbWllbnRvcwpkZSB0aXBvIFBzw61xdWljby4=
787	buginium-z--held	SW5zZWN0b3N0YWwgWg==	Q3Jpc3RhbCBxdWUgY29uZmllcmUgZWwgUG9kZXIgWiBhIGxvcyBtb3ZpbWllbnRvcwpkZSB0aXBvIEJpY2hvLg==
788	rockium-z--held	TGl0b3N0YWwgWg==	Q3Jpc3RhbCBxdWUgY29uZmllcmUgZWwgUG9kZXIgWiBhIGxvcyBtb3ZpbWllbnRvcwpkZSB0aXBvIFJvY2Eu
789	ghostium-z--held	RXNwZWN0cm9zdGFsIFo=	Q3Jpc3RhbCBxdWUgY29uZmllcmUgZWwgUG9kZXIgWiBhIGxvcyBtb3ZpbWllbnRvcwpkZSB0aXBvIEZhbnRhc21hLg==
790	dragonium-z--held	RHJhY29zdGFsIFo=	Q3Jpc3RhbCBxdWUgY29uZmllcmUgZWwgUG9kZXIgWiBhIGxvcyBtb3ZpbWllbnRvcwpkZSB0aXBvIERyYWfDs24u
791	darkinium-z--held	TmljdG9zdGFsIFo=	Q3Jpc3RhbCBxdWUgY29uZmllcmUgZWwgUG9kZXIgWiBhIGxvcyBtb3ZpbWllbnRvcwpkZSB0aXBvIFNpbmllc3Ryby4=
792	steelium-z--held	TWV0YWxvc3RhbCBa	Q3Jpc3RhbCBxdWUgY29uZmllcmUgZWwgUG9kZXIgWiBhIGxvcyBtb3ZpbWllbnRvcwpkZSB0aXBvIEFjZXJvLg==
793	fairium-z--held	RmVlcmlzdGFsIFo=	Q3Jpc3RhbCBxdWUgY29uZmllcmUgZWwgUG9kZXIgWiBhIGxvcyBtb3ZpbWllbnRvcwpkZSB0aXBvIEhhZGEu
794	pikanium-z--held	UGlrYXN0YWwgWg==	Q3Jpc3RhbCBxdWUgY29uZmllcmUgZWwgUG9kZXIgWiBhbCBtb3ZpbWllbnRvClBsYWNhamUgRWzDqWMgZGUgUGlrYWNodS4=
795	bottle-cap	Q2hhcGEgUGxhdGVhZGE=	VW5hIGJvbml0YSBjaGFwYSBkZSBjb2xvciBwbGF0YS4gSGF5IGdlbnRlIHF1ZSBsYXMKYXByZWNpYSBtdWNoby4=
796	gold-bottle-cap	Q2hhcGEgRG9yYWRh	VW5hIGJvbml0YSBjaGFwYSBkZSBjb2xvciBkb3JhZG8sIG1lbm9zIGNvbcO6bgpxdWUgc3UgZXF1aXZhbGVudGUgcGxhdGVhZGEuIEhheSBnZW50ZSBxdWUgbGFzCmFwcmVjaWEgbXVjaG8u
797	z-ring	UHVsc2VyYSBa	TWlzdGVyaW9zYSBwdWxzZXJhIHF1ZSB0cmFuc21pdGUgbGEgZnVlcnphIGbDrXNpY2EgeQptZW50YWwgZGVsIEVudHJlbmFkb3IgYSBzdXMgUG9rw6ltb24sIGxvIHF1ZSBsZXMKcGVybWl0ZSB1c2FyIG1vdmltaWVudG9zIFou
798	decidium-z--held	RHVleWVzdGFsIFo=	Q3Jpc3RhbCBxdWUgY29uZmllcmUgZWwgUG9kZXIgWiBhbCBtb3ZpbWllbnRvClB1bnRhZGEgU29tYnLDrWEgZGUgRGVjaWR1ZXllLg==
799	incinium-z--held	SW5jaW5vc3RhbCBa	Q3Jpc3RhbCBxdWUgY29uZmllcmUgZWwgUG9kZXIgWiBhbCBtb3ZpbWllbnRvCkxhcmlhdCBPc2N1cm8gZGUgSW5jaW5lcm9hci4=
800	primarium-z--held	UHJpbWFzdGFsIFo=	Q3Jpc3RhbCBxdWUgY29uZmllcmUgZWwgUG9kZXIgWiBhbCBtb3ZpbWllbnRvCkFyaWEgQnVyYnVqYSBkZSBQcmltYXJpbmEu
801	tapunium-z--held	VGFwaXN0YWwgWg==	Q3Jpc3RhbCBxdWUgY29uZmllcmUgZWwgUG9kZXIgWiBhbCBtb3ZpbWllbnRvCkZ1cmlhIE5hdHVyYWwgZGUgbG9zIFRhcHUu
802	marshadium-z--held	TWFyc2hhc3RhbCBa	Q3Jpc3RhbCBxdWUgY29uZmllcmUgZWwgUG9kZXIgWiBhbCBtb3ZpbWllbnRvClJvYmFzb21icmEgZGUgTWFyc2hhZG93Lg==
803	aloraichium-z--held	QWxvLVJhaXN0YWwgWg==	Q3Jpc3RhbCBxdWUgY29uZmllcmUgZWwgUG9kZXIgWiBhbCBtb3ZpbWllbnRvIFJheW8KZGUgbG9zIFJhaWNodSBkZSBBbG9sYS4=
803	aloraichium-z--held	QWxvLVJhaXN0YWwgWg==	Q3Jpc3RhbCBxdWUgY29uZmllcmUgZWwgUG9kZXIgWiBhbCBtb3ZpbWllbnRvIFJheW8KZGUgbG9zIFJhaWNodSBkZSBBbG9sYS4=
804	snorlium-z--held	U25vcmxhc3RhbCBa	Q3Jpc3RhbCBxdWUgY29uZmllcmUgZWwgUG9kZXIgWiBhbCBtb3ZpbWllbnRvCkdpZ2EgSW1wYWN0byBkZSBTbm9ybGF4Lg==
805	eevium-z--held	RWV2ZWVzdGFsIFo=	Q3Jpc3RhbCBxdWUgY29uZmllcmUgZWwgUG9kZXIgWiBhbCBtb3ZpbWllbnRvCsOabHRpbWEgQmF6YSBkZSBFZXZlZS4=
806	mewnium-z--held	TWV3c3RhbCBa	Q3Jpc3RhbCBxdWUgY29uZmllcmUgZWwgUG9kZXIgWiBhbCBtb3ZpbWllbnRvClBzw61xdWljbyBkZSBNZXcu
807	normalium-z--bag	Tm9ybWFzdGFsIFo=	Q29uY2VudHJhIGVsIFBvZGVyIFogZW4gY3Jpc3RhbGVzIHF1ZSBwZXJtaXRlbiBhCmxvcyBwb3J0YWRvcmVzIGNvbnZlcnRpciBzdXMgbW92aW1pZW50b3MgZGUgdGlwbwpOb3JtYWwgZW4gbW92aW1pZW50b3MgWi4=
808	firium-z--bag	UGlyb3N0YWwgWg==	Q29uY2VudHJhIGVsIFBvZGVyIFogZW4gY3Jpc3RhbGVzIHF1ZSBwZXJtaXRlbiBhCmxvcyBwb3J0YWRvcmVzIGNvbnZlcnRpciBzdXMgbW92aW1pZW50b3MgZGUgdGlwbwpGdWVnbyBlbiBtb3ZpbWllbnRvcyBaLg==
809	waterium-z--bag	SGlkcm9zdGFsIFo=	Q29uY2VudHJhIGVsIFBvZGVyIFogZW4gY3Jpc3RhbGVzIHF1ZSBwZXJtaXRlbiBhCmxvcyBwb3J0YWRvcmVzIGNvbnZlcnRpciBzdXMgbW92aW1pZW50b3MgZGUgdGlwbwpBZ3VhIGVuIG1vdmltaWVudG9zIFou
810	electrium-z--bag	RWxlY3Ryb3N0YWwgWg==	Q29uY2VudHJhIGVsIFBvZGVyIFogZW4gY3Jpc3RhbGVzIHF1ZSBwZXJtaXRlbiBhCmxvcyBwb3J0YWRvcmVzIGNvbnZlcnRpciBzdXMgbW92aW1pZW50b3MgZGUgdGlwbwpFbMOpY3RyaWNvIGVuIG1vdmltaWVudG9zIFou
811	grassium-z--bag	Rml0b3N0YWwgWg==	Q29uY2VudHJhIGVsIFBvZGVyIFogZW4gY3Jpc3RhbGVzIHF1ZSBwZXJtaXRlbiBhCmxvcyBwb3J0YWRvcmVzIGNvbnZlcnRpciBzdXMgbW92aW1pZW50b3MgZGUgdGlwbwpQbGFudGEgZW4gbW92aW1pZW50b3MgWi4=
812	icium-z--bag	Q3Jpb3N0YWwgWg==	Q29uY2VudHJhIGVsIFBvZGVyIFogZW4gY3Jpc3RhbGVzIHF1ZSBwZXJtaXRlbiBhCmxvcyBwb3J0YWRvcmVzIGNvbnZlcnRpciBzdXMgbW92aW1pZW50b3MgZGUgdGlwbwpIaWVsbyBlbiBtb3ZpbWllbnRvcyBaLg==
813	fightinium-z--bag	TGl6YXN0YWwgWg==	Q29uY2VudHJhIGVsIFBvZGVyIFogZW4gY3Jpc3RhbGVzIHF1ZSBwZXJtaXRlbiBhCmxvcyBwb3J0YWRvcmVzIGNvbnZlcnRpciBzdXMgbW92aW1pZW50b3MgZGUgdGlwbwpMdWNoYSBlbiBtb3ZpbWllbnRvcyBaLg==
814	poisonium-z--bag	VG94aXN0YWwgWg==	Q29uY2VudHJhIGVsIFBvZGVyIFogZW4gY3Jpc3RhbGVzIHF1ZSBwZXJtaXRlbiBhCmxvcyBwb3J0YWRvcmVzIGNvbnZlcnRpciBzdXMgbW92aW1pZW50b3MgZGUgdGlwbwpWZW5lbm8gZW4gbW92aW1pZW50b3MgWi4=
815	groundium-z--bag	R2Vvc3RhbCBa	Q29uY2VudHJhIGVsIFBvZGVyIFogZW4gY3Jpc3RhbGVzIHF1ZSBwZXJtaXRlbiBhCmxvcyBwb3J0YWRvcmVzIGNvbnZlcnRpciBzdXMgbW92aW1pZW50b3MgZGUgdGlwbwpUaWVycmEgZW4gbW92aW1pZW50b3MgWi4=
816	flyinium-z--bag	QWVyb3N0YWwgWg==	Q29uY2VudHJhIGVsIFBvZGVyIFogZW4gY3Jpc3RhbGVzIHF1ZSBwZXJtaXRlbiBhCmxvcyBwb3J0YWRvcmVzIGNvbnZlcnRpciBzdXMgbW92aW1pZW50b3MgZGUgdGlwbwpWb2xhZG9yIGVuIG1vdmltaWVudG9zIFou
817	psychium-z--bag	UHNpY29zdGFsIFo=	Q29uY2VudHJhIGVsIFBvZGVyIFogZW4gY3Jpc3RhbGVzIHF1ZSBwZXJtaXRlbiBhCmxvcyBwb3J0YWRvcmVzIGNvbnZlcnRpciBzdXMgbW92aW1pZW50b3MgZGUgdGlwbwpQc8OtcXVpY28gZW4gbW92aW1pZW50b3MgWi4=
818	buginium-z--bag	SW5zZWN0b3N0YWwgWg==	Q29uY2VudHJhIGVsIFBvZGVyIFogZW4gY3Jpc3RhbGVzIHF1ZSBwZXJtaXRlbiBhCmxvcyBwb3J0YWRvcmVzIGNvbnZlcnRpciBzdXMgbW92aW1pZW50b3MgZGUgdGlwbwpCaWNobyBlbiBtb3ZpbWllbnRvcyBaLg==
819	rockium-z--bag	TGl0b3N0YWwgWg==	Q29uY2VudHJhIGVsIFBvZGVyIFogZW4gY3Jpc3RhbGVzIHF1ZSBwZXJtaXRlbiBhCmxvcyBwb3J0YWRvcmVzIGNvbnZlcnRpciBzdXMgbW92aW1pZW50b3MgZGUgdGlwbwpSb2NhIGVuIG1vdmltaWVudG9zIFou
820	ghostium-z--bag	RXNwZWN0cm9zdGFsIFo=	Q29uY2VudHJhIGVsIFBvZGVyIFogZW4gY3Jpc3RhbGVzIHF1ZSBwZXJtaXRlbiBhCmxvcyBwb3J0YWRvcmVzIGNvbnZlcnRpciBzdXMgbW92aW1pZW50b3MgZGUgdGlwbwpGYW50YXNtYSBlbiBtb3ZpbWllbnRvcyBaLg==
821	dragonium-z--bag	RHJhY29zdGFsIFo=	Q29uY2VudHJhIGVsIFBvZGVyIFogZW4gY3Jpc3RhbGVzIHF1ZSBwZXJtaXRlbiBhCmxvcyBwb3J0YWRvcmVzIGNvbnZlcnRpciBzdXMgbW92aW1pZW50b3MgZGUgdGlwbwpEcmFnw7NuIGVuIG1vdmltaWVudG9zIFou
822	darkinium-z--bag	TmljdG9zdGFsIFo=	Q29uY2VudHJhIGVsIFBvZGVyIFogZW4gY3Jpc3RhbGVzIHF1ZSBwZXJtaXRlbiBhCmxvcyBwb3J0YWRvcmVzIGNvbnZlcnRpciBzdXMgbW92aW1pZW50b3MgZGUgdGlwbwpTaW5pZXN0cm8gZW4gbW92aW1pZW50b3MgWi4=
823	steelium-z--bag	TWV0YWxvc3RhbCBa	Q29uY2VudHJhIGVsIFBvZGVyIFogZW4gY3Jpc3RhbGVzIHF1ZSBwZXJtaXRlbiBhCmxvcyBwb3J0YWRvcmVzIGNvbnZlcnRpciBzdXMgbW92aW1pZW50b3MgZGUgdGlwbwpBY2VybyBlbiBtb3ZpbWllbnRvcyBaLg==
824	fairium-z--bag	RmVlcmlzdGFsIFo=	Q29uY2VudHJhIGVsIFBvZGVyIFogZW4gY3Jpc3RhbGVzIHF1ZSBwZXJtaXRlbiBhCmxvcyBwb3J0YWRvcmVzIGNvbnZlcnRpciBzdXMgbW92aW1pZW50b3MgZGUgdGlwbwpIYWRhIGVuIG1vdmltaWVudG9zIFou
825	pikanium-z--bag	UGlrYXN0YWwgWg==	Q29uY2VudHJhIGVsIFBvZGVyIFogZW4gY3Jpc3RhbGVzIHF1ZSBwZXJtaXRlbiBhClBpa2FjaHUgY29udmVydGlyIHN1IFBsYWNhamUgRWzDqWMgZW4gdW4KbW92aW1pZW50byBaLg==
826	decidium-z--bag	RHVleWVzdGFsIFo=	Q29uY2VudHJhIGVsIFBvZGVyIFogZW4gY3Jpc3RhbGVzIHF1ZSBwZXJtaXRlbiBhCkRlY2lkdWV5ZSBjb252ZXJ0aXIgc3UgUHVudGFkYSBTb21icsOtYSBlbiB1bgptb3ZpbWllbnRvIFou
827	incinium-z--bag	SW5jaW5vc3RhbCBa	Q29uY2VudHJhIGVsIFBvZGVyIFogZW4gY3Jpc3RhbGVzIHF1ZSBwZXJtaXRlbiBhCkluY2luZXJvYXIgY29udmVydGlyIHN1IExhcmlhdCBPc2N1cm8gZW4gdW4KbW92aW1pZW50byBaLg==
828	primarium-z--bag	UHJpbWFzdGFsIFo=	Q29uY2VudHJhIGVsIFBvZGVyIFogZW4gY3Jpc3RhbGVzIHF1ZSBwZXJtaXRlbiBhClByaW1hcmluYSBjb252ZXJ0aXIgc3UgQXJpYSBCdXJidWphIGVuIHVuCm1vdmltaWVudG8gWi4=
829	tapunium-z--bag	VGFwaXN0YWwgWg==	Q29uY2VudHJhIGVsIFBvZGVyIFogZW4gY3Jpc3RhbGVzIHF1ZSBwZXJtaXRlbiBhCmxvcyBUYXB1IGNvbnZlcnRpciBzdSBGdXJpYSBOYXR1cmFsIGVuIHVuCm1vdmltaWVudG8gWi4=
830	marshadium-z--bag	TWFyc2hhc3RhbCBa	Q29uY2VudHJhIGVsIFBvZGVyIFogZW4gY3Jpc3RhbGVzIHF1ZSBwZXJtaXRlbiBhCk1hcnNoYWRvdyBjb252ZXJ0aXIgc3UgUm9iYXNvbWJyYSBlbiB1bgptb3ZpbWllbnRvIFou
831	aloraichium-z--bag	QWxvLVJhaXN0YWwgWg==	Q29uY2VudHJhIGVsIFBvZGVyIFogZW4gY3Jpc3RhbGVzIHF1ZSBwZXJtaXRlbiBhCmxvcyBSYWljaHUgZGUgQWxvbGEgY29udmVydGlyIHN1IFJheW8gZW4gdW4KbW92aW1pZW50byBaLg==
832	snorlium-z--bag	U25vcmxhc3RhbCBa	Q29uY2VudHJhIGVsIFBvZGVyIFogZW4gY3Jpc3RhbGVzIHF1ZSBwZXJtaXRlbiBhClNub3JsYXggY29udmVydGlyIHN1IEdpZ2EgSW1wYWN0byBlbiB1bgptb3ZpbWllbnRvIFou
833	eevium-z--bag	RWV2ZWVzdGFsIFo=	Q29uY2VudHJhIGVsIFBvZGVyIFogZW4gY3Jpc3RhbGVzIHF1ZSBwZXJtaXRlbiBhCkVldmVlIGNvbnZlcnRpciBzdSDDmmx0aW1hIEJhemEgZW4gdW4gbW92aW1pZW50byBaLg==
834	mewnium-z--bag	TWV3c3RhbCBa	Q29uY2VudHJhIGVsIFBvZGVyIFogZW4gY3Jpc3RhbGVzIHF1ZSBwZXJtaXRlbiBhCk1ldyBjb252ZXJ0aXIgc3UgUHPDrXF1aWNvIGVuIHVuIG1vdmltaWVudG8gWi4=
835	pikashunium-z--bag	QXNoLVBpa2FzdGFsIFo=	Q29uY2VudHJhIGVsIFBvZGVyIFogZW4gY3Jpc3RhbGVzIHF1ZSBwZXJtaXRlbiBhCmxvcyBQaWthY2h1IHF1ZSBsbGV2YW4gZ29ycmEgY29udmVydGlyIHN1IFJheW8gZW4KdW4gbW92aW1pZW50byBaLg==
836	pikashunium-z--held	QXNoLVBpa2FzdGFsIFo=	Q3Jpc3RhbCBxdWUgY29uZmllcmUgZWwgUG9kZXIgWiBhbCBtb3ZpbWllbnRvIFJheW8KZGUgbG9zIFBpa2FjaHUgcXVlIGxsZXZhbiBnb3JyYS4=
841	forage-bag	WnVycsOzbg==	U2FjbyBwYXJhIGd1YXJkYXIgaW5ncmVkaWVudGVzLCBpbmRpc3BlbnNhYmxlIGVuIGxhCkp1bmdsYSBVbWJyw61hIHBhcmEgc3VwZXJhciBsYSBwcnVlYmEgZGUgTHVsw7ou
842	fishing-rod	Q2HDsWE=	Q2HDsWEgZmFicmljYWRhIHBvciBsYSBDYXBpdGFuYSBOZXJlaWRhLiBQZXJtaXRlCnBlc2NhciBsb3MgUG9rw6ltb24gZXNjb25kaWRvcyBlbiBsYXMgcm9jYXMKc3VtZXJnaWRhcy4=
843	professors-mask	TcOhc2NhcmEgUHJvZmVzb3I=	TGEgbcOhc2NhcmEgZGUgbHVjaGFkb3IgZGUgUm95YWxlLCBlbCBFbm1hc2NhcmFkby4KTXV5IHByb2JhYmxlbWVudGUgZGUgZmFjdHVyYSBwcm9waWEu
844	festival-ticket	RmVzdGljdXDDs24=	U2UgcHVlZGUgY2FuamVhciBwYXJhIG9yZ2FuaXphciBtaW5panVlZ29zIGVuIGxhCkZlc3RpIFBsYXphLg==
845	sparkling-stone	UGllZHJhIEJyaWxsYW50ZQ==	UGllZHJhIGNvbiB1biBtaXN0ZXJpb3NvIGJyaWxsbyBlbnRyZWdhZGEgcG9yIHVuClBva8OpbW9uIGNvbnNpZGVyYWRvIGNvbW8gdW5vIGRlIGxvcyBlc3DDrXJpdHVzCmd1YXJkaWFuZXMgZGUgQWxvbGEu
846	adrenaline-orb	TmVydmlvc2ZlcmE=	QXVtZW50YSBsYSBWZWxvY2lkYWQgZGVsIHBvcnRhZG9yIGFsIHN1ZnJpcgpJbnRpbWlkYWNpw7NuLiBTaSBzZSB1c2EsIGhhcsOhIG3DoXMgcHJvYmFibGUgcXVlIGVsClBva8OpbW9uIHJpdmFsIHBpZGEgYXl1ZGEuIERlc2FwYXJlY2UgdHJhcyB1c2FybGEu
847	zygarde-cube	QXJjYSBkZSBaeWdhcmRl	RGlzcG9zaXRpdm8gcGFyYSBhbG1hY2VuYXIgY8OpbHVsYXMgeSBuw7pjbGVvcyBkZQpaeWdhcmRlLiBUYW1iacOpbiBlcyBwb3NpYmxlIHVzYXJsbyBwYXJhIGVuc2XDsWFybGUKbW92aW1pZW50b3Mu
849	ice-stone	UGllZHJhIEhpZWxv	VW5hIHBpZWRyYSBwZWN1bGlhciBxdWUgaGFjZSBldm9sdWNpb25hciBhIGFsZ3Vub3MKUG9rw6ltb24uIFByZXNlbnRhIG1vdGl2b3MgcXVlIHJlY3VlcmRhbiBhIGxvcwpjcmlzdGFsZXMgZGUgaGllbG8u
850	ride-pager	QnVzY2Ftb250dXJh	RGlzcG9zaXRpdm8gZG90YWRvIGRlIHVuIHRlY2xhZG8gbnVtw6lyaWNvIGNvbgplbCBxdWUgbGxhbWFyIGEgZGl2ZXJzYXMgUG9rw6ltb250dXJhcy4=
851	beast-ball	RW50ZSBCYWxs	VW4gdGlwbyBlc3BlY2lhbCBkZSBQb2vDqSBCYWxsIGRpc2XDsWFkYSBwYXJhCmNhcHR1cmFyIGRlIGZvcm1hIGVzcGVjw61maWNhIHkgZXhjbHVzaXZhIGEgbG9zCm1pc3Rlcmlvc29zIHNlcmVzIGNvbm9jaWRvcyBjb21vIFVsdHJhZW50ZXMu
852	big-malasada	TWFsYXNhZGEgTWF4aQ==	RnJpdHVyYSB0w61waWNhIGRlIEFsb2xhIHF1ZSBjdXJhIHRvZG9zIGxvcyBwcm9ibGVtYXMKZGUgZXN0YWRvIGRlIHVuIFBva8OpbW9uLg==
853	red-nectar	TsOpY3RhciBSb2pv	TsOpY3RhciBkZSBjaWVydGFzIGZsb3JlcyBkZSBsb3MgSmFyZGluZXMgZGUgVWxhLVVsYSwKY2FwYXogZGUgaGFjZXIgY2FtYmlhciBkZSBmb3JtYSBhIHVuYQpkZXRlcm1pbmFkYSBlc3BlY2llIGRlIFBva8OpbW9uLg==
854	yellow-nectar	TsOpY3RhciBBbWFyaWxsbw==	TsOpY3RhciBkZSBjaWVydGFzIGZsb3JlcyBkZSBsb3MgSmFyZGluZXMgZGUKTWVsZW1lbGUsIGNhcGF6IGRlIGhhY2VyIGNhbWJpYXIgZGUgZm9ybWEgYSB1bmEKZGV0ZXJtaW5hZGEgZXNwZWNpZSBkZSBQb2vDqW1vbi4=
855	pink-nectar	TsOpY3RhciBSb3Nh	TsOpY3RhciBkZSBjaWVydGFzIGZsb3JlcyBkZSBsb3MgcGFydGVycmVzIGRlIGxhCkF2ZW5pZGEgUm95YWxlLCBjYXBheiBkZSBoYWNlciBjYW1iaWFyIGRlIGZvcm1hCmEgdW5hIGRldGVybWluYWRhIGVzcGVjaWUgZGUgUG9rw6ltb24u
856	purple-nectar	TsOpY3RhciBWaW9sZXRh	TsOpY3RhciBkZSBjaWVydGFzIGZsb3JlcyBkZSBsb3MgSmFyZGluZXMgZGUgUG9uaSwKY2FwYXogZGUgaGFjZXIgY2FtYmlhciBkZSBmb3JtYSBhIHVuYQpkZXRlcm1pbmFkYSBlc3BlY2llIGRlIFBva8OpbW9uLg==
857	sun-flute	RmxhdXRhIFNvbGFy	RmxhdXRhIHF1ZSBzZSBoYWNlIHNvbmFyIGNvbW8gbXVlc3RyYSBkZQpncmF0aXR1ZCBoYWNpYSBlbCBQb2vDqW1vbiBsZWdlbmRhcmlvIGRlbCBzb2wu
858	moon-flute	RmxhdXRhIEx1bmFy	RmxhdXRhIHF1ZSBzZSBoYWNlIHNvbmFyIGNvbW8gbXVlc3RyYSBkZQpncmF0aXR1ZCBoYWNpYSBlbCBQb2vDqW1vbiBsZWdlbmRhcmlvIGRlIGxhIGx1bmEu
860	enigmatic-card	Tm90YSBJbnRyaWdhbnRl	TWlzdGVyaW9zYSBub3RhIHF1ZSByZXphOiDigJxUZSBlc3Blcm8gZW4gdW5hCmhhYml0YWNpw7NuIGRlbCBtb3RlbCBkZSBsYSBSdXRhIDggZW4gQWthbGHigJ0u
861	silver-razz-berry	QmF5YSBGcmFtYnUgUGxhdGVhZGE=	
862	golden-razz-berry	QmF5YSBGcmFtYnUgRG9yYWRh	
863	silver-nanab-berry	QmF5YSBMYXRhbm8gUGxhdGVhZGE=	
864	golden-nanab-berry	QmF5YSBMYXRhbm8gRG9yYWRh	
865	silver-pinap-berry	QmF5YSBQaW5pYSBQbGF0ZWFkYQ==	
866	golden-pinap-berry	QmF5YSBQaW5pYSBEb3JhZGE=	
872	secret-key--letsgo	TGxhdmUgU2VjcmV0YQ==	
873	ss-ticket--letsgo	VGlja2V0IGRlbCBCYXJjbw==	
874	silph-scope	Vmlzb3IgU2lscGg=	
875	parcel--letsgo	UGFxdWV0ZQ==	
876	card-key--letsgo	TGxhdmUgTWFnbsOpdGljYQ==	
877	gold-teeth	RGVudGFkdXJhIGRlIE9ybw==	
878	lift-key	TGxhdmUgQXNjZW5zb3I=	
879	terrain-extender	Q3VicmVzdWVsb3M=	QWwgbGxldmFybG8sIHByb2xvbmdhIGxhIGR1cmFjacOzbiBkZSBsb3MgY2FtcG9zCmNyZWFkb3MgcG9yIGVsIFBva8OpbW9uIGVuIGVsIHRlcnJlbm8gZGUgY29tYmF0ZQptZWRpYW50ZSBtb3ZpbWllbnRvcyBvIHN1IGhhYmlsaWRhZC4=
880	protective-pads	UGFyYWNvbnRhY3Rv	UHJvdGVnZSBhbCBQb2vDqW1vbiBkZSBsb3MgZWZlY3RvcyBxdWUgbGUgcHJvZHVjaXLDrWEKZWwgY29udGFjdG8gZGlyZWN0byBlbiBjb21iYXRlLg==
881	electric-seed	U2VtaWxsYSBFbGVjdHJv	QXVtZW50YSBsYSBEZWZlbnNhIGRlbCBwb3J0YWRvciBzaSBzZSB1c2EgY3VhbmRvCmVsIHRlcnJlbm8gZXN0w6EgY3ViaWVydG8gcG9yIHVuIGNhbXBvIGVsw6ljdHJpY28u
882	psychic-seed	U2VtaWxsYSBQc2lxdWU=	QXVtZW50YSBsYSBEZWZlbnNhIEVzcGVjaWFsIGRlbCBwb3J0YWRvciBzaSBzZSB1c2EKY3VhbmRvIGVsIHRlcnJlbm8gZXN0w6EgY3ViaWVydG8gcG9yIHVuIGNhbXBvCnBzw61xdWljby4=
883	misty-seed	U2VtaWxsYSBCcnVtYQ==	QXVtZW50YSBsYSBEZWZlbnNhIEVzcGVjaWFsIGRlbCBwb3J0YWRvciBzaSBzZSB1c2EKY3VhbmRvIGVsIHRlcnJlbm8gZXN0w6EgY3ViaWVydG8gcG9yIHVuIGNhbXBvIGRlCm5pZWJsYS4=
884	grassy-seed	U2VtaWxsYSBIaWVyYmE=	QXVtZW50YSBsYSBEZWZlbnNhIGRlbCBwb3J0YWRvciBzaSBzZSB1c2EgY3VhbmRvCmVsIHRlcnJlbm8gZXN0w6EgY3ViaWVydG8gcG9yIHVuIGNhbXBvIGRlIGhpZXJiYS4=
885	stretchy-spring	TXVlbGxlIEVzdGlyYWRv	
886	chalky-stone	VGl6YQ==	
887	marble	Q2FuaWNh	
888	lone-earring	UGVuZGllbnRl	
889	beach-glass	Q3Jpc3RhbCBNYXJpbm8=	
890	gold-leaf	SG9qYSBkZSBPcm8=	
891	silver-leaf	SG9qYSBkZSBQbGF0YQ==	
892	polished-mud-ball	Qm9sYSBkZSBBcmNpbGxh	
893	tropical-shell	Q29uY2hhIFRyb3BpY2Fs	
894	leaf-letter--pikachu	SG9qYSBFc2NyaXRh	
895	leaf-letter--eevee	SG9qYSBFc2NyaXRh	
896	small-bouquet	UmFtbyBQZXF1ZcOxbw==	
900	lure	Q29sb25pYQ==	
901	super-lure	U3VwZXJjb2xvbmlh	
902	max-lure	Q29sb25pYSBNw6F4aW1h	
903	pewter-crunchies	Um9raWtvcw==	
904	fighting-memory	RGlzY28gTHVjaGE=	RGlzY28gZGUgZGF0b3MgcXVlIGNvbnRpZW5lIGluZm9ybWFjacOzbiByZWxhdGl2YQphbCB0aXBvIEx1Y2hhLiBQZXJtaXRlIGNhbWJpYXIgZGUgdGlwbyBhIGNpZXJ0bwpQb2vDqW1vbi4=
905	flying-memory	RGlzY28gVm9sYWRvcg==	RGlzY28gZGUgZGF0b3MgcXVlIGNvbnRpZW5lIGluZm9ybWFjacOzbiByZWxhdGl2YQphbCB0aXBvIFZvbGFkb3IuIFBlcm1pdGUgY2FtYmlhciBkZSB0aXBvIGEgY2llcnRvClBva8OpbW9uLg==
906	poison-memory	RGlzY28gVmVuZW5v	RGlzY28gZGUgZGF0b3MgcXVlIGNvbnRpZW5lIGluZm9ybWFjacOzbiByZWxhdGl2YQphbCB0aXBvIFZlbmVuby4gUGVybWl0ZSBjYW1iaWFyIGRlIHRpcG8gYSBjaWVydG8KUG9rw6ltb24u
907	ground-memory	RGlzY28gVGllcnJh	RGlzY28gZGUgZGF0b3MgcXVlIGNvbnRpZW5lIGluZm9ybWFjacOzbiByZWxhdGl2YQphbCB0aXBvIFRpZXJyYS4gUGVybWl0ZSBjYW1iaWFyIGRlIHRpcG8gYSBjaWVydG8KUG9rw6ltb24u
908	rock-memory	RGlzY28gUm9jYQ==	RGlzY28gZGUgZGF0b3MgcXVlIGNvbnRpZW5lIGluZm9ybWFjacOzbiByZWxhdGl2YQphbCB0aXBvIFJvY2EuIFBlcm1pdGUgY2FtYmlhciBkZSB0aXBvIGEgY2llcnRvClBva8OpbW9uLg==
909	bug-memory	RGlzY28gQmljaG8=	RGlzY28gZGUgZGF0b3MgcXVlIGNvbnRpZW5lIGluZm9ybWFjacOzbiByZWxhdGl2YQphbCB0aXBvIEJpY2hvLiBQZXJtaXRlIGNhbWJpYXIgZGUgdGlwbyBhIGNpZXJ0bwpQb2vDqW1vbi4=
910	ghost-memory	RGlzY28gRmFudGFzbWE=	RGlzY28gZGUgZGF0b3MgcXVlIGNvbnRpZW5lIGluZm9ybWFjacOzbiByZWxhdGl2YQphbCB0aXBvIEZhbnRhc21hLiBQZXJtaXRlIGNhbWJpYXIgZGUgdGlwbyBhIGNpZXJ0bwpQb2vDqW1vbi4=
911	steel-memory	RGlzY28gQWNlcm8=	RGlzY28gZGUgZGF0b3MgcXVlIGNvbnRpZW5lIGluZm9ybWFjacOzbiByZWxhdGl2YQphbCB0aXBvIEFjZXJvLiBQZXJtaXRlIGNhbWJpYXIgZGUgdGlwbyBhIGNpZXJ0bwpQb2vDqW1vbi4=
912	fire-memory	RGlzY28gRnVlZ28=	RGlzY28gZGUgZGF0b3MgcXVlIGNvbnRpZW5lIGluZm9ybWFjacOzbiByZWxhdGl2YQphbCB0aXBvIEZ1ZWdvLiBQZXJtaXRlIGNhbWJpYXIgZGUgdGlwbyBhIGNpZXJ0bwpQb2vDqW1vbi4=
913	water-memory	RGlzY28gQWd1YQ==	RGlzY28gZGUgZGF0b3MgcXVlIGNvbnRpZW5lIGluZm9ybWFjacOzbiByZWxhdGl2YQphbCB0aXBvIEFndWEuIFBlcm1pdGUgY2FtYmlhciBkZSB0aXBvIGEgY2llcnRvClBva8OpbW9uLg==
914	grass-memory	RGlzY28gUGxhbnRh	RGlzY28gZGUgZGF0b3MgcXVlIGNvbnRpZW5lIGluZm9ybWFjacOzbiByZWxhdGl2YQphbCB0aXBvIFBsYW50YS4gUGVybWl0ZSBjYW1iaWFyIGRlIHRpcG8gYSBjaWVydG8KUG9rw6ltb24u
915	electric-memory	RGlzY28gRWzDqWN0cmljbw==	RGlzY28gZGUgZGF0b3MgcXVlIGNvbnRpZW5lIGluZm9ybWFjacOzbiByZWxhdGl2YQphbCB0aXBvIEVsw6ljdHJpY28uIFBlcm1pdGUgY2FtYmlhciBkZSB0aXBvIGEgY2llcnRvClBva8OpbW9uLg==
916	psychic-memory	RGlzY28gUHPDrXF1aWNv	RGlzY28gZGUgZGF0b3MgcXVlIGNvbnRpZW5lIGluZm9ybWFjacOzbiByZWxhdGl2YQphbCB0aXBvIFBzw61xdWljby4gUGVybWl0ZSBjYW1iaWFyIGRlIHRpcG8gYSBjaWVydG8KUG9rw6ltb24u
917	ice-memory	RGlzY28gSGllbG8=	RGlzY28gZGUgZGF0b3MgcXVlIGNvbnRpZW5lIGluZm9ybWFjacOzbiByZWxhdGl2YQphbCB0aXBvIEhpZWxvLiBQZXJtaXRlIGNhbWJpYXIgZGUgdGlwbyBhIGNpZXJ0bwpQb2vDqW1vbi4=
918	dragon-memory	RGlzY28gRHJhZ8Ozbg==	RGlzY28gZGUgZGF0b3MgcXVlIGNvbnRpZW5lIGluZm9ybWFjacOzbiByZWxhdGl2YQphbCB0aXBvIERyYWfDs24uIFBlcm1pdGUgY2FtYmlhciBkZSB0aXBvIGEgY2llcnRvClBva8OpbW9uLg==
919	dark-memory	RGlzY28gU2luaWVzdHJv	RGlzY28gZGUgZGF0b3MgcXVlIGNvbnRpZW5lIGluZm9ybWFjacOzbiByZWxhdGl2YQphbCB0aXBvIFNpbmllc3Ryby4gUGVybWl0ZSBjYW1iaWFyIGRlIHRpcG8gYSBjaWVydG8KUG9rw6ltb24u
920	fairy-memory	RGlzY28gSGFkYQ==	RGlzY28gZGUgZGF0b3MgcXVlIGNvbnRpZW5lIGluZm9ybWFjacOzbiByZWxhdGl2YQphbCB0aXBvIEhhZGEuIFBlcm1pdGUgY2FtYmlhciBkZSB0aXBvIGEgY2llcnRvClBva8OpbW9uLg==
921	solganium-z--held	U29sZ2FsZW9zdGFsIFo=	Q3Jpc3RhbCBxdWUgY29uZmllcmUgZWwgUG9kZXIgWiBhbCBtb3ZpbWllbnRvCk1ldGVvaW1wYWN0byBkZSBTb2xnYWxlby4=
922	lunalium-z--held	THVuYWxhc3RhbCBa	Q3Jpc3RhbCBxdWUgY29uZmllcmUgZWwgUG9kZXIgWiBhbCBtb3ZpbWllbnRvClJheW8gVW1icsOtbyBkZSBMdW5hbGEu
923	ultranecrozium-z--held	VWx0cmFuZWNyb3N0YWwgWg==	Q3Jpc3RhbCBxdWUgY29uZmllcmUgZWwgUG9kZXIgWiBhbCBtb3ZpbWllbnRvCkfDqWlzZXIgRm90w7NuaWNvIGRlIE5lY3Jvem1hLg==
924	mimikium-z--held	TWltaWt5dXN0YWwgWg==	Q3Jpc3RhbCBxdWUgY29uZmllcmUgZWwgUG9kZXIgWiBhbCBtb3ZpbWllbnRvCkNhcmFudG/DsWEgZGUgTWltaWt5dS4=
925	lycanium-z--held	THljYW5yb3N0YWwgWg==	Q3Jpc3RhbCBxdWUgY29uZmllcmUgZWwgUG9kZXIgWiBhbCBtb3ZpbWllbnRvClJvY2EgQWZpbGFkYSBkZSBMeWNhbnJvYy4=
926	kommonium-z--held	S29tbW9zdGFsIFo=	Q3Jpc3RhbCBxdWUgY29uZmllcmUgZWwgUG9kZXIgWiBhbCBtb3ZpbWllbnRvCkZyYWdvciBFc2NhbWFzIGRlIEtvbW1vLW8u
927	solganium-z--bag	U29sZ2FsZW9zdGFsIFo=	Q29uY2VudHJhIGVsIFBvZGVyIFogZW4gY3Jpc3RhbGVzIHF1ZSBwZXJtaXRlbiBhClNvbGdhbGVvIGNvbnZlcnRpciBzdSBNZXRlb2ltcGFjdG8gZW4gdW4KbW92aW1pZW50byBaLg==
928	lunalium-z--bag	THVuYWxhc3RhbCBa	Q29uY2VudHJhIGVsIFBvZGVyIFogZW4gY3Jpc3RhbGVzIHF1ZSBwZXJtaXRlbiBhCkx1bmFsYSBjb252ZXJ0aXIgc3UgUmF5byBVbWJyw61vIGVuIHVuCm1vdmltaWVudG8gWi4=
929	ultranecrozium-z--bag	VWx0cmFuZWNyb3N0YWwgWg==	Q3Jpc3RhbCBxdWUgcGVybWl0ZSBhIE5lY3Jvem1hLCB1bmEgdmV6IGZ1c2lvbmFkbwpjb24gU29sZ2FsZW8gbyBMdW5hbGEsIGFkb3B0YXIgdW5hIG51ZXZhIGZvcm1hLg==
930	mimikium-z--bag	TWltaWt5dXN0YWwgWg==	Q29uY2VudHJhIGVsIFBvZGVyIFogZW4gY3Jpc3RhbGVzIHF1ZSBwZXJtaXRlbiBhCk1pbWlreXUgY29udmVydGlyIHN1IENhcmFudG/DsWEgZW4gdW4gbW92aW1pZW50byBaLg==
931	lycanium-z--bag	THljYW5yb3N0YWwgWg==	Q29uY2VudHJhIGVsIFBvZGVyIFogZW4gY3Jpc3RhbGVzIHF1ZSBwZXJtaXRlbiBhCkx5Y2Fucm9jIGNvbnZlcnRpciBzdSBSb2NhIEFmaWxhZGEgZW4gdW4KbW92aW1pZW50byBaLg==
932	kommonium-z--bag	S29tbW9zdGFsIFo=	Q29uY2VudHJhIGVsIFBvZGVyIFogZW4gY3Jpc3RhbGVzIHF1ZSBwZXJtaXRlbiBhCktvbW1vLW8gY29udmVydGlyIHN1IEZyYWdvciBFc2NhbWFzIGVuIHVuCm1vdmltaWVudG8gWi4=
933	z-power-ring	U3VwZXJwdWxzZXJhIFo=	TWlzdGVyaW9zYSBwdWxzZXJhIHF1ZSB0cmFuc21pdGUgbGEgZnVlcnphIGbDrXNpY2EgeQptZW50YWwgZGVsIEVudHJlbmFkb3IgYSBzdXMgUG9rw6ltb24sIGxvIHF1ZSBsZXMKcGVybWl0ZSB1c2FyIG1vdmltaWVudG9zIFou
934	pink-petal	UMOpdGFsbyBSb3Nh	UMOpdGFsbyBwcmVuc2FkbyByZWNpYmlkbyBkZSBtYW5vcyBkZSBSaWthIGR1cmFudGUKc3UgcHJ1ZWJhLiBFbCBvYmpldGl2byBlcyByZXVuaXIgc2lldGUgZGlzdGludG9zLg==
935	orange-petal	UMOpdGFsbyBOYXJhbmph	UMOpdGFsbyBwcmVuc2FkbyByZWNpYmlkbyBkZSBtYW5vcyBkZSBMaWFtIGR1cmFudGUKbGEgcHJ1ZWJhIGRlIFJpa2EuIEVsIG9iamV0aXZvIGVzIHJldW5pciBzaWV0ZQpkaXN0aW50b3Mu
936	blue-petal	UMOpdGFsbyBBenVs	UMOpdGFsbyBwcmVuc2FkbyByZWNpYmlkbyBkZSBtYW5vcyBkZSBOZXJlaWRhCmR1cmFudGUgbGEgcHJ1ZWJhIGRlIFJpa2EuIEVsIG9iamV0aXZvIGVzIHJldW5pcgpzaWV0ZSBkaXN0aW50b3Mu
937	red-petal	UMOpdGFsbyBSb2pv	UMOpdGFsbyBwcmVuc2FkbyByZWNpYmlkbyBkZSBtYW5vcyBkZSBLaWF3ZQpkdXJhbnRlIGxhIHBydWViYSBkZSBSaWthLiBFbCBvYmpldGl2byBlcyByZXVuaXIKc2lldGUgZGlzdGludG9zLg==
938	green-petal	UMOpdGFsbyBWZXJkZQ==	UMOpdGFsbyBwcmVuc2FkbyByZWNpYmlkbyBkZSBtYW5vcyBkZSBMdWzDuiBkdXJhbnRlCmxhIHBydWViYSBkZSBSaWthLiBFbCBvYmpldGl2byBlcyByZXVuaXIgc2lldGUKZGlzdGludG9zLg==
939	yellow-petal	UMOpdGFsbyBBbWFyaWxsbw==	UMOpdGFsbyBwcmVuc2FkbyByZWNpYmlkbyBkZSBtYW5vcyBkZSBDaHJpcwpkdXJhbnRlIGxhIHBydWViYSBkZSBSaWthLiBFbCBvYmpldGl2byBlcyByZXVuaXIKc2lldGUgZGlzdGludG9zLg==
940	purple-petal	UMOpdGFsbyBWaW9sZXRh	UMOpdGFsbyBwcmVuc2FkbyByZWNpYmlkbyBkZSBtYW5vcyBkZSBEZW5pbwpkdXJhbnRlIGxhIHBydWViYSBkZSBSaWthLiBFbCBvYmpldGl2byBlcyByZXVuaXIKc2lldGUgZGlzdGludG9zLg==
941	rainbow-flower	RmxvciBJcmlzYWRh	RmxvciByZXN1bHRhbnRlIGRlIGxhIHVuacOzbiBkZSBsb3Mgc2lldGUgcMOpdGFsb3MKZW50cmVnYWRvcyBwb3IgbG9zIENhcGl0YW5lcywgc8OtbWJvbG8gZGUgbGEKZXhwZXJpZW5jaWEgeSBtYWR1cmV6IGFjdW11bGFkYXMgZW4gdHUgYXZlbnR1cmEu
942	surge-badge	TWVkYWxsYSBGdWxnb3I=	TWVkYWxsYSBjb25zZWd1aWRhIGVuIGVsIEdpbW5hc2lvIGRlIEthbnRvLiBTdQphc3BlY3RvIGd1YXJkYSB1biBzb3NwZWNob3NvIHBhcmVjaWRvIGNvbiBsYQptZWRhbGxhIGRlIG90cm8gR2ltbmFzaW8u
943	n-solarizer--merge	TmVjcm9zb2w=	QXJ0ZWZhY3RvIHF1ZSBwZXJtaXRlIGZ1c2lvbmFyIGEgTmVjcm96bWEsIMOhdmlkbwpkZSBsdXosIGNvbiBTb2xnYWxlby4=
944	n-lunarizer--merge	TmVjcm9sdW5h	QXJ0ZWZhY3RvIHF1ZSBwZXJtaXRlIGZ1c2lvbmFyIGEgTmVjcm96bWEsIMOhdmlkbwpkZSBsdXosIGNvbiBMdW5hbGEu
945	n-solarizer--split	TmVjcm9zb2w=	QXJ0ZWZhY3RvIHF1ZSBwZXJtaXRlIHNlcGFyYXIgYSBOZWNyb3ptYSwgw6F2aWRvCmRlIGx1eiwgdHJhcyBzdSBmdXNpw7NuIGNvbiBTb2xnYWxlby4=
946	n-lunarizer--split	TmVjcm9sdW5h	QXJ0ZWZhY3RvIHF1ZSBwZXJtaXRlIHNlcGFyYXIgYSBOZWNyb3ptYSwgw6F2aWRvCmRlIGx1eiwgdHJhcyBzdSBmdXNpw7NuIGNvbiBMdW5hbGEu
947	ilimas-normalium-z	Q3Jpc3RhbCBaIChMaWFtKQ==	Tm9ybWFzdGFsIFogcXVlIHRlIGVudHJlZ2EgTGlhbSBwYXJhIHF1ZSBsbwpkZXBvc2l0ZXMgc29icmUgZWwgYWx0YXIgc2l0dWFkbyBhbCBmb25kbyBkZSBsYQpDdWV2YSBTb3RvYm9zcXVlLg==
948	left-poke-ball	UG9rw6kgQmFsbCBBamVuYQ==	UG9rw6kgQmFsbCBxdWUgYWxiZXJnYSB1biBQb2vDqW1vbiBxdWUgcGVyZGnDsyBhIHN1CkVudHJlbmFkb3IsIGFsIHBhcmVjZXIsIG5hdHVyYWwgZGUgVWxhLVVsYS4=
949	roto-hatch	Q3Vww7NuIEVjbG9zacOzbg==	UG9kZXIgUm90b20gcXVlIGhhY2UgcXVlIGxvcyBIdWV2b3MgZWNsb3Npb25lbgptdWNobyBhbnRlcy4=
950	roto-bargain	Q3Vww7NuIFJlYmFqYQ==	UG9kZXIgUm90b20gcXVlIHJlZHVjZSBhIGxhIG1pdGFkIGVsIGNvc3RlIGRlIGxvcwphcnTDrWN1bG9zIGVuIGxhcyBUaWVuZGFzIFBva8OpbW9uLg==
951	roto-prize-money	Q3Vww7NuIEJvdMOtbg==	UG9kZXIgUm90b20gcXVlIHRyaXBsaWNhIGxhcyBnYW5hbmNpYXMgb2J0ZW5pZGFzCmVuIGNvbWJhdGUu
952	roto-exp-points	Q3Vww7NuIEV4cA==	UG9kZXIgUm90b20gcXVlIGluY3JlbWVudGEgbGlnZXJhbWVudGUgbG9zIFB1bnRvcwpkZSBFeHBlcmllbmNpYSBvYnRlbmlkb3MgZW4gY29tYmF0ZS4=
953	roto-friendship	Q3Vww7NuIEFtaXN0YWQ=	UG9kZXIgUm90b20gcXVlIGhhY2UgcXVlIGVsIGdyYWRvIGRlIGFtaXN0YWQgZGUKbG9zIFBva8OpbW9uIGRlIHR1IGVxdWlwbyBhdW1lbnRlIG3DoXMgcsOhcGlkby4=
954	roto-encounter	Q3Vww7NuIFJlY2xhbW8=	UG9kZXIgUm90b20gcXVlIGF1bWVudGEgbGEgcHJvYmFiaWxpZGFkIGRlCmVuY29udHJhciBQb2vDqW1vbiBzYWx2YWplcyBkZSBuaXZlbCBhbHRvIGR1cmFudGUKdW4gdGllbXBvIGRldGVybWluYWRvLg==
955	roto-stealth	Q3Vww7NuIFNpZ2lsbw==	UG9kZXIgUm90b20gcXVlIHBlcm1pdGUgZXZpdGFyIHBvciBjb21wbGV0byBsb3MKZW5jdWVudHJvcyBjb24gUG9rw6ltb24gc2FsdmFqZXMgZHVyYW50ZSB1bgp0aWVtcG8gZGV0ZXJtaW5hZG8u
956	roto-hp-restore	Q3Vww7NuIFBT	UG9kZXIgUm90b20gcXVlIHJlc3RhdXJhIHRvZG9zIGxvcyBQUyBkZSBsb3MKUG9rw6ltb24gZGUgdHUgZXF1aXBvIHF1ZSBlc3TDqW4gY29tYmF0aWVuZG8u
957	roto-pp-restore	Q3Vww7NuIFBQ	UG9kZXIgUm90b20gcXVlIHJlc3RhdXJhIHRvZG9zIGxvcyBQUCBkZSBsb3MKUG9rw6ltb24gZGUgdHUgZXF1aXBvIHF1ZSBlc3TDqW4gY29tYmF0aWVuZG8u
958	roto-boost	Q3Vww7NuIFJlZnVlcnpv	UG9kZXIgUm90b20gcXVlIGhhY2UgYXVtZW50YXIgbGFzIGNhcmFjdGVyw61zdGljYXMKZGUgbG9zIFBva8OpbW9uIGRlIHR1IGVxdWlwbyBxdWUgZXN0w6luCmNvbWJhdGllbmRvLg==
959	roto-catch	Q3Vww7NuIENhcHR1cmE=	UG9kZXIgUm90b20gcXVlIGF1bWVudGEgbXVjaG8gbGEgcHJvYmFiaWxpZGFkCmRlIGNhcHR1cmFyIGFsIFBva8OpbW9uIHNhbHZhamUgYWwgcXVlIHRlIGVzdMOpcwplbmZyZW50YW5kby4=
960	health-candy	Q2FyYW1lbG8gVmlnb3I=	
961	mighty-candy	Q2FyYW1lbG8gTcO6c2N1bG8=	
962	tough-candy	Q2FyYW1lbG8gQWd1YW50ZQ==	
963	smart-candy	Q2FyYW1lbG8gSW50ZWxlY3Rv	
964	courage-candy	Q2FyYW1lbG8gTWVudGU=	
965	quick-candy	Q2FyYW1lbG8gw41tcGV0dQ==	
966	health-candy-l	Q2FyYW1lbG8gVmlnb3IgKw==	
967	mighty-candy-l	Q2FyYW1lbG8gTcO6c2N1bG8gKw==	
968	tough-candy-l	Q2FyYW1lbG8gQWd1YW50ZSAr	
969	smart-candy-l	Q2FyYW1lbG8gSW50ZWxlY3RvICs=	
970	courage-candy-l	Q2FyYW1lbG8gTWVudGUgKw==	
971	quick-candy-l	Q2FyYW1lbG8gw41tcGV0dSAr	
972	health-candy-xl	Q2FyYW1lbG8gVmlnb3IgKys=	
973	mighty-candy-xl	Q2FyYW1lbG8gTcO6c2N1bG8gKys=	
974	tough-candy-xl	Q2FyYW1lbG8gQWd1YW50ZSArKw==	
975	smart-candy-xl	Q2FyYW1lbG8gSW50ZWxlY3RvICsr	
976	courage-candy-xl	Q2FyYW1lbG8gTWVudGUgKys=	
977	quick-candy-xl	Q2FyYW1lbG8gw41tcGV0dSArKw==	
978	bulbasaur-candy	Q2FyYW1lbG8gQnVsYmFzYXVy	
979	charmander-candy	Q2FyYW1lbG8gQ2hhcm1hbmRlcg==	
980	squirtle-candy	Q2FyYW1lbG8gU3F1aXJ0bGU=	
981	caterpie-candy	Q2FyYW1lbG8gQ2F0ZXJwaWU=	
982	weedle-candy	Q2FyYW1lbG8gV2VlZGxl	
983	pidgey-candy	Q2FyYW1lbG8gUGlkZ2V5	
984	rattata-candy	Q2FyYW1lbG8gUmF0dGF0YQ==	
985	spearow-candy	Q2FyYW1lbG8gU3BlYXJvdw==	
986	ekans-candy	Q2FyYW1lbG8gRWthbnM=	
987	pikachu-candy	Q2FyYW1lbG8gUGlrYWNodQ==	
988	sandshrew-candy	Q2FyYW1lbG8gU2FuZHNocmV3	
989	nidoran-f-candy	Q2FyYW1lbG8gTmlkb3JhbuKZgA==	
990	nidoran-m-candy	Q2FyYW1lbG8gTmlkb3JhbuKZgg==	
991	clefairy-candy	Q2FyYW1lbG8gQ2xlZmFpcnk=	
992	vulpix-candy	Q2FyYW1lbG8gVnVscGl4	
993	jigglypuff-candy	Q2FyYW1lbG8gSmlnZ2x5cHVmZg==	
994	zubat-candy	Q2FyYW1lbG8gWnViYXQ=	
995	oddish-candy	Q2FyYW1lbG8gT2RkaXNo	
996	paras-candy	Q2FyYW1lbG8gUGFyYXM=	
997	venonat-candy	Q2FyYW1lbG8gVmVub25hdA==	
998	diglett-candy	Q2FyYW1lbG8gRGlnbGV0dA==	
999	meowth-candy	Q2FyYW1lbG8gTWVvd3Ro	
1000	psyduck-candy	Q2FyYW1lbG8gUHN5ZHVjaw==	
1001	mankey-candy	Q2FyYW1lbG8gTWFua2V5	
1002	growlithe-candy	Q2FyYW1lbG8gR3Jvd2xpdGhl	
1003	poliwag-candy	Q2FyYW1lbG8gUG9saXdhZw==	
1004	abra-candy	Q2FyYW1lbG8gQWJyYQ==	
1005	machop-candy	Q2FyYW1lbG8gTWFjaG9w	
1006	bellsprout-candy	Q2FyYW1lbG8gQmVsbHNwcm91dA==	
1007	tentacool-candy	Q2FyYW1lbG8gVGVudGFjb29s	
1008	geodude-candy	Q2FyYW1lbG8gR2VvZHVkZQ==	
1009	ponyta-candy	Q2FyYW1lbG8gUG9ueXRh	
1010	slowpoke-candy	Q2FyYW1lbG8gU2xvd3Bva2U=	
1011	magnemite-candy	Q2FyYW1lbG8gTWFnbmVtaXRl	
1012	farfetchd-candy	Q2FyYW1lbG8gRmFyZmV0Y2jigJlk	
1013	doduo-candy	Q2FyYW1lbG8gRG9kdW8=	
1014	seel-candy	Q2FyYW1lbG8gU2VlbA==	
1015	grimer-candy	Q2FyYW1lbG8gR3JpbWVy	
1016	shellder-candy	Q2FyYW1lbG8gU2hlbGxkZXI=	
1017	gastly-candy	Q2FyYW1lbG8gR2FzdGx5	
1018	onix-candy	Q2FyYW1lbG8gT25peA==	
1019	drowzee-candy	Q2FyYW1lbG8gRHJvd3plZQ==	
1020	krabby-candy	Q2FyYW1lbG8gS3JhYmJ5	
1021	voltorb-candy	Q2FyYW1lbG8gVm9sdG9yYg==	
1022	exeggcute-candy	Q2FyYW1lbG8gRXhlZ2djdXRl	
1023	cubone-candy	Q2FyYW1lbG8gQ3Vib25l	
1024	hitmonlee-candy	Q2FyYW1lbG8gSGl0bW9ubGVl	
1025	hitmonchan-candy	Q2FyYW1lbG8gSGl0bW9uY2hhbg==	
1026	lickitung-candy	Q2FyYW1lbG8gTGlja2l0dW5n	
1027	koffing-candy	Q2FyYW1lbG8gS29mZmluZw==	
1028	rhyhorn-candy	Q2FyYW1lbG8gUmh5aG9ybg==	
1029	chansey-candy	Q2FyYW1lbG8gQ2hhbnNleQ==	
1030	tangela-candy	Q2FyYW1lbG8gVGFuZ2VsYQ==	
1031	kangaskhan-candy	Q2FyYW1lbG8gS2FuZ2Fza2hhbg==	
1032	horsea-candy	Q2FyYW1lbG8gSG9yc2Vh	
1033	goldeen-candy	Q2FyYW1lbG8gR29sZGVlbg==	
1034	staryu-candy	Q2FyYW1lbG8gU3Rhcnl1	
1035	mr-mime-candy	Q2FyYW1lbG8gTXIuIE1pbWU=	
1036	scyther-candy	Q2FyYW1lbG8gU2N5dGhlcg==	
1037	jynx-candy	Q2FyYW1lbG8gSnlueA==	
1038	electabuzz-candy	Q2FyYW1lbG8gRWxlY3RhYnV6eg==	
1039	pinsir-candy	Q2FyYW1lbG8gUGluc2ly	
1040	tauros-candy	Q2FyYW1lbG8gVGF1cm9z	
1041	magikarp-candy	Q2FyYW1lbG8gTWFnaWthcnA=	
1042	lapras-candy	Q2FyYW1lbG8gTGFwcmFz	
1043	ditto-candy	Q2FyYW1lbG8gRGl0dG8=	
1044	eevee-candy	Q2FyYW1lbG8gRWV2ZWU=	
1045	porygon-candy	Q2FyYW1lbG8gUG9yeWdvbg==	
1046	omanyte-candy	Q2FyYW1lbG8gT21hbnl0ZQ==	
1047	kabuto-candy	Q2FyYW1lbG8gS2FidXRv	
1048	aerodactyl-candy	Q2FyYW1lbG8gQWVyb2RhY3R5bA==	
1049	snorlax-candy	Q2FyYW1lbG8gU25vcmxheA==	
1050	articuno-candy	Q2FyYW1lbG8gQXJ0aWN1bm8=	
1051	zapdos-candy	Q2FyYW1lbG8gWmFwZG9z	
1052	moltres-candy	Q2FyYW1lbG8gTW9sdHJlcw==	
1053	dratini-candy	Q2FyYW1lbG8gRHJhdGluaQ==	
1054	mewtwo-candy	Q2FyYW1lbG8gTWV3dHdv	
1055	mew-candy	Q2FyYW1lbG8gTWV3	
1056	meltan-candy	Q2FyYW1lbG8gTWVsdGFu	
1057	magmar-candy	Q2FyYW1lbG8gTWFnbWFy	
