id	name	type	category	power	pp	accuracy	description
1	RGVzdHJ1Y3Rvcg==	Tm9ybWFs	ZsOtc2ljbw==	40	35	100	R29scGVhIGNvbiBsYXMgcGF0YXMgbyBsYSBjb2xhLg==
2	R29scGUgS8OhcmF0ZQ==	THVjaGE=	ZsOtc2ljbw==	50	25	100	RGEgdW4gZ29scGUgY29ydGFudGUuIFN1ZWxlIHNlciBjcsOtdGljby4=
3	RG9ibGUgQm9mZXTDs24=	Tm9ybWFs	ZsOtc2ljbw==	15	10	85	QWJvZmV0ZWEgZGUgZG9zIGEgY2luY28gdmVjZXMgc2VndWlkYXMu
4	UHXDsW8gQ29tZXRh	Tm9ybWFs	ZsOtc2ljbw==	18	15	85	UGVnYSBkZSBkb3MgYSBjaW5jbyB2ZWNlcyBzZWd1aWRhcy4=
5	TWVnYXB1w7Fv	Tm9ybWFs	ZsOtc2ljbw==	80	20	85	VW4gcHXDsWV0YXpvIGRlIGdyYW4gcG90ZW5jaWEu
6	RMOtYSBkZSBQYWdv	Tm9ybWFs	ZsOtc2ljbw==	40	20	100	QXJyb2phIG1vbmVkYXMgYWwgb2JqZXRpdm8uCkxhcyByZWN1cGVyYSBhbCBmaW5hbCBkZWwgY29tYmF0ZS4=
7	UHXDsW8gRnVlZ28=	RnVlZ28=	ZsOtc2ljbw==	75	15	100	UHXDsWV0YXpvIGFyZGllbnRlLiBQdWVkZSBxdWVtYXIu
8	UHXDsW8gSGllbG8=	SGllbG8=	ZsOtc2ljbw==	75	15	100	UHXDsWV0YXpvIGhlbGFkby4gUHVlZGUgY29uZ2VsYXIu
9	UHXDsW8gVHJ1ZW5v	RWzDqWN0cmljbw==	ZsOtc2ljbw==	75	15	100	UHXDsWV0YXpvIGVsw6ljdHJpY28uIFB1ZWRlIHBhcmFsaXphci4=
10	QXJhw7Fhem8=	Tm9ybWFs	ZsOtc2ljbw==	40	35	100	QXJhw7FhIGNvbiBhZmlsYWRhcyBnYXJyYXMu
11	QWdhcnJl	Tm9ybWFs	ZsOtc2ljbw==	55	30	100	QXRyYXBhIHkgYXRlbmF6YSBhbCBvYmpldGl2by4=
12	R3VpbGxvdGluYQ==	Tm9ybWFs	ZsOtc2ljbw==	-1	5	30	QXRhcXVlIGNvcnRhbnRlIHF1ZSBkZWJpbGl0YSBhbCBvcG9uZW50ZSBkZSB1bgpnb2xwZSBzaSBhY2llcnRhLg==
13	VmllbnRvIENvcnRhbnRl	Tm9ybWFs	ZXNwZWNpYWw=	80	10	100	UHJpbWVybyBzZSBwcmVwYXJhIHkgZW4gZWwgc2VndW5kbyB0dXJubwphdGFjYSBhbCBvcG9uZW50ZSBjb24gcsOhZmFnYXMgZGUgdmllbnRvCmNvcnRhbnRlLiBBbHRhIHByb2JhYmlsaWRhZCBkZSBzZXIgY3LDrXRpY28u
14	RGFuemEgRXNwYWRh	Tm9ybWFs	ZXN0YWRv	-1	20	-1	QmFpbGUgZnJlbsOpdGljbyBxdWUgYXVtZW50YSBtdWNobyBlbCBBdGFxdWUu
15	Q29ydGU=	Tm9ybWFs	ZsOtc2ljbw==	50	30	95	Q29ydGEgYWwgYWR2ZXJzYXJpbyBjb24gZ2FycmFzLCBndWFkYcOxYXMsIGV0Yy4=
16	VG9ybmFkbw==	Vm9sYWRvcg==	ZXNwZWNpYWw=	40	35	100	Q3JlYSB1biB0b3JuYWRvIGNvbiBsYXMgYWxhcyB5IGxvIGxhbnphIGNvbnRyYSBlbApvYmpldGl2by4=
17	QXRhcXVlIEFsYQ==	Vm9sYWRvcg==	ZsOtc2ljbw==	60	35	100	R29scGVhIGFsIG9iamV0aXZvIGNvbiB1bmFzIGdyYW5kZXMgYWxhcy4=
18	UmVtb2xpbm8=	Tm9ybWFs	ZXN0YWRv	-1	20	-1	U2UgbGxldmEgYWwgb2JqZXRpdm8sIHF1ZSBlcyBjYW1iaWFkbyBwb3Igb3RybwpQb2vDqW1vbi4gU2kgZXMgdW4gUG9rw6ltb24gc2FsdmFqZSwgYWNhYmEgZWwKY29tYmF0ZS4=
19	VnVlbG8=	Vm9sYWRvcg==	ZsOtc2ljbw==	90	15	95	VnVlbGEgZW4gZWwgcHJpbWVyIHR1cm5vIHkgYXRhY2EgZW4gZWwgc2VndW5kby4=
20	QXRhZHVyYQ==	Tm9ybWFs	ZsOtc2ljbw==	15	20	85	QXRhIHkgb3ByaW1lIGRlIGN1YXRybyBhIGNpbmNvIHR1cm5vcy4=
21	QXRpemFy	Tm9ybWFs	ZsOtc2ljbw==	80	20	75	R29scGVhIGNvbiBsYSBjb2xhIG8gY29uIGxpYW5hcywgcG9yIGVqZW1wbG8sIHBhcmEKY2F1c2FyIGRhw7FvIGFsIG9iamV0aXZvLg==
22	TMOhdGlnbyBDZXBh	UGxhbnRh	ZsOtc2ljbw==	45	25	100	QXpvdGEgYWwgb2JqZXRpdm8gY29uIHJhbWFzIGZpbmFzLg==
23	UGlzb3TDs24=	Tm9ybWFs	ZsOtc2ljbw==	65	20	100	VHJlbWVuZG8gcGlzb3TDs24gcXVlIHB1ZWRlIGhhY2VyIHJldHJvY2VkZXIgYWwKb2JqZXRpdm8u
24	RG9ibGUgUGF0YWRh	THVjaGE=	ZsOtc2ljbw==	30	30	100	VW5hIHBhdGFkYSBkb2JsZS4gR29scGVhIGRvcyB2ZWNlcy4=
25	TWVnYXBhdGFkYQ==	Tm9ybWFs	ZsOtc2ljbw==	120	5	75	UGF0YWRhIGRlIGV4dHJlbWEgZnVlcnphLg==
26	UGF0YWRhIFNhbHRv	THVjaGE=	ZsOtc2ljbw==	100	10	95	RGEgdW4gc2FsdG8geSBwZWdhIHVuYSBwYXRhZGEuIFNpIGZhbGxhLCBzZSBsZXNpb25hLiA=
27	UGF0YWRhIEdpcm8=	THVjaGE=	ZsOtc2ljbw==	60	15	85	RGEgdW5hIHBhdGFkYSByw6FwaWRhIHkgY2lyY3VsYXIuClB1ZWRlIGhhY2VyIHJldHJvY2VkZXIgYWwgb2JqZXRpdm8u
28	QXRhcXVlIEFyZW5h	VGllcnJh	ZXN0YWRv	-1	15	100	QXJyb2phIGFyZW5hIGEgbGEgY2FyYSB5IGJhamEgbGEgUHJlY2lzacOzbi4=
29	R29scGUgQ2FiZXph	Tm9ybWFs	ZsOtc2ljbw==	70	15	100	TGFuemEgdW4gcG90ZW50ZSBjYWJlemF6byBxdWUgcHVlZGUgaGFjZXIKcmV0cm9jZWRlciBhbCBvYmpldGl2by4=
30	Q29ybmFkYQ==	Tm9ybWFs	ZsOtc2ljbw==	65	25	100	QXRhY2EgYWwgb2JqZXRpdm8gY29uIHVuYSBjb3JuYWRhLg==
31	QXRhcXVlIEZ1cmlh	Tm9ybWFs	ZsOtc2ljbw==	15	20	85	Q29ybmVhIGFsIG9iamV0aXZvIGRlIGRvcyBhIGNpbmNvIHZlY2VzLg==
32	UGVyZm9yYWRvcg==	Tm9ybWFs	ZsOtc2ljbw==	-1	5	30	QXRhcXVlIGNvbiB1biBjdWVybm8gZ2lyYXRvcmlvIHF1ZSBmdWxtaW5hIGRlIHVuCnNvbG8gZ29scGUgYWwgb2JqZXRpdm8gc2kgbG8gYWxjYW56YS4=
33	UGxhY2FqZQ==	Tm9ybWFs	ZsOtc2ljbw==	40	35	100	RW1iaXN0ZSBjb24gdG9kbyBlbCBjdWVycG8u
34	R29scGUgQ3VlcnBv	Tm9ybWFs	ZsOtc2ljbw==	85	15	100	U2FsdGEgc29icmUgZWwgb2JqZXRpdm8gY29uIHRvZG8gc3UgcGVzby4KUHVlZGUgcGFyYWxpemFyLg==
35	Q29uc3RyaWNjacOzbg==	Tm9ybWFs	ZsOtc2ljbw==	15	20	90	T3ByaW1lIGFsIG9iamV0aXZvIGRlIGN1YXRybyBhIGNpbmNvIHR1cm5vcyBjb24KcmFtYXMgbyBjb24gc3UgY3VlcnBvLg==
36	RGVycmlibw==	Tm9ybWFs	ZsOtc2ljbw==	90	20	85	Q2FyZ2EgZGVzbWVkaWRhIHF1ZSB0YW1iacOpbiBoaWVyZSBhbCBhZ3Jlc29yLg==
37	U2HDsWE=	Tm9ybWFs	ZsOtc2ljbw==	120	10	100	QXRhY2EgZGUgZG9zIGEgdHJlcyB0dXJub3MgeSBhY2FiYSBjb25mdW5kaWVuZG8gYWwKYWdyZXNvci4=
38	RG9ibGUgRmlsbw==	Tm9ybWFs	ZsOtc2ljbw==	120	15	100	QXRhcXVlIGFycmllc2dhZG8gcXVlIHRhbWJpw6luIGhpZXJlIGFsIGFncmVzb3Iu
39	QWdpdGFjb2xh	Tm9ybWFs	ZXN0YWRv	-1	30	100	QWdpdGEgbGEgY29sYSBwYXJhIGJhamFyIGxhIERlZmVuc2EgZGVsIGVxdWlwbyByaXZhbC4=
40	UGljb3Rhem8gVmVuZW5v	VmVuZW5v	ZsOtc2ljbw==	15	35	100	TGFuemEgdW4gYWd1aWrDs24gdMOzeGljbyBxdWUgcHVlZGUgZW52ZW5lbmFyIGFsCm9iamV0aXZvLg==
41	RG9ibGUgQXRhcXVl	QmljaG8=	ZsOtc2ljbw==	25	20	100	UGluY2hhIGRvcyB2ZWNlcyBjb24gZG9zIGVzcGluYXMuIFB1ZWRlCmVudmVuZW5hci4g
42	UGluIE1pc2ls	QmljaG8=	ZsOtc2ljbw==	25	20	95	TGFuemEgZmluYXMgcMO6YXMgcXVlIGhpZXJlbiBkZSBkb3MgYSBjaW5jbyB2ZWNlcy4=
43	TWFsaWNpb3Nv	Tm9ybWFs	ZXN0YWRv	-1	30	100	SW50aW1pZGEgYSBsb3Mgcml2YWxlcyBwYXJhIGJhamFyIHN1IERlZmVuc2Eu
44	TW9yZGlzY28=	U2luaWVzdHJv	ZsOtc2ljbw==	60	25	100	VW4gdm9yYXogYm9jYWRvIHF1ZSBwdWVkZSBoYWNlciByZXRyb2NlZGVyIGFsCm9iamV0aXZvLg==
45	R3J1w7FpZG8=	Tm9ybWFs	ZXN0YWRv	-1	40	100	RHVsY2UgZ3J1w7FpZG8gcXVlIHJlZHVjZSBlbCBBdGFxdWUgZGVsIGNvbnRyaW5jYW50ZS4=
46	UnVnaWRv	Tm9ybWFs	ZXN0YWRv	-1	20	-1	U2UgbGxldmEgYWwgb2JqZXRpdm8sIHF1ZSBlcyBjYW1iaWFkbyBwb3Igb3RybwpQb2vDqW1vbi4gU2kgZXMgdW4gUG9rw6ltb24gc2FsdmFqZSwgYWNhYmEgZWwKY29tYmF0ZS4=
47	Q2FudG8=	Tm9ybWFs	ZXN0YWRv	-1	15	55	Q2FuY2lvbmNpbGxhIHF1ZSBoYWNlIGRvcm1pciBwcm9mdW5kYW1lbnRlIGFsCm9iamV0aXZvLg==
48	U3VwZXJzw7NuaWNv	Tm9ybWFs	ZXN0YWRv	-1	20	55	UmFyYXMgb25kYXMgc8OzbmljYXMgcXVlIGNvbmZ1bmRlbiBhbCBvYmpldGl2by4=
49	Qm9tYmEgU8OzbmljYQ==	Tm9ybWFs	ZXNwZWNpYWw=	-1	20	90	TGFuemEgb25kYXMgZGUgY2hvcXVlIHF1ZSByZXN0YW4gMjAgUFMgYWwKb2JqZXRpdm8uIA==
50	QW51bGFjacOzbg==	Tm9ybWFs	ZXN0YWRv	-1	20	100	RGVzYWN0aXZhIGVsIMO6bHRpbW8gbW92aW1pZW50byBkZWwgb2JqZXRpdm8gZHVyYW50ZQpjdWF0cm8gdHVybm9zLg==
51	w4FjaWRv	VmVuZW5v	ZXNwZWNpYWw=	40	30	100	Um9jw61hIGEgbG9zIGVuZW1pZ29zIGNvbiB1biDDoWNpZG8gY29ycm9zaXZvLgpQdWVkZSBiYWphciBsYSBEZWZlbnNhIEVzcGVjaWFsLg==
52	QXNjdWFz	RnVlZ28=	ZXNwZWNpYWw=	40	25	100	QXRhY2EgY29uIGxsYW1hcyBwZXF1ZcOxYXMgcXVlIHB1ZWRlbiBjYXVzYXIKcXVlbWFkdXJhcy4=
53	TGFuemFsbGFtYXM=	RnVlZ28=	ZXNwZWNpYWw=	90	15	100	QXRhY2EgY29uIHVuYSBncmFuIHLDoWZhZ2EgZGUgZnVlZ28gcXVlIHB1ZWRlCmNhdXNhciBxdWVtYWR1cmFzLg==
54	TmVibGluYQ==	SGllbG8=	ZXN0YWRv	-1	30	-1	Um9kZWEgZGUgZmluYSBuaWVibGEgYWwgdXN1YXJpbyB5IHByb3RlZ2UgbGFzCmNhcmFjdGVyw61zdGljYXMgZGUgc3UgZXF1aXBvIGR1cmFudGUgY2luY28gdHVybm9zLiA=
55	UGlzdG9sYSBBZ3Vh	QWd1YQ==	ZXNwZWNpYWw=	40	25	100	QXRhY2EgZGlzcGFyYW5kbyBhZ3VhIGNvbiBncmFuIHBvdGVuY2lhLg==
56	SGlkcm9ib21iYQ==	QWd1YQ==	ZXNwZWNpYWw=	110	5	80	TGFuemEgdW5hIGdyYW4gbWFzYSBkZSBhZ3VhIGEgcHJlc2nDs24gcGFyYSBhdGFjYXIu
57	U3VyZg==	QWd1YQ==	ZXNwZWNpYWw=	90	15	100	SW51bmRhIGVsIHRlcnJlbm8gZGUgY29tYmF0ZSBjb24gdW5hIG9sYSBnaWdhbnRlLg==
58	UmF5byBIaWVsbw==	SGllbG8=	ZXNwZWNpYWw=	90	10	100	UmF5byBkZSBoaWVsbyBxdWUgcHVlZGUgbGxlZ2FyIGEgY29uZ2VsYXIu
59	VmVudGlzY2E=	SGllbG8=	ZXNwZWNpYWw=	110	5	70	VG9ybWVudGEgZGUgaGllbG8gcXVlIHB1ZWRlIGxsZWdhciBhIGNvbmdlbGFyLg==
60	UHNpY29ycmF5bw==	UHPDrXF1aWNv	ZXNwZWNpYWw=	65	20	100	RXh0cmHDsW8gcmF5byBxdWUgcHVlZGUgY2F1c2FyIGNvbmZ1c2nDs24u
61	UmF5byBCdXJidWph	QWd1YQ==	ZXNwZWNpYWw=	65	20	100	RGlsdXZpbyBkZSBidXJidWphcyBxdWUgcHVlZGUgYmFqYXIgbGEgVmVsb2NpZGFkLg==
62	UmF5byBBdXJvcmE=	SGllbG8=	ZXNwZWNpYWw=	65	20	100	UmF5byBtdWx0aWNvbG9yIHF1ZSBwdWVkZSByZWR1Y2lyIGVsIEF0YXF1ZS4=
63	SGlwZXJyYXlv	Tm9ybWFs	ZXNwZWNpYWw=	150	5	90	RXMgZWZpY2F6LCBwZXJvIGVsIGF0YWNhbnRlIGRlYmVyw6EgZGVzY2Fuc2FyIGVuIGVsCnNpZ3VpZW50ZSB0dXJuby4=
64	UGljb3Rhem8=	Vm9sYWRvcg==	ZsOtc2ljbw==	35	35	100	RW5zYXJ0YSBhbCBvYmpldGl2byBjb24gdW4gY3Vlcm5vIG8gcGljbyBwdW56YW50ZS4=
65	UGljbyBUYWxhZHJv	Vm9sYWRvcg==	ZsOtc2ljbw==	80	20	100	UGljb3Rhem8gZ2lyYXRvcmlvIHkgcGVyZm9yYWRvciBtdXkgcG90ZW50ZS4=
66	U3VtaXNpw7Nu	THVjaGE=	ZsOtc2ljbw==	80	20	80	RWwgdXN1YXJpbyBzZSBsYW56YSBhbCBzdWVsbyBjb24gZWwgb3BvbmVudGUgZW4KYnJhem9zIHkgdGFtYmnDqW4gc2UgaGFjZSB1biBwb2NvIGRlIGRhw7FvLg==
67	UGF0YWRhIEJhamE=	THVjaGE=	ZsOtc2ljbw==	-1	20	100	UGF0YWRhIGJhamEgcXVlIGRlcnJpYmEgYWwgb3BvbmVudGUuIEN1YW50byBtw6FzCnBlc2EgZWwgb2JqZXRpdm8sIG3DoXMgZGHDsW8gbGUgY2F1c2Eu
68	Q29udHJhYXRhcXVl	THVjaGE=	ZsOtc2ljbw==	-1	20	100	RGV2dWVsdmUgdW4gZ29scGUgZsOtc2ljbyBwb3IgZHVwbGljYWRvLg==
69	U8Otc21pY28=	THVjaGE=	ZsOtc2ljbw==	-1	20	100	TGEgZ3JhdmVkYWQgZGVycmliYSBhbCBvYmpldGl2by4gU2UgcmVzdGFyw6FuIHRhbnRvcwpQUyBjb21vIG5pdmVsIHRlbmdhIGVsIGFncmVzb3Iu
70	RnVlcnph	Tm9ybWFs	ZsOtc2ljbw==	80	15	100	UHJvcGluYSB1biBwb3RlbnRlIHB1w7FldGF6byBjb24gdG9kYXMgc3VzIGZ1ZXJ6YXMu
71	QWJzb3JiZXI=	UGxhbnRh	ZXNwZWNpYWw=	20	25	100	QWJzb3JiZSBsYSBtaXRhZCBkZWwgZGHDsW8gcHJvZHVjaWRvIGVuIGVsIG9iamV0aXZvCnBhcmEgcmVzdGF1cmFyIGxvcyBQUyBkZWwgdXN1YXJpby4=
72	TWVnYWFnb3Rhcg==	UGxhbnRh	ZXNwZWNpYWw=	40	15	100	QWJzb3JiZSBsYSBtaXRhZCBkZWwgZGHDsW8gcHJvZHVjaWRvIGVuIGVsIG9iamV0aXZvCnBhcmEgcmVzdGF1cmFyIGxvcyBQUyBkZWwgdXN1YXJpby4=
73	RHJlbmFkb3Jhcw==	UGxhbnRh	ZXN0YWRv	-1	10	90	UGxhbnRhIHNlbWlsbGFzIHF1ZSBhYnNvcmJlbiBQUyBwYXJhIHJlY3VwZXJhciBsYQpzYWx1ZCBkZWwgdXN1YXJpbyBlbiBjYWRhIHR1cm5vLg==
74	RGVzYXJyb2xsbw==	Tm9ybWFs	ZXN0YWRv	-1	20	-1	RWwgY3VlcnBvIGRlbCB1c3VhcmlvIGNyZWNlIGEgbWFyY2hhcyBmb3J6YWRhcyB5CmF1bWVudGEgZWwgQXRhcXVlIHkgZWwgQXRhcXVlIEVzcGVjaWFsLg==
75	SG9qYSBBZmlsYWRh	UGxhbnRh	ZsOtc2ljbw==	55	25	95	Q29ydGEgY29uIGhvamFzIGFmaWxhZGFzLiBTdWVsZSBzZXIgY3LDrXRpY28u
76	UmF5byBTb2xhcg==	UGxhbnRh	ZXNwZWNpYWw=	120	10	100	UHJpbWVyIHR1cm5vOiBhYnNvcmJlIGx1ei4gU2VndW5kbyB0dXJubzogbGFuemEgdW4KcG90ZW50ZSByYXlvIGRlIGVuZXJnw61hLiA=
77	UG9sdm8gVmVuZW5v	VmVuZW5v	ZXN0YWRv	-1	35	75	UG9sdm8gdMOzeGljbyBxdWUgZW52ZW5lbmEgYWwgb2JqZXRpdm8u
78	UGFyYWxpemFkb3I=	UGxhbnRh	ZXN0YWRv	-1	30	75	RXNwYXJjZSBwb2x2byBxdWUgcGFyYWxpemEgYWwgb2JqZXRpdm8u
79	U29tbsOtZmVybw==	UGxhbnRh	ZXN0YWRv	-1	15	75	RXNwYXJjZSBwb2x2byBxdWUgZHVlcm1lIGFsIG9iamV0aXZvLg==
80	RGFuemEgUMOpdGFsbw==	UGxhbnRh	ZXNwZWNpYWw=	120	10	100	TGFuemEgcMOpdGFsb3MgZGUgZG9zIGEgdHJlcyB0dXJub3MgeSBhY2FiYQpjb25mdW5kaWVuZG8gYWwgYXRhY2FudGUu
81	RGlzcGFybyBEZW1vcmE=	QmljaG8=	ZXN0YWRv	-1	40	95	TGFuemEgc2VkYSBhIGxvcyByaXZhbGVzIHkgcmVkdWNlIG11Y2hvIHN1ClZlbG9jaWRhZC4g
82	RnVyaWEgRHJhZ8Ozbg==	RHJhZ8Ozbg==	ZXNwZWNpYWw=	-1	10	100	UsOhZmFnYSBkZSBmdXJpb3NhcyBvbmRhcyBkZSBjaG9xdWUgcXVlIHF1aXRhbgo0MCBQUy4=
83	R2lybyBGdWVnbw==	RnVlZ28=	ZXNwZWNpYWw=	35	15	85	VW4gYXJvIGRlIGZ1ZWdvIHF1ZSBhdHJhcGEgYWwgb2JqZXRpdm8gZGUgY3VhdHJvIGEKY2luY28gdHVybm9zLg==
84	SW1wYWN0cnVlbm8=	RWzDqWN0cmljbw==	ZXNwZWNpYWw=	40	30	100	QXRhcXVlIGVsw6ljdHJpY28gcXVlIHB1ZWRlIHBhcmFsaXphciBhbCBvYmpldGl2by4=
85	UmF5bw==	RWzDqWN0cmljbw==	ZXNwZWNpYWw=	90	15	100	UG90ZW50ZSBhdGFxdWUgZWzDqWN0cmljbyBxdWUgcHVlZGUgcGFyYWxpemFyIGFsCm9iamV0aXZvLg==
86	T25kYSBUcnVlbm8=	RWzDqWN0cmljbw==	ZXN0YWRv	-1	20	90	VW5hIGxpZ2VyYSBkZXNjYXJnYSBxdWUgcGFyYWxpemEgYWwgb2JqZXRpdm8gc2kgbG8KYWxjYW56YS4=
87	VHJ1ZW5v	RWzDqWN0cmljbw==	ZXNwZWNpYWw=	110	10	70	VW4gcG9kZXJvc28gcmF5byBxdWUgZGHDsWEgYWwgb2JqZXRpdm8geSBwdWVkZQpwYXJhbGl6YXJsby4=
88	TGFuemFycm9jYXM=	Um9jYQ==	ZsOtc2ljbw==	50	15	90	VGlyYSB1bmEgcGVxdWXDsWEgcm9jYSBhbCBvYmpldGl2by4=
89	VGVycmVtb3Rv	VGllcnJh	ZsOtc2ljbw==	100	10	100	VW4gdGVycmVtb3RvIHF1ZSBhZmVjdGEgYSBsb3MgUG9rw6ltb24gZGUgYWxyZWRlZG9yCmVuIGNvbWJhdGUu
90	RmlzdXJh	VGllcnJh	ZsOtc2ljbw==	-1	5	30	QWJyZSB1bmEgZ3JpZXRhIGVuIGVsIHN1ZWxvIHkgbWV0ZSBhbCBvYmpldGl2byBlbiBlbGxhLgpGdWxtaW5hIGVuIHVuIGdvbHBlLg==
91	RXhjYXZhcg==	VGllcnJh	ZsOtc2ljbw==	80	10	100	UHJpbWVyIHR1cm5vOiBjYXZhLiBTZWd1bmRvIHR1cm5vOiBhdGFjYS4=
92	VMOzeGljbw==	VmVuZW5v	ZXN0YWRv	-1	10	90	RW52ZW5lbmEgZ3JhdmVtZW50ZSBhbCBvYmpldGl2byB5IGNhdXNhIHVuIGRhw7FvCm1heW9yIGVuIGNhZGEgdHVybm8u
93	Q29uZnVzacOzbg==	UHPDrXF1aWNv	ZXNwZWNpYWw=	50	25	100	RMOpYmlsIGF0YXF1ZSB0ZWxlcXVpbsOpdGljbyBxdWUgcHVlZGUgY2F1c2FyCmNvbmZ1c2nDs24u
94	UHPDrXF1aWNv	UHPDrXF1aWNv	ZXNwZWNpYWw=	90	10	100	RnVlcnRlIGF0YXF1ZSB0ZWxlcXVpbsOpdGljbyBxdWUgcHVlZGUgYmFqYXIgbGEKRGVmZW5zYSBFc3BlY2lhbCBkZWwgb2JqZXRpdm8u
95	SGlwbm9zaXM=	UHPDrXF1aWNv	ZXN0YWRv	-1	20	60	QXRhcXVlIGhpcG7Ds3RpY28gcXVlIGhhY2UgZG9ybWlyIHByb2Z1bmRhbWVudGUgYWwKb2JqZXRpdm8u
96	TWVkaXRhY2nDs24=	UHPDrXF1aWNv	ZXN0YWRv	-1	40	-1	RWwgdXN1YXJpbyByZXBvc2EgeSBtZWRpdGEgcGFyYSBwb3RlbmNpYXIgZWwgQXRhcXVlLg==
97	QWdpbGlkYWQ=	UHPDrXF1aWNv	ZXN0YWRv	-1	30	-1	UmVsYWphIGVsIGN1ZXJwbyBwYXJhIGdhbmFyIG11Y2hhIFZlbG9jaWRhZC4=
98	QXRhcXVlIFLDoXBpZG8=	Tm9ybWFs	ZsOtc2ljbw==	40	30	100	QXRhY2EgYWwgb2JqZXRpdm8gYSBncmFuIHZlbG9jaWRhZC4gRXN0ZSBtb3ZpbWllbnRvCnRpZW5lIHByaW9yaWRhZCBhbHRhLiA=
99	RnVyaWE=	Tm9ybWFs	ZsOtc2ljbw==	20	20	100	QWwgdXNhcnNlLCBhdW1lbnRhIGVsIEF0YXF1ZSBkZWwgdXN1YXJpbyBjYWRhIHZlegpxdWUgZXMgZ29scGVhZG8u
100	VGVsZXRyYW5zcG9ydGU=	UHPDrXF1aWNv	ZXN0YWRv	-1	20	-1	UGVybWl0ZSBodWlyIGFsIGluc3RhbnRlIGRlIGNvbWJhdGVzIGNvbnRyYQpQb2vDqW1vbiBzYWx2YWplcy4=
101	VGluaWVibGFz	RmFudGFzbWE=	ZXNwZWNpYWw=	-1	15	100	UHJvZHVjZSB1biBlc3BlamlzbW8gYW50ZSBlbCBvYmpldGl2bywgcXVlIHBpZXJkZQp0YW50b3MgUFMgY29tbyBuaXZlbCB0ZW5nYSBlbCB1c3VhcmlvLg==
102	TWltw6l0aWNv	Tm9ybWFs	ZXN0YWRv	-1	10	-1	Q29waWEgZWwgw7psdGltbyBtb3ZpbWllbnRvIHVzYWRvIHBvciBlbCBvYmpldGl2bywgeQpwdWVkZSB1dGlsaXphcmxvIG1pZW50cmFzIGVzdMOpIGVuIGVsIGNvbWJhdGUu
103	Q2hpcnJpZG8=	Tm9ybWFs	ZXN0YWRv	-1	40	85	QWxhcmlkbyBhZ3VkbyBxdWUgcmVkdWNlIG11Y2hvIGxhIERlZmVuc2EgZGVsCm9iamV0aXZvLg==
104	RG9ibGUgRXF1aXBv	Tm9ybWFs	ZXN0YWRv	-1	15	-1	Q3JlYSBjb3BpYXMgZGUgc8OtIG1pc21vIHBhcmEgbWVqb3JhciBsYSBFdmFzacOzbi4=
105	UmVjdXBlcmFjacOzbg==	Tm9ybWFs	ZXN0YWRv	-1	5	-1	UmVzdGF1cmEgaGFzdGEgbGEgbWl0YWQgZGUgbG9zIFBTIG3DoXhpbW9zLg==
106	Rm9ydGFsZXph	Tm9ybWFs	ZXN0YWRv	-1	30	-1	VGVuc2EgbGEgbXVzY3VsYXR1cmEgZGVsIHVzdWFyaW8gcGFyYSBhdW1lbnRhciBsYQpEZWZlbnNhLg==
107	UmVkdWNjacOzbg==	Tm9ybWFs	ZXN0YWRv	-1	10	-1	RWwgdXN1YXJpbyBtZW5ndWEgcGFyYSBhdW1lbnRhciBtdWNobyBsYSBFdmFzacOzbi4=
108	UGFudGFsbGEgZGUgSHVtbw==	Tm9ybWFs	ZXN0YWRv	-1	20	100	QmFqYSBsYSBQcmVjaXNpw7NuIGRlbCBvYmpldGl2byBjb24gdW5hIG51YmUgZGUgaHVtbwpvIHRpbnRhLg==
109	UmF5byBDb25mdXNv	RmFudGFzbWE=	ZXN0YWRv	-1	10	100	UmF5byBzaW5pZXN0cm8gcXVlIGNvbmZ1bmRlIGFsIG9iamV0aXZvLg==
110	UmVmdWdpbw==	QWd1YQ==	ZXN0YWRv	-1	40	-1	RWwgdXN1YXJpbyBzZSByZXNndWFyZGEgZW4gc3UgY29yYXphIHBvciBsbyBxdWUgbGUKc3ViZSBsYSBEZWZlbnNhLiA=
111	Uml6byBEZWZlbnNh	Tm9ybWFs	ZXN0YWRv	-1	40	-1	U2UgZW5yb3NjYSBwYXJhIG9jdWx0YXIgc3VzIHB1bnRvcyBkw6liaWxlcyB5CmF1bWVudGFyIGxhIERlZmVuc2Eu
112	QmFycmVyYQ==	UHPDrXF1aWNv	ZXN0YWRv	-1	20	-1	Q3JlYSB1bmEgYmFycmVyYSBxdWUgYXVtZW50YSBtdWNobyBsYSBEZWZlbnNhLg==
113	UGFudGFsbGEgZGUgTHV6	UHPDrXF1aWNv	ZXN0YWRv	-1	30	-1	UGFyZWQgZGUgbHV6IHF1ZSByZWR1Y2UgZHVyYW50ZSBjaW5jbyB0dXJub3MgZWwKZGHDsW8gcHJvZHVjaWRvIHBvciBsb3MgYXRhcXVlcyBlc3BlY2lhbGVzLg==
114	TmllYmxh	SGllbG8=	ZXN0YWRv	-1	30	-1	TmVibGluYSBxdWUgZWxpbWluYSBsb3MgY2FtYmlvcyBkZSBjYXJhY3RlcsOtc3RpY2FzCmRlIHRvZG9zIGxvcyBQb2vDqW1vbiBlbiBjb21iYXRlLg==
115	UmVmbGVqbw==	UHPDrXF1aWNv	ZXN0YWRv	-1	20	-1	UGFyZWQgZGUgbHV6IHF1ZSByZWR1Y2UgZHVyYW50ZSBjaW5jbyB0dXJub3MgZWwKZGHDsW8gcHJvZHVjaWRvIHBvciBsb3MgYXRhcXVlcyBmw61zaWNvcy4=
116	Rm9jbyBFbmVyZ8OtYQ==	Tm9ybWFs	ZXN0YWRv	-1	30	-1	Q29uY2VudHJhIGVuZXJnw61hIHBhcmEgYXVtZW50YXIgbGFzIHBvc2liaWxpZGFkZXMKZGUgdW4gZ29scGUgY3LDrXRpY28u
117	VmVuZ2FuemE=	Tm9ybWFs	ZsOtc2ljbw==	-1	10	-1	RXNwZXJhIGRvcyB0dXJub3MgcGFyYSBhdGFjYXIgY29uIGVsIGRvYmxlIGRlCnBvdGVuY2lhIGRlbCBkYcOxbyByZWNpYmlkby4=
118	TWV0csOzbm9tbw==	Tm9ybWFs	ZXN0YWRv	-1	10	-1	RWwgdXN1YXJpbyBtdWV2ZSB1biBkZWRvIHkgZXN0aW11bGEgc3UgY2VyZWJybwpwYXJhIHVzYXIgYWwgYXphciBjYXNpIGN1YWxxdWllciBtb3ZpbWllbnRvLg==
119	RXNwZWpv	Vm9sYWRvcg==	ZXN0YWRv	-1	20	-1	QXRhY2EgYWwgb2JqZXRpdm8gY29uIGVsIMO6bHRpbW8gbW92aW1pZW50byBxdWUgZXN0ZQpoYXlhIHVzYWRvLg==
120	QXV0b2Rlc3RydWNjacOzbg==	Tm9ybWFs	ZsOtc2ljbw==	200	5	100	RWwgYXRhY2FudGUgZXhwbG90YSB5IGhpZXJlIGEgdG9kb3MgYSBzdSBhbHJlZGVkb3IuCkVsIHVzdWFyaW8gc2UgZGViaWxpdGEgZGUgaW5tZWRpYXRvLg==
121	Qm9tYmEgSHVldm8=	Tm9ybWFs	ZsOtc2ljbw==	100	10	75	QXJyb2phIHVuIGh1ZXZvIGVub3JtZSBhbCBvYmpldGl2byBjb24gZ3JhbiBmdWVyemEu
122	TGVuZ8O8ZXRhem8=	RmFudGFzbWE=	ZsOtc2ljbw==	30	30	100	VW5hIGxlbmd1YSBhdGFjYSBhbCBvYmpldGl2by4gUHVlZGUgY2F1c2FyIHBhcsOhbGlzaXMu
123	UG9sdWNpw7Nu	VmVuZW5v	ZXNwZWNpYWw=	30	20	70	RWwgb2JqZXRpdm8gZXMgYXRhY2FkbyBjb24gZ2FzZXMgdMOzeGljb3MgcXVlCnB1ZWRlbiBsbGVnYXIgYSBlbnZlbmVuYXIu
124	UmVzaWR1b3M=	VmVuZW5v	ZXNwZWNpYWw=	65	20	100	QXJyb2phIHJlc2lkdW9zIGFsIG9iamV0aXZvLiBQdWVkZSBsbGVnYXIgYSBlbnZlbmVuYXIu
125	SHVlc28gUGFsbw==	VGllcnJh	ZsOtc2ljbw==	65	20	85	QXBvcnJlYSBjb24gdW4gaHVlc28uIFB1ZWRlIGhhY2VyIHJldHJvY2VkZXIgYWwKb2JqZXRpdm8u
126	TGxhbWFyYWRh	RnVlZ28=	ZXNwZWNpYWw=	110	5	85	TGxhbWEgaW50ZW5zYSBxdWUgY2hhbXVzY2EgeSBwdWVkZSBjYXVzYXIKcXVlbWFkdXJhcy4=
127	Q2FzY2FkYQ==	QWd1YQ==	ZsOtc2ljbw==	80	15	100	RW1iaXN0ZSBjb24gdW4gZ3JhbiBpbXB1bHNvIHF1ZSBwdWVkZSBoYWNlcgpyZXRyb2NlZGVyLg==
128	VGVuYXph	QWd1YQ==	ZsOtc2ljbw==	35	15	85	QXRyYXBhIHkgYXRlbmF6YSBjb24gZnVlcnphIGR1cmFudGUgY3VhdHJvIG8gY2luY28KdHVybm9zLg==
129	TWV0ZW9yb3M=	Tm9ybWFs	ZXNwZWNpYWw=	60	20	-1	TGFuemEgcmF5b3MgZW4gZm9ybWEgZGUgZXN0cmVsbGEgcXVlIG5vIGZhbGxhbiBudW5jYS4=
130	Q2FiZXphem8=	Tm9ybWFs	ZsOtc2ljbw==	130	10	100	UHJpbWVyIHR1cm5vOiBzZSBwcmVwYXJhIHkgc3ViZSBsYSBEZWZlbnNhIGRlbAp1c3VhcmlvLiBTZWd1bmRvIHR1cm5vOiBkYSBlbCBjYWJlemF6by4=
131	Q2xhdm8gQ2HDscOzbg==	Tm9ybWFs	ZsOtc2ljbw==	20	15	100	TGFuemEgZmluYXMgcMO6YXMgcXVlIGhpZXJlbiBkZSBkb3MgYSBjaW5jbyB2ZWNlcy4=
132	UmVzdHJpY2Npw7Nu	Tm9ybWFs	ZsOtc2ljbw==	10	35	100	QXRhY2EgY29uIGxhcmdvcyB0ZW50w6FjdWxvcyBvIHphcmNpbGxvcyBxdWUgcHVlZGVuCmJhamFyIGxhIFZlbG9jaWRhZC4g
133	QW1uZXNpYQ==	UHPDrXF1aWNv	ZXN0YWRv	-1	20	-1	RWwgdXN1YXJpbyBvbHZpZGEgc3VzIHByZW9jdXBhY2lvbmVzIHkgYXVtZW50YQptdWNobyBsYSBEZWZlbnNhIEVzcGVjaWFsLg==
134	S2luw6l0aWNv	UHPDrXF1aWNv	ZXN0YWRv	-1	15	80	RG9ibGEgdW5hIGN1Y2hhcmEgcGFyYSBkaXN0cmFlciBhbCBvYmpldGl2byB5IGJhamFyCnN1IG5pdmVsIGRlIFByZWNpc2nDs24u
135	T3ZvY3VyYWNpw7Nu	Tm9ybWFs	ZXN0YWRv	-1	5	-1	UmVzdGF1cmEgbGEgbWl0YWQgZGUgbG9zIFBTIG3DoXhpbW9zIGRlbCB1c3VhcmlvLg==
136	UGF0YWRhIFNhbHRvIEFsdGE=	THVjaGE=	ZsOtc2ljbw==	130	10	90	U2FsdGEgbXV5IGFsdG8geSBkYSB1biByb2RpbGxhem8uIFNpIGZhbGxhLCBkYcOxYXLDoQphbCB1c3VhcmlvLg==
137	RGVzbHVtYnJhcg==	Tm9ybWFs	ZXN0YWRv	-1	30	100	SW50aW1pZGEgeSBhc3VzdGEgYWwgb2JqZXRpdm8gY29uIGxhIG1pcmFkYSBwYXJhCmRlamFybG8gcGFyYWxpemFkby4=
138	Q29tZXN1ZcOxb3M=	UHPDrXF1aWNv	ZXNwZWNpYWw=	100	15	100	UmVzdGF1cmEgYWwgdXN1YXJpbyBsYSBtaXRhZCBkZWwgZGHDsW8gY2F1c2FkbyBhIHVuCm9iamV0aXZvIGRvcm1pZG8u
139	R2FzIFZlbmVub3Nv	VmVuZW5v	ZXN0YWRv	-1	40	90	TGFuemEgdW5hIG51YmUgZGUgZ2FzIHTDs3hpY28gYWwgb2JqZXRpdm8uClByb2R1Y2UgZW52ZW5lbmFtaWVudG8u
140	Qm9tYmFyZGVv	Tm9ybWFs	ZsOtc2ljbw==	15	20	85	QXJyb2phIGVzZmVyYXMgYWwgb2JqZXRpdm8gZW50cmUgZG9zIHkgY2luY28gdmVjZXMKc2VndWlkYXMu
141	Q2h1cGF2aWRhcw==	QmljaG8=	ZsOtc2ljbw==	80	10	100	UmVzdGF1cmEgYWwgdXN1YXJpbyBsYSBtaXRhZCBkZWwgZGHDsW8gY2F1c2FkbyBhbApvYmpldGl2by4=
142	QmVzbyBBbW9yb3Nv	Tm9ybWFs	ZXN0YWRv	-1	10	75	SW50aW1pZGEgYWwgb2JqZXRpdm8gY29uIHVuYSBjYXJhIHF1ZSBhc3VzdGEgeSBsZQpkYSB1biBiZXNvIHF1ZSBsbyBkZWphIGRvcm1pZG8u
143	QXRhcXVlIEHDqXJlbw==	Vm9sYWRvcg==	ZsOtc2ljbw==	140	5	90	QXRhcXVlIGVuIGRvcyB0dXJub3MgcXVlIHN1ZWxlIHNlciBjcsOtdGljby4KUHVlZGUgaGFjZXIgcmV0cm9jZWRlciBhbCBvYmpldGl2by4=
144	VHJhbnNmb3JtYWNpw7Nu	Tm9ybWFs	ZXN0YWRv	-1	10	-1	RWwgdXN1YXJpbyBzZSB0cmFuc2Zvcm1hIGVuIHVuYSBjb3BpYSBkZWwgb2JqZXRpdm8sCmNvbiBsb3MgbWlzbW9zIG1vdmltaWVudG9zLg==
145	QnVyYnVqYQ==	QWd1YQ==	ZXNwZWNpYWw=	40	30	100	TGFuemEgYnVyYnVqYXMgYSBsb3MgY29udHJpbmNhbnRlcyB5IHB1ZWRlIHJlZHVjaXIKc3UgVmVsb2NpZGFkLg==
146	UHXDsW8gTWFyZW8=	Tm9ybWFs	ZsOtc2ljbw==	70	10	100	UsOtdG1pY29zIHB1w7FldGF6b3MgcXVlIHB1ZWRlbiBjYXVzYXIgY29uZnVzacOzbi4=
147	RXNwb3Jh	UGxhbnRh	ZXN0YWRv	-1	15	100	RXNwYXJjZSBlc3BvcmFzIHF1ZSBpbmR1Y2VuIGFsIHN1ZcOxby4=
148	RGVzdGVsbG8=	Tm9ybWFs	ZXN0YWRv	-1	20	100	THV6IGNlZ2Fkb3JhIHF1ZSBiYWphIGxhIFByZWNpc2nDs24gZGVsIG9iamV0aXZvLg==
149	UHNpY29vbmRh	UHPDrXF1aWNv	ZXNwZWNpYWw=	-1	15	100	QXRhcXVlIGNvbiB1bmEgb25kYSBkZSBlbmVyZ8OtYSBkZSBpbnRlbnNpZGFkCnZhcmlhYmxlLg==
150	U2FscGljYWR1cmE=	Tm9ybWFs	ZXN0YWRv	-1	40	-1	Tm8gdGllbmUgbmluZ8O6biBlZmVjdG8uIFNvbG8gc2FscGljYS4=
151	QXJtYWR1cmEgw4FjaWRh	VmVuZW5v	ZXN0YWRv	-1	20	-1	VHJhbnNmb3JtYSBsYSBlc3RydWN0dXJhIGNlbHVsYXIgcGFyYSBoYWNlcnNlIGzDrXF1aWRvCnkgYXVtZW50YSBtdWNobyBsYSBEZWZlbnNhLg==
152	TWFydGlsbGF6bw==	QWd1YQ==	ZsOtc2ljbw==	100	10	90	R29scGVhIGNvbiBmdWVyemEgY29uIHVuYSBwaW56YSBlbm9ybWUuClN1ZWxlIHNlciBjcsOtdGljby4=
153	RXhwbG9zacOzbg==	Tm9ybWFs	ZsOtc2ljbw==	250	5	100	RWwgYXRhY2FudGUgY2F1c2EgdW5hIGdyYW5kw61zaW1hIGV4cGxvc2nDs24geSBoaWVyZQphIHRvZG9zIGEgc3UgYWxyZWRlZG9yLiBFbCB1c3VhcmlvIHNlIGRlYmlsaXRhIGRlCmlubWVkaWF0by4=
154	R29scGVzIEZ1cmlh	Tm9ybWFs	ZsOtc2ljbw==	18	15	80	QXJhw7FhIHLDoXBpZGFtZW50ZSBkZSBkb3MgYSBjaW5jbyB2ZWNlcy4=
155	SHVlc29tZXJhbmc=	VGllcnJh	ZsOtc2ljbw==	50	10	90	TGFuemEgdW4gaHVlc28gYSBtb2RvIGRlIGJ1bWVyw6FuIHF1ZSBnb2xwZWEgZG9zCnZlY2VzLg==
156	RGVzY2Fuc28=	UHPDrXF1aWNv	ZXN0YWRv	-1	5	-1	UmVzdGF1cmEgdG9kb3MgbG9zIFBTIHkgY3VyYSB0b2RvcyBsb3MgcHJvYmxlbWFzIGRlCmVzdGFkbyBkZWwgdXN1YXJpby4gRHVlcm1lIGxvcyBkb3MgcHLDs3hpbW9zIHR1cm5vcy4g
157	QXZhbGFuY2hh	Um9jYQ==	ZsOtc2ljbw==	75	10	90	TGFuemEgZ3JhbmRlcyBwZWRydXNjb3MuIFB1ZWRlIGhhY2VyIHJldHJvY2VkZXIgYQpsb3Mgcml2YWxlcy4=
158	SGlwZXJjb2xtaWxsbw==	Tm9ybWFs	ZsOtc2ljbw==	80	15	90	QXRhcXVlIGNvbiBmaW5vcyBjb2xtaWxsb3MuIFB1ZWRlIGhhY2VyIHJldHJvY2VkZXIKYWwgb2JqZXRpdm8u
159	QWZpbGFy	Tm9ybWFs	ZXN0YWRv	-1	30	-1	RWwgcGVyZmlsIGRlbCB1c3VhcmlvIHNlIGhhY2UgbcOhcyBhZmlsYWRvIHkgc3UgQXRhcXVlCm1lam9yYS4=
160	Q29udmVyc2nDs24=	Tm9ybWFs	ZXN0YWRv	-1	30	-1	Q2FtYmlhIGVsIHRpcG8gZGVsIHVzdWFyaW8gcG9yIGVsIGRlbCBwcmltZXJvIGRlIHN1cwptb3ZpbWllbnRvcy4=
161	VHJpYXRhcXVl	Tm9ybWFs	ZXNwZWNpYWw=	80	10	100	QXRhcXVlIHRyaXBsZSBxdWUgcHVlZGUgcGFyYWxpemFyLCBxdWVtYXIgbyBjb25nZWxhcgphbCBvYmpldGl2by4=
162	U3VwZXJkaWVudGU=	Tm9ybWFs	ZsOtc2ljbw==	-1	10	90	Rmlub3MgY29sbWlsbG9zIHF1ZSByZWR1Y2VuIGEgbGEgbWl0YWQgbG9zIFBTIGRlbApvYmpldGl2by4=
163	Q3VjaGlsbGFkYQ==	Tm9ybWFs	ZsOtc2ljbw==	70	20	100	QXRhY2EgY29uIGN1Y2hpbGxhcyBvIGNvbiBwaW56YXMuIFN1ZWxlIGRhciB1biBnb2xwZQpjcsOtdGljby4=
164	U3VzdGl0dXRv	Tm9ybWFs	ZXN0YWRv	-1	10	-1	VXRpbGl6YSBwYXJ0ZSBkZSBsb3MgUFMgcHJvcGlvcyBwYXJhIGNyZWFyIHVuCnN1c3RpdHV0byBxdWUgYWN0w7phIGNvbW8gc2XDsXVlbG8u
165	Rm9yY2VqZW8=	Tm9ybWFs	ZsOtc2ljbw==	50	1	-1	U29sbyBzZSB1c2EgY29tbyDDumx0aW1vIHJlY3Vyc28gYWwgYWNhYmFyc2UgbG9zIFBQLgpIaWVyZSB1biBwb2NvIGFsIGFncmVzb3Iu
166	RXNxdWVtYQ==	Tm9ybWFs	ZXN0YWRv	-1	1	-1	QXByZW5kZSBkZSBmb3JtYSBwZXJtYW5lbnRlIGVsIMO6bHRpbW8gbW92aW1pZW50bwp1dGlsaXphZG8gcG9yIGVsIG9iamV0aXZvLiBFcyBkZSB1biBzb2xvIHVzby4=
167	VHJpcGxlIFBhdGFkYQ==	THVjaGE=	ZsOtc2ljbw==	10	10	90	UGF0ZWEgaGFzdGEgdHJlcyB2ZWNlcyBzZWd1aWRhcyB5IGNhZGEgdmV6IG3DoXMKZnVlcnRlLiA=
168	TGFkcsOzbg==	U2luaWVzdHJv	ZsOtc2ljbw==	60	25	100	QXRhY2EgeSBsZSBxdWl0YSBlbCBvYmpldG8gYWwgb2JqZXRpdm8gc2llbXByZSB5CmN1YW5kbyBlbCBhZ3Jlc29yIG5vIGxsZXZlIG5pbmd1bm8uIA==
169	VGVsYXJhw7Fh	QmljaG8=	ZXN0YWRv	-1	10	-1	RW5yZWRhIGFsIG9iamV0aXZvIHBhcmEgZXZpdGFyIHF1ZSBhYmFuZG9uZSBlbApjb21iYXRlLg==
170	VGVsw6lwYXRh	Tm9ybWFs	ZXN0YWRv	-1	5	-1	RWwgdXN1YXJpbyBhZGl2aW5hIGxvcyBtb3ZpbWllbnRvcyBkZWwgb2JqZXRpdm8gcGFyYQpoYWNlciBxdWUgc3Ugc2lndWllbnRlIGF0YXF1ZSBubyBmYWxsZS4=
171	UGVzYWRpbGxh	RmFudGFzbWE=	ZXN0YWRv	-1	15	100	RWwgb2JqZXRpdm8gZG9ybWlkbyBzdWZyZSB1bmEgcGVzYWRpbGxhIHF1ZSBsZSBoYWNlCnBlcmRlciBQUyBlbiBjYWRhIHR1cm5vLg==
172	UnVlZGEgRnVlZ28=	RnVlZ28=	ZsOtc2ljbw==	60	25	100	QXRhY2EgZW52dWVsdG8gZW4gZnVlZ28uIFB1ZWRlIGNhdXNhciBxdWVtYWR1cmFzLg==
173	Um9ucXVpZG8=	Tm9ybWFs	ZXNwZWNpYWw=	50	15	100	RnVlcnRlIHJvbnF1aWRvIHF1ZSBzb2xvIHB1ZWRlIHVzYXJzZSBkb3JtaWRvLgpQdWVkZSBoYWNlciByZXRyb2NlZGVyIGFsIG9iamV0aXZvLg==
174	TWFsZGljacOzbg==	RmFudGFzbWE=	ZXN0YWRv	-1	10	-1	VW4gbW92aW1pZW50byBxdWUgdGllbmUgZWZlY3RvcyBkaXN0aW50b3Mgc2kgZWwKdXN1YXJpbyBlcyBkZSB0aXBvIEZhbnRhc21hIG8gbm8u
175	QXpvdGU=	Tm9ybWFs	ZsOtc2ljbw==	-1	15	100	QXRhcXVlIGZyZW7DqXRpY28uIEN1YW50b3MgbWVub3MgUFMgdGVuZ2EgZWwgdXN1YXJpbywKbcOhcyBkYcOxbyBwcm9kdWNpcsOhLg==
176	Q29udmVyc2nDs24gMg==	Tm9ybWFs	ZXN0YWRv	-1	30	-1	RWwgdXN1YXJpbyBjYW1iaWEgZGUgdGlwbyBwYXJhIGhhY2Vyc2UgcmVzaXN0ZW50ZQphbCDDumx0aW1vIHRpcG8gZGUgbW92aW1pZW50byB1c2FkbyBwb3IgZWwgb2JqZXRpdm8uIA==
177	QWVyb2Nob3Jybw==	Vm9sYWRvcg==	ZXNwZWNpYWw=	100	5	95	TGFuemEgdW4gY2hvcnJvIGRlIGFpcmUgcXVlIHN1ZWxlIGRhciB1biBnb2xwZQpjcsOtdGljby4=
178	RXNwb3JhZ29kw7Nu	UGxhbnRh	ZXN0YWRv	-1	40	100	QWRoaWVyZSBlc3BvcmFzIGEgbG9zIHJpdmFsZXMgcGFyYSByZWR1Y2lyIG11Y2hvIHN1ClZlbG9jaWRhZC4=
179	SW52ZXJzacOzbg==	THVjaGE=	ZsOtc2ljbw==	-1	15	100	QXRhcXVlIGRlc2VzcGVyYWRvIHF1ZSBjYXVzYSBtw6FzIGRhw7FvIGN1YW50b3MKbWVub3MgUFMgdGVuZ2EgZWwgdXN1YXJpby4=
180	UmVuY29y	RmFudGFzbWE=	ZXN0YWRv	-1	10	100	RGEgcmllbmRhIHN1ZWx0YSBhIHN1IHJlbmNvciBwYXJhIHJlZHVjaXIgY3VhdHJvIFBQCmRlbCDDumx0aW1vIG1vdmltaWVudG8gdXNhZG8gcG9yIGVsIG9iamV0aXZvLiA=
181	TmlldmUgUG9sdm8=	SGllbG8=	ZXNwZWNpYWw=	40	25	100	TGFuemEgbmlldmUgcXVlIHB1ZWRlIGxsZWdhciBhIGNvbmdlbGFyLg==
182	UHJvdGVjY2nDs24=	Tm9ybWFs	ZXN0YWRv	-1	10	-1	RnJlbmEgdG9kb3MgbG9zIGF0YXF1ZXMsIHBlcm8gcHVlZGUgZmFsbGFyIHNpIHNlIHVzYQpyZXBldGlkYW1lbnRlLg==
183	VWx0cmFwdcOxbw==	THVjaGE=	ZsOtc2ljbw==	40	30	100	UHXDsWV0YXpvIGRlIHZlbG9jaWRhZCBmdWxtaW5hbnRlLiBFc3RlIG1vdmltaWVudG8KdGllbmUgcHJpb3JpZGFkIGFsdGEu
184	Q2FyYSBTdXN0bw==	Tm9ybWFs	ZXN0YWRv	-1	10	100	QXN1c3RhIGFsIG9iamV0aXZvIHBhcmEgcmVkdWNpciBtdWNobyBzdSBWZWxvY2lkYWQu
185	RmludGE=	U2luaWVzdHJv	ZsOtc2ljbw==	60	20	-1	RW5nYcOxYSBhbCBvYmpldGl2byBwYXJhIGFjZXJjYXJzZSB5IGRhciB1biBwdcOxZXRhem8KcXVlIG5vIGZhbGxhLg==
186	QmVzbyBEdWxjZQ==	SGFkYQ==	ZXN0YWRv	-1	10	75	RGEgdW4gYmVzbyBjb24gdGFsIGR1bHp1cmEgcXVlIGNhdXNhIGNvbmZ1c2nDs24u
187	VGFtYm9y	Tm9ybWFs	ZXN0YWRv	-1	10	-1	UmVkdWNlIGxhIG1pdGFkIGRlIGxvcyBQUyBtw6F4aW1vcyBwYXJhIG1lam9yYXIKYWwgbcOheGltbyBlbCBBdGFxdWUu
188	Qm9tYmEgTG9kbw==	VmVuZW5v	ZXNwZWNpYWw=	90	10	100	QXJyb2phIHJlc2lkdW9zIGFsIG9iamV0aXZvLiBQdWVkZSBsbGVnYXIgYSBlbnZlbmVuYXIu
189	Qm9mZXTDs24gTG9kbw==	VGllcnJh	ZXNwZWNpYWw=	20	10	100	RWNoYSBsb2RvIGVuIGxhIGNhcmEgcGFyYSBiYWphciBsYSBQcmVjaXNpw7NuLg==
190	UHVscG9jYcOxw7Nu	QWd1YQ==	ZXNwZWNpYWw=	65	10	85	RGlzcGFyYSB0aW50YSBhIGxhIGNhcmEuIFB1ZWRlIGJhamFyIGxhIFByZWNpc2nDs24u
191	UMO6YXM=	VGllcnJh	ZXN0YWRv	-1	20	-1	RXNwYXJjZSBww7phcyBhbHJlZGVkb3IgZGVsIGVxdWlwbyByaXZhbCBxdWUgaGllcmVuCmEgbG9zIFBva8OpbW9uIHJpdmFsZXMgcXVlIGVudHJhbiBlbiBjb21iYXRlLiA=
192	RWxlY3Ryb2Nhw7HDs24=	RWzDqWN0cmljbw==	ZXNwZWNpYWw=	120	5	50	RGlzcGFyYSB1bmEgZGVzY2FyZ2EgZWzDqWN0cmljYSBxdWUgY2F1c2EgZGHDsW8geQpwYXLDoWxpc2lzLg==
193	UHJvZmVjw61h	Tm9ybWFs	ZXN0YWRv	-1	40	-1	UGVybWl0ZSBhdGFjYXIgY29uIGN1YWxxdWllciBtb3ZpbWllbnRvIGEgb2JqZXRpdm9zCmRlIHRpcG8gRmFudGFzbWEgeSBnb2xwZWFyIGEgUG9rw6ltb24gZXZhc2l2b3MuIA==
194	TWlzbW8gRGVzdGlubw==	RmFudGFzbWE=	ZXN0YWRv	-1	5	-1	U2kgZWwgdXN1YXJpbyBzZSBkZWJpbGl0YSBwb3IgdW4gYXRhcXVlIHJpdmFsIGFudGVzIGRlCnVzYXIgb3RybyBtb3ZpbWllbnRvLCBlbCBQb2vDqW1vbiByaXZhbCBzZSBkZWJpbGl0YXLDoQp0YW1iacOpbi4gUHVlZGUgZmFsbGFyIHNpIHNlIHVzYSByZXBldGlkYW1lbnRlLg==
195	Q2FudG8gTW9ydGFs	Tm9ybWFs	ZXN0YWRv	-1	5	-1	U2kgdW4gUG9rw6ltb24gZXNjdWNoYSBlc3RlIGNhbnRvIHkgbm8gZXMgY2FtYmlhZG8KcG9yIG90cm8gZW4gdHJlcyB0dXJub3MsIGFjYWJhIGRlYmlsaXTDoW5kb3NlLiA=
196	VmllbnRvIEhpZWxv	SGllbG8=	ZXNwZWNpYWw=	55	15	95	QXRhcXVlIGNvbiBhaXJlIGhlbGFkbyBxdWUgYmFqYSBsYSBWZWxvY2lkYWQgZGUgbG9zCnJpdmFsZXMu
197	RGV0ZWNjacOzbg==	THVjaGE=	ZXN0YWRv	-1	5	-1	RnJlbmEgdG9kb3MgbG9zIGF0YXF1ZXMsIHBlcm8gcHVlZGUgZmFsbGFyIHNpIHNlIHVzYQpyZXBldGlkYW1lbnRlLg==
198	QXRhcXVlIMOTc2Vv	VGllcnJh	ZsOtc2ljbw==	25	10	90	SHVlc28gZW4gcmlzdHJlLCBhcG9ycmVhIGFsIG9iamV0aXZvIGRlIGRvcyBhIGNpbmNvCnZlY2VzLg==
199	RmlqYXIgQmxhbmNv	Tm9ybWFs	ZXN0YWRv	-1	5	-1	RmlqYSBlbCBibGFuY28gcGFyYSBxdWUgZWwgc2lndWllbnRlIGF0YXF1ZSBubyBmYWxsZS4=
200	RW5mYWRv	RHJhZ8Ozbg==	ZsOtc2ljbw==	120	10	100	QXRhY2EgZGUgZG9zIGEgdHJlcyB0dXJub3MgeSBhY2FiYSBjb25mdW5kaWVuZG8gYWwKYWdyZXNvci4=
201	VG9ybWVudGEgZGUgQXJlbmE=	Um9jYQ==	ZXN0YWRv	-1	10	-1	VG9ybWVudGEgZGUgYXJlbmEgcXVlIGR1cmEgY2luY28gdHVybm9zIHkgaGllcmUgYQp0b2RvcywgZXhjZXB0byBhIGxvcyBkZSB0aXBvIFJvY2EsIFRpZXJyYSB5IEFjZXJvLAp5IGF1bWVudGEgbGEgRGVmZW5zYSBFc3BlY2lhbCBkZSBsb3MgZGUgdGlwbyBSb2NhLg==
202	R2lnYWRyZW5hZG8=	UGxhbnRh	ZXNwZWNpYWw=	75	10	100	VW4gYXRhcXVlIHF1ZSBhYnNvcmJlIG51dHJpZW50ZXMuIFF1aWVuIGxvIHVzYQpyZWN1cGVyYSBsYSBtaXRhZCBkZSBsb3MgUFMgZGVsIGRhw7FvIHF1ZSBwcm9kdWNlLiA=
203	QWd1YW50ZQ==	Tm9ybWFs	ZXN0YWRv	-1	10	-1	UmVzaXN0ZSBjdWFscXVpZXIgYXRhcXVlIHkgZGVqYSBhbCBtZW5vcyAxIFBTLgpQdWVkZSBmYWxsYXIgc2kgc2UgdXNhIHJlcGV0aWRhbWVudGUu
204	RW5jYW50bw==	SGFkYQ==	ZXN0YWRv	-1	20	100	RW5nYXR1c2EgYWwgb2JqZXRpdm8geSByZWR1Y2UgYmFzdGFudGUgc3UgQXRhcXVlLg==
205	Um9kYXI=	Um9jYQ==	ZsOtc2ljbw==	30	20	90	RWwgYXRhY2FudGUgcnVlZGEgY29udHJhIGVsIG9iamV0aXZvIGR1cmFudGUgY2luY28KdHVybm9zLCBjYWRhIHZleiBjb24gbWF5b3IgZnVlcnphLg==
206	RmFsc28gVG9ydGF6bw==	Tm9ybWFs	ZsOtc2ljbw==	40	40	100	QXRhcXVlIG1vZGVyYWRvIHF1ZSBubyBkZWJpbGl0YSBhbCBvYmpldGl2byB5IGxlCmRlamEgYWwgbWVub3MgMSBQUy4=
207	RmFuZmFycm9uZWFy	Tm9ybWFs	ZXN0YWRv	-1	15	85	UHJvdm9jYSBjb25mdXNpw7NuIGVuIGVsIG9iamV0aXZvLCBwZXJvIHRhbWJpw6luIHN1YmUKbXVjaG8gc3UgQXRhcXVlLg==
208	QmF0aWRv	Tm9ybWFs	ZXN0YWRv	-1	5	-1	UmVzdGF1cmEgbGEgbWl0YWQgZGUgbG9zIFBTIG3DoXhpbW9zIGRlbCB1c3VhcmlvLg==
209	Q2hpc3Bh	RWzDqWN0cmljbw==	ZsOtc2ljbw==	65	20	100	QXRhcXVlIGVsw6ljdHJpY28gcXVlIHB1ZWRlIGxsZWdhciBhIHBhcmFsaXphci4=
210	Q29ydGUgRnVyaWE=	QmljaG8=	ZsOtc2ljbw==	40	20	95	QXRhcXVlIGNvbiBnYXJyYXMgbyBndWFkYcOxYSBxdWUgY3JlY2UgZW4KaW50ZW5zaWRhZCBzaSBzZSB1c2EgcmVwZXRpZGFzIHZlY2VzLg==
211	QWxhIGRlIEFjZXJv	QWNlcm8=	ZsOtc2ljbw==	70	25	90	QWxhcyBtYWNpemFzIHF1ZSBnb2xwZWFuIGFsIG9iamV0aXZvIHkgcHVlZGVuIHN1YmlyCmxhIERlZmVuc2EgZGVsIHVzdWFyaW8u
212	TWFsIGRlIE9qbw==	Tm9ybWFs	ZXN0YWRv	-1	5	-1	TWFsIGRlIG9qbyBxdWUgaW1waWRlIGFsIG9iamV0aXZvIGh1aXIgZGVsIGNvbWJhdGUu
213	QXRyYWNjacOzbg==	Tm9ybWFs	ZXN0YWRv	-1	15	100	U2kgZWwgb2JqZXRpdm8gZXMgZGVsIHNleG8gb3B1ZXN0bywgc2UgZW5hbW9yYXLDoSB5CmJhamFyw6EgbGEgcG9zaWJpbGlkYWQgZGUgcXVlIGF0YXF1ZS4=
214	U29uw6FtYnVsbw==	Tm9ybWFs	ZXN0YWRv	-1	10	-1	TWllbnRyYXMgZHVlcm1lLCB1c2EgdW5vIGRlIHN1cyBtb3ZpbWllbnRvcwplbGVnaWRvIGFsIGF6YXIu
215	Q2FzY2FiZWwgQ3VyYQ==	Tm9ybWFs	ZXN0YWRv	-1	5	-1	VGHDsWlkbyBxdWUgY3VyYSBsb3MgcHJvYmxlbWFzIGRlIGVzdGFkbyBkZSB0b2Rvcwpsb3MgUG9rw6ltb24gZGVsIGVxdWlwby4=
216	UmV0cmlidWNpw7Nu	Tm9ybWFs	ZsOtc2ljbw==	-1	20	100	Q3VhbnRvIG1heW9yIHNlYSBsYSBhbWlzdGFkIGNvbiBlbCBFbnRyZW5hZG9yLCBtw6FzCnBvZGVyb3NvIHNlcsOhIGVzdGUgYXRhcXVlLg==
217	UHJlc2VudGU=	Tm9ybWFs	ZsOtc2ljbw==	-1	15	90	UXVpZW4gbG8gdXNhIGF0YWNhIGFsIG9iamV0aXZvIGTDoW5kb2xlIHVuIHJlZ2FsbyBjb24KYm9tYmEgdHJhbXBhLiBTaW4gZW1iYXJnbywgYSB2ZWNlcyByZXN0YXVyYSBzdXMKUFMuIA==
218	RnJ1c3RyYWNpw7Nu	Tm9ybWFs	ZsOtc2ljbw==	-1	20	100	Q3VhbnRvIG1lbm9yIHNlYSBsYSBhbWlzdGFkIGNvbiBlbCBFbnRyZW5hZG9yLCBtw6FzCnBvZGVyb3NvIHNlcsOhIGVzdGUgYXRhcXVlLg==
219	VmVsbyBTYWdyYWRv	Tm9ybWFs	ZXN0YWRv	-1	25	-1	VW4gZXNjdWRvIHF1ZSBwcm90ZWdlIGRlIHByb2JsZW1hcyBkZSBlc3RhZG8sCmNvbW8gZWwgc3Vlw7FvIG8gbGEgcGFyw6FsaXNpcywgZHVyYW50ZSBjaW5jbyB0dXJub3MuIA==
220	RGl2aWRlIERvbG9y	Tm9ybWFs	ZXN0YWRv	-1	20	-1	U3VtYSBsb3MgUFMgZGVsIHVzdWFyaW8gYSBsb3MgZGVsIG9iamV0aXZvIHkgbG9zCnJlcGFydGUgYSBwYXJ0ZXMgaWd1YWxlcy4=
221	RnVlZ28gU2FncmFkbw==	RnVlZ28=	ZsOtc2ljbw==	100	5	95	RnVlZ28gbcOtc3RpY28gZGUgZ3JhbiBpbnRlbnNpZGFkIHF1ZSBwdWVkZSBjYXVzYXIKcXVlbWFkdXJhcy4=
222	TWFnbml0dWQ=	VGllcnJh	ZsOtc2ljbw==	-1	30	100	U2FjdWRpZGEgc8Otc21pY2EgZGUgaW50ZW5zaWRhZCB2YXJpYWJsZSBxdWUgYWZlY3RhCmEgdG9kb3MgbG9zIFBva8OpbW9uIGEgc3UgYWxyZWRlZG9yLg==
223	UHXDsW8gRGluw6FtaWNv	THVjaGE=	ZsOtc2ljbw==	100	5	50	UHXDsWV0YXpvIGNvbiB0b2RhIGxhIGZ1ZXJ6YSBjb25jZW50cmFkYS4gQ2F1c2EKY29uZnVzacOzbiBzaSBhdGluYS4=
224	TWVnYWN1ZXJubw==	QmljaG8=	ZsOtc2ljbw==	120	10	85	VmlvbGVudGEgZW1iZXN0aWRhIGNvbiBjdWVybm9zIGltcG9uZW50ZXMu
225	RHJhZ29hbGllbnRv	RHJhZ8Ozbg==	ZXNwZWNpYWw=	60	20	100	UG9kZXJvc2EgcsOhZmFnYSBkZSBhbGllbnRvIHF1ZSBnb2xwZWEgYWwgb2JqZXRpdm8geQpwdWVkZSBwYXJhbGl6YXJsby4=
226	UmVsZXZv	Tm9ybWFs	ZXN0YWRv	-1	40	-1	Q2FtYmlhIGVsIHB1ZXN0byBjb24gdW4gY29tcGHDsWVybyB5IGxlIHBhc2EgbG9zCmNhbWJpb3MgZGUgY2FyYWN0ZXLDrXN0aWNhcy4=
227	T3RyYSBWZXo=	Tm9ybWFs	ZXN0YWRv	-1	5	100	RWwgb2JqZXRpdm8gcmVwaXRlIHN1IMO6bHRpbW8gbW92aW1pZW50byBkdXJhbnRlIHRyZXMKdHVybm9zLg==
228	UGVyc2VjdWNpw7Nu	U2luaWVzdHJv	ZsOtc2ljbw==	40	20	100	SGFjZSBlbCBkb2JsZSBkZSBkYcOxbyBhbCBvYmpldGl2byBxdWUgcGlkZSBlbCByZWxldm8u
229	R2lybyBSw6FwaWRv	Tm9ybWFs	ZsOtc2ljbw==	50	40	100	QXRhcXVlIGdpcmF0b3JpbyBxdWUgcHVlZGUgZWxpbWluYXIgbW92aW1pZW50b3MKY29tbyBBdGFkdXJhLCBDb25zdHJpY2Npw7NuLCBEcmVuYWRvcmFzIHkgUMO6YXMuIA==
230	RHVsY2UgQXJvbWE=	Tm9ybWFs	ZXN0YWRv	-1	20	100	VW4gZHVsY2UgYXJvbWEgZW5nYXR1c2EgYWwgb2JqZXRpdm8sIHBvciBsbyBxdWUgc2UKcmVkdWNlIG11Y2hvIHN1IEV2YXNpw7NuLg==
231	Q29sYSBGw6lycmVh	QWNlcm8=	ZsOtc2ljbw==	100	15	75	QXRhY2EgY29uIHVuYSBjb2xhIGbDqXJyZWEgeSBwdWVkZSBiYWphciBsYSBEZWZlbnNhCmRlbCBvYmpldGl2by4=
232	R2FycmEgTWV0YWw=	QWNlcm8=	ZsOtc2ljbw==	50	35	95	QXRhcXVlIGNvbiBnYXJyYXMgZGUgYWNlcm8gcXVlIHB1ZWRlIGF1bWVudGFyIGVsCkF0YXF1ZSBkZWwgdXN1YXJpby4=
233	TGxhdmUgVml0YWw=	THVjaGE=	ZsOtc2ljbw==	70	10	-1	RWwgdXN1YXJpbyBhdGFjYSBlbCDDumx0aW1vLCBwZXJvIG5vIGZhbGxhLg==
234	U29sIE1hdGluYWw=	Tm9ybWFs	ZXN0YWRv	-1	5	-1	UmVzdGF1cmEgUFMgZGVsIHVzdWFyaW8uIExhIGNhbnRpZGFkIHZhcsOtYSBzZWfDum4KZWwgdGllbXBvIHF1ZSBoYWdhLg==
235	Rm90b3PDrW50ZXNpcw==	UGxhbnRh	ZXN0YWRv	-1	5	-1	UmVzdGF1cmEgUFMgZGVsIHVzdWFyaW8uIExhIGNhbnRpZGFkIHZhcsOtYSBzZWfDum4KZWwgdGllbXBvIHF1ZSBoYWdhLg==
236	THV6IEx1bmFy	SGFkYQ==	ZXN0YWRv	-1	5	-1	UmVzdGF1cmEgUFMgZGVsIHVzdWFyaW8uIExhIGNhbnRpZGFkIHZhcsOtYSBzZWfDum4KZWwgdGllbXBvIHF1ZSBoYWdhLg==
237	UG9kZXIgT2N1bHRv	Tm9ybWFs	ZXNwZWNpYWw=	60	15	100	TW92aW1pZW50byBjdXlvIHRpcG8gdmFyw61hIGVuIGZ1bmNpw7NuIGRlbCBQb2vDqW1vbgpxdWUgbG8gdXNhLg==
238	VGFqbyBDcnV6YWRv	THVjaGE=	ZsOtc2ljbw==	100	5	80	Q29ydGUgZG9ibGUgcXVlIHN1ZWxlIHByb3BpbmFyIHVuIGdvbHBlIGNyw610aWNvLg==
239	Q2ljbMOzbg==	RHJhZ8Ozbg==	ZXNwZWNpYWw=	40	20	100	Q3JlYSB1biB2aW9sZW50byB0b3JuYWRvIHBhcmEgaGFjZXIgdHJpemFzIGFsCmVuZW1pZ28uIFB1ZWRlIGhhY2VybG8gcmV0cm9jZWRlci4=
240	RGFuemEgTGx1dmlh	QWd1YQ==	ZXN0YWRv	-1	5	-1	R2VuZXJhIHVuYSBmdWVydGUgbGx1dmlhIHF1ZSByZWZ1ZXJ6YSBsb3MKbW92aW1pZW50b3MgZGUgdGlwbyBBZ3VhIGR1cmFudGUgY2luY28gdHVybm9zCnkgZGViaWxpdGEgbG9zIGRlIHRpcG8gRnVlZ28u
241	RMOtYSBTb2xlYWRv	RnVlZ28=	ZXN0YWRv	-1	5	-1	SGFjZSBxdWUgc2UgaW50ZW5zaWZpcXVlIGVsIGVmZWN0byBkZWwgc29sIGR1cmFudGUKY2luY28gdHVybm9zLCBsbyBxdWUgcG90ZW5jaWEgbG9zIG1vdmltaWVudG9zIGRlIHRpcG8KRnVlZ28geSBkZWJpbGl0YSBsb3MgZGUgdGlwbyBBZ3VhLg==
242	VHJpdHVyYXI=	U2luaWVzdHJv	ZsOtc2ljbw==	80	15	100	VHJpdHVyYSBjb24gYWZpbGFkb3MgY29sbWlsbG9zIHkgcHVlZGUgYmFqYXIgbGEKRGVmZW5zYSBkZWwgb2JqZXRpdm8u
243	TWFudG8gRXNwZWpv	UHPDrXF1aWNv	ZXNwZWNpYWw=	-1	20	100	UmVzcG9uZGUgYSB1biBhdGFxdWUgZXNwZWNpYWwgb2Nhc2lvbmFuZG8gZWwgZG9ibGUKZGVsIGRhw7FvIHJlY2liaWRvLg==
244	QXV0b3N1Z2VzdGnDs24=	Tm9ybWFs	ZXN0YWRv	-1	10	-1	UXVpZW4gbG8gdXNhIHNlIHN1bWUgZW4gdW4gdHJhbmNlIHkgY29waWEgY3VhbHF1aWVyCmNhbWJpbyBxdWUgaGF5YSBlbiBsYXMgY2FyYWN0ZXLDrXN0aWNhcyBkZSBzdQpvYmpldGl2by4g
245	VmVsb2NpZGFkIEV4dHJlbWE=	Tm9ybWFs	ZsOtc2ljbw==	80	5	100	QXRhcXVlIGRlIHVuYSB2ZWxvY2lkYWQgZXh0cmVtYS4gRXN0ZSBtb3ZpbWllbnRvCnRpZW5lIHByaW9yaWRhZCBhbHRhLg==
246	UG9kZXIgUGFzYWRv	Um9jYQ==	ZXNwZWNpYWw=	60	5	100	QXRhcXVlIHByZWhpc3TDs3JpY28gcXVlIHB1ZWRlIHN1YmlyIHRvZGFzIGxhcwpjYXJhY3RlcsOtc3RpY2FzLg==
247	Qm9sYSBTb21icmE=	RmFudGFzbWE=	ZXNwZWNpYWw=	80	15	100	TGFuemEgdW5hIGJvbGEgb3NjdXJhIHF1ZSBwdWVkZSBiYWphciBsYSBEZWZlbnNhCkVzcGVjaWFsIGRlbCBvYmpldGl2by4=
248	UHJlbW9uaWNpw7Nu	UHPDrXF1aWNv	ZXNwZWNpYWw=	120	10	100	Q29uY2VudHJhIGVuZXJnw61hIHBzw61xdWljYSBwYXJhIGdvbHBlYXIgYWwgb2JqZXRpdm8KZG9zIHR1cm5vcyBkZXNwdcOpcy4=
249	R29scGUgUm9jYQ==	THVjaGE=	ZsOtc2ljbw==	40	15	100	QXRhcXVlIGNvbiBsb3MgcHXDsW9zLiBQdWVkZSBiYWphciBsYSBEZWZlbnNhIGRlbApvYmpldGl2by4=
250	VG9yYmVsbGlubw==	QWd1YQ==	ZXNwZWNpYWw=	35	15	85	VW5hIHRyb21iYSBkZSBhZ3VhIGF0cmFwYSBhbCBvYmpldGl2byBkdXJhbnRlCmN1YXRybyBvIGNpbmNvIHR1cm5vcy4=
251	UGFsaXph	U2luaWVzdHJv	ZsOtc2ljbw==	-1	10	100	QXRhcXVlIGRlIHRvZG8gZWwgZXF1aXBvIFBva8OpbW9uLiBDdWFudG9zIG3DoXMKaGF5YSwgbcOhcyB2ZWNlcyBzZSBhdGFjYXLDoS4=
252	U29ycHJlc2E=	Tm9ybWFs	ZsOtc2ljbw==	40	10	100	TW92aW1pZW50byBkZSBwcmlvcmlkYWQgYWx0YSBxdWUsIGFkZW3DoXMsIGhhY2UKcmV0cm9jZWRlciBhbCBvYmpldGl2by4gU29sbyBzaXJ2ZSBlbiBlbCBwcmltZXIgdHVybm8u
253	QWxib3JvdG8=	Tm9ybWFs	ZXNwZWNpYWw=	90	10	100	QXRhY2EgZGUgZm9ybWEgYWxib3JvdGFkYSBkdXJhbnRlIHRyZXMgdHVybm9zLgpNYW50aWVuZSBkZXNwaWVydG9zIGEgdG9kb3Mu
254	UmVzZXJ2YQ==	Tm9ybWFs	ZXN0YWRv	-1	20	-1	QWN1bXVsYSBlbmVyZ8OtYSB5IHN1YmUgbGEgRGVmZW5zYSB5IGxhIERlZmVuc2EKRXNwZWNpYWwuIFB1ZWRlIHV0aWxpemFyc2UgaGFzdGEgdHJlcyB2ZWNlcy4=
255	RXNjdXBpcg==	Tm9ybWFs	ZXNwZWNpYWw=	-1	10	100	TGliZXJhIGRlIHVuYSB2ZXogbGEgZW5lcmfDrWEgYWN1bXVsYWRhIGNvbiBSZXNlcnZhLgpMYSBwb3RlbmNpYSBkZWwgYXRhcXVlIHNlcsOhIHByb3BvcmNpb25hbCBhIGxhCmNhbnRpZGFkIGRlIGVuZXJnw61hIGFjdW11bGFkYS4=
256	VHJhZ2Fy	Tm9ybWFs	ZXN0YWRv	-1	10	-1	QWJzb3JiZSBsYSBlbmVyZ8OtYSBhY3VtdWxhZGEgY29uIFJlc2VydmEgcGFyYQpyZWNvYnJhciBzYWx1ZC4gQ3VhbnRhIG3DoXMgc2UgaGF5YSBhY3VtdWxhZG8sCm1heW9yIHNlcsOhIGVsIG7Dum1lcm8gZGUgUFMgcXVlIHNlIHJlY3VwZXJlbi4=
257	T25kYSDDjWduZWE=	RnVlZ28=	ZXNwZWNpYWw=	95	10	90	UHJvdm9jYSB1biB2aWVudG8gYWJyYXNhZG9yIHF1ZSBwdWVkZSBxdWVtYXIgYWwKb2JqZXRpdm8u
258	R3Jhbml6bw==	SGllbG8=	ZXN0YWRv	-1	10	-1	VG9ybWVudGEgZGUgZ3Jhbml6byBxdWUgZHVyYSBjaW5jbyB0dXJub3MuIEhpZXJlCmEgdG9kb3MgbG9zIFBva8OpbW9uIGV4Y2VwdG8gYSBsb3MgZGUgdGlwbyBIaWVsby4=
259	VG9ybWVudG8=	U2luaWVzdHJv	ZXN0YWRv	-1	15	100	QXRvcm1lbnRhIHkgZW5mdXJlY2UgYWwgb2JqZXRpdm8sIHF1ZSBubyBwdWVkZQp1c2FyIGRvcyB2ZWNlcyBzZWd1aWRhcyBlbCBtaXNtbyBtb3ZpbWllbnRvLiA=
260	Q2FtZWxv	U2luaWVzdHJv	ZXN0YWRv	-1	15	100	SGFsYWdhIGFsIG9iamV0aXZvIHkgbG8gY29uZnVuZGUsIHBlcm8gdGFtYmnDqW4Kc3ViZSBzdSBBdGFxdWUgRXNwZWNpYWwu
261	RnVlZ28gRmF0dW8=	RnVlZ28=	ZXN0YWRv	-1	15	85	U2luaWVzdHJhIGxsYW1hIG1vcmFkYSBxdWUgcHJvZHVjZSBxdWVtYWR1cmFzLg==
262	TGVnYWRv	U2luaWVzdHJv	ZXN0YWRv	-1	10	100	RWwgdXN1YXJpbyBzZSBkZWJpbGl0YSwgcGVybyBiYWphIG11Y2hvIHRhbnRvIGVsCkF0YXF1ZSBjb21vIGVsIEF0YXF1ZSBFc3BlY2lhbCBkZWwgb2JqZXRpdm8uIA==
263	RmFjaGFkYQ==	Tm9ybWFs	ZsOtc2ljbw==	70	20	100	QXRhY2EgY29uIGVsIGRvYmxlIGRlIHBvdGVuY2lhIHNpIGVsIHVzdWFyaW8gZXN0w6EKcXVlbWFkbywgcGFyYWxpemFkbyBvIGVudmVuZW5hZG8u
264	UHXDsW8gQ2VydGVybw==	THVjaGE=	ZsOtc2ljbw==	150	20	100	U2UgY29uY2VudHJhIHBhcmEgZGFyIHVuIHB1w7FldGF6by4gRmFsbGEgc2kgc2UKc3VmcmUgdW4gZ29scGUgYW50ZXMgZGUgc3UgdXNvLg==
265	RXN0w61tdWxv	Tm9ybWFs	ZsOtc2ljbw==	70	10	100	SGFjZSBlbCBkb2JsZSBkZSBkYcOxbyBhIG9iamV0aXZvcyBwYXJhbGl6YWRvcywKcGVybyB0YW1iacOpbiBjdXJhIGxhIHBhcsOhbGlzaXMu
266	U2XDsXVlbG8=	Tm9ybWFs	ZXN0YWRv	-1	20	-1	TGxhbWEgbGEgYXRlbmNpw7NuIHBhcmEgY29uY2VudHJhciB0b2RvcyBsb3MKYXRhcXVlcyBkZSB0b2RvcyBsb3MgZGVsIGVxdWlwbyByaXZhbCBoYWNpYSBzw60KbWlzbW8u
267	QWRhcHRhY2nDs24=	Tm9ybWFs	ZXN0YWRv	-1	20	-1	VXNhIGVsIHBvZGVyIGRlIGxhIG5hdHVyYWxlemEgcGFyYSBhdGFjYXIuClN1IGVmZWN0byB2YXLDrWEgc2Vnw7puIGVsIGVudG9ybm8gZGUgY29tYmF0ZS4=
268	Q2FyZ2E=	RWzDqWN0cmljbw==	ZXN0YWRv	-1	20	-1	UmVjYXJnYSBlbmVyZ8OtYSBwYXJhIHBvdGVuY2lhciBlbCBzaWd1aWVudGUKbW92aW1pZW50byBkZSB0aXBvIEVsw6ljdHJpY28uIFRhbWJpw6luIHN1YmUgbGEKRGVmZW5zYSBFc3BlY2lhbC4=
269	TW9mYQ==	U2luaWVzdHJv	ZXN0YWRv	-1	20	100	RW5mdXJlY2UgYWwgb2JqZXRpdm8gcGFyYSBxdWUgc29sbyB1c2UKbW92aW1pZW50b3MgZGUgYXRhcXVlIGR1cmFudGUgdHJlcyB0dXJub3Mu
270	UmVmdWVyem8=	Tm9ybWFs	ZXN0YWRv	-1	20	-1	RWwgdXN1YXJpbyBheXVkYSBhIHVuIGFsaWFkbyByZWZvcnphbmRvIGxhCnBvdGVuY2lhIGRlIHN1IGF0YXF1ZS4=
271	VHJ1Y28=	UHPDrXF1aWNv	ZXN0YWRv	-1	10	100	RW5nYcOxYSBhbCBvYmpldGl2byBkZXNwcmV2ZW5pZG8gZSBpbnRlcmNhbWJpYQpvYmpldG9zLg==
272	SW1pdGFjacOzbg==	UHPDrXF1aWNv	ZXN0YWRv	-1	10	-1	SW1pdGEgYWwgb2JqZXRpdm8gcG9yIGNvbXBsZXRvIHkgY29waWEgc3UgaGFiaWxpZGFkLg==
273	RGVzZW8=	Tm9ybWFs	ZXN0YWRv	-1	10	-1	UmVzdGF1cmEgZW4gZWwgc2lndWllbnRlIHR1cm5vIGxhIG1pdGFkIGRlIGxvcyBQUwptw6F4aW1vcyBkZWwgdXN1YXJpbyBvIHNlIGxvcyBwYXNhIGFsIFBva8OpbW9uIHF1ZSBsbwpzdXN0aXR1eWUu
274	QXl1ZGE=	Tm9ybWFs	ZXN0YWRv	-1	20	-1	VXNhIHVuIG1vdmltaWVudG8gZGUgdW4gbWllbWJybyBkZWwgZXF1aXBvCmVsZWdpZG8gYWwgYXphci4=
275	QXJyYWlnbw==	UGxhbnRh	ZXN0YWRv	-1	20	-1	RWNoYSByYcOtY2VzIHBhcmEgcmVjdXBlcmFyIFBTIGVuIGNhZGEgdHVybm8sIHBlcm8KaW1waWRlIGVsIHJlbGV2by4=
276	RnVlcnphIEJydXRh	THVjaGE=	ZsOtc2ljbw==	120	5	100	QXRhcXVlIGRlIGdyYW4gcG90ZW5jaWEsIHBlcm8gcXVlIHJlZHVjZSBlbApBdGFxdWUgeSBsYSBEZWZlbnNhIGRlbCBhZ3Jlc29yLg==
277	Q2FwYSBNw6FnaWNh	UHPDrXF1aWNv	ZXN0YWRv	-1	15	-1	QmFycmVyYSBjYXBheiBkZSBkZXZvbHZlciBhbCBhZ3Jlc29yIG1vdmltaWVudG9zCmNvbW8gRHJlbmFkb3JhcyB5IG90cm9zIHF1ZSBhbHRlcmFuIGVsIGVzdGFkbyBvCmxhcyBjYXJhY3RlcsOtc3RpY2FzLg==
278	UmVjaWNsYWpl	Tm9ybWFs	ZXN0YWRv	-1	10	-1	UmVjaWNsYSB5IGFzw60gcmVjdXBlcmEgdW4gb2JqZXRvIGVxdWlwYWRvIGRlIHVuCnNvbG8gdXNvIHF1ZSB5YSBoYXlhIHNpZG8gZW1wbGVhZG8gZHVyYW50ZSBlbApjb21iYXRlLg==
279	RGVzcXVpdGU=	THVjaGE=	ZsOtc2ljbw==	60	10	100	QXRhcXVlIHF1ZSBwcm9kdWNlIGVsIGRvYmxlIGRlIGRhw7FvIHNpIGVsIHVzdWFyaW8KZXMgaGVyaWRvIGVuIGVsIG1pc21vIHR1cm5vLg==
280	RGVtb2xpY2nDs24=	THVjaGE=	ZsOtc2ljbw==	75	15	100	UG90ZW50ZSBhdGFxdWUgcXVlIHRhbWJpw6luIGVzIGNhcGF6IGRlIGRlc3RydWlyCmJhcnJlcmFzIGNvbW8gUGFudGFsbGEgZGUgTHV6IHkgUmVmbGVqby4=
281	Qm9zdGV6bw==	Tm9ybWFs	ZXN0YWRv	-1	10	-1	R3JhbiBib3N0ZXpvIHF1ZSBpbmR1Y2UgYWwgc3Vlw7FvIGFsIG9iamV0aXZvIGVuCmVsIHNpZ3VpZW50ZSB0dXJuby4=
282	RGVzYXJtZQ==	U2luaWVzdHJv	ZsOtc2ljbw==	65	20	100	SW1waWRlIGFsIG9iamV0aXZvIHVzYXIgZWwgb2JqZXRvIHF1ZSBsbGV2YSBkdXJhbnRlCmVsIGNvbWJhdGUuIExhIHBvdGVuY2lhIGRlbCBtb3ZpbWllbnRvIHNlCm11bHRpcGxpY2Egc2kgZWwgb2JqZXRpdm8gbGxldmEgdW4gb2JqZXRvLg==
283	RXNmdWVyem8=	Tm9ybWFs	ZsOtc2ljbw==	-1	5	100	UmVkdWNlIGxvcyBQUyBkZWwgb2JqZXRpdm8gcGFyYSBxdWUgaWd1YWxlbiBhIGxvcwpkZWwgYXRhY2FudGUu
284	RXN0YWxsaWRv	RnVlZ28=	ZXNwZWNpYWw=	150	5	100	RnVyaWEgZXhwbG9zaXZhLiBDdWFudG8gbWVub3Igc2VhIGVsIG7Dum1lcm8gZGUKUFMgZGVsIHVzdWFyaW8sIG1lbm9zIGRhw7FvIGhhcsOhIGVsIGF0YXF1ZS4g
285	SW50ZXJjYW1iaW8=	UHPDrXF1aWNv	ZXN0YWRv	-1	10	-1	VXNhIGVsIHBvZGVyIHBzw61xdWljbyBwYXJhIGludGVyY2FtYmlhcgpoYWJpbGlkYWRlcyBjb24gZWwgb2JqZXRpdm8u
286	U2VsbGFy	UHPDrXF1aWNv	ZXN0YWRv	-1	10	-1	SW1waWRlIGEgbG9zIGNvbnRyaW5jYW50ZXMgdXNhciBhdGFxdWVzIGNvbm9jaWRvcwpwb3IgZWwgdXN1YXJpbyBkdXJhbnRlIGVsIGNvbWJhdGUu
287	QWxpdmlv	Tm9ybWFs	ZXN0YWRv	-1	20	-1	RGVzY2Fuc2EgcGFyYSBjdXJhciBwYXLDoWxpc2lzLCBlbnZlbmVuYW1pZW50byBvCnF1ZW1hZHVyYXMu
288	UmFiaWE=	RmFudGFzbWE=	ZXN0YWRv	-1	5	-1	U2kgZWwgdXN1YXJpbyBzZSBkZWJpbGl0YSBhbCByZWNpYmlyIHVuIGF0YXF1ZSwgdG9kb3MKbG9zIFBQIGRlIGVzdGUgw7psdGltbyBhdGFxdWUgc2Vyw6FuIGVsaW1pbmFkb3MuIA==
289	Um9ibw==	U2luaWVzdHJv	ZXN0YWRv	-1	10	-1	Um9iYSBlbCBlZmVjdG8gZGUgbG9zIG1vdmltaWVudG9zIGRlIGN1cmFjacOzbgpvIGRlIGNhbWJpbyBkZSBjYXJhY3RlcsOtc3RpY2FzIHF1ZSBzZSB1c2VuLiA=
290	RGHDsW8gU2VjcmV0bw==	Tm9ybWFs	ZsOtc2ljbw==	70	20	100	QXRhcXVlIGN1eW9zIGVmZWN0b3Mgc2VjdW5kYXJpb3MgdmFyw61hbiBzZWfDum4gZWwKZW50b3JubyBkZSBjb21iYXRlLg==
291	QnVjZW8=	QWd1YQ==	ZsOtc2ljbw==	80	10	100	RWwgdXN1YXJpbyBzZSBzdW1lcmdlIGVuIGVsIHByaW1lciB0dXJubwp5IGF0YWNhIGVuIGVsIHNlZ3VuZG8u
292	RW1wdWrDs24=	THVjaGE=	ZsOtc2ljbw==	15	20	100	RnVlcnRlcyBlbXB1am9uZXMgcXVlIGdvbHBlYW4gZGUgZG9zIGEgY2luY28KdmVjZXMgc2VndWlkYXMu
293	Q2FtdWZsYWpl	Tm9ybWFs	ZXN0YWRv	-1	20	-1	TW9kaWZpY2EgZWwgdGlwbyBkZWwgUG9rw6ltb24gc2Vnw7puIGVsIHRlcnJlbm8gZGUKY29tYmF0ZSBkb25kZSBlc3TDqS4=
294	THVtaW5pY29sYQ==	QmljaG8=	ZXN0YWRv	-1	20	-1	U2UgY29uY2VudHJhIGVuIHVuYSByw6FmYWdhIGRlIGx1eiBxdWUgc3ViZQptdWNow61zaW1vIGVsIEF0YXF1ZSBFc3BlY2lhbC4=
295	UmVzcGxhbmRvcg==	UHPDrXF1aWNv	ZXNwZWNpYWw=	95	5	100	Rm9nb25hem8gZGUgbHV6IHF1ZSBwdWVkZSBiYWphciBsYSBEZWZlbnNhCkVzcGVjaWFsIGRlbCBvYmpldGl2by4=
296	Qm9sYSBOZWJsaW5h	UHPDrXF1aWNv	ZXNwZWNpYWw=	95	5	100	QmFuY28gZGUgbmllYmxhIHF1ZSBwdWVkZSBiYWphciBlbCBBdGFxdWUKRXNwZWNpYWwgZGVsIG9iamV0aXZvLg==
297	RGFuemEgUGx1bWE=	Vm9sYWRvcg==	ZXN0YWRv	-1	15	100	RW52dWVsdmUgYWwgb2JqZXRpdm8gY29uIHVuIG1hbnRvIGRlIHBsdW1hcyBwYXJhCnJlZHVjaXIgbXVjaG8gc3UgQXRhcXVlLg==
298	RGFuemEgQ2Fvcw==	Tm9ybWFs	ZXN0YWRv	-1	20	100	RGFuemEgaGlzdMOpcmljYSBxdWUgY29uZnVuZGUgYSBsb3MgUG9rw6ltb24gcXVlCmVzdMOhbiBhbHJlZGVkb3IgZGVsIHVzdWFyaW8u
299	UGF0YWRhIMONZ25lYQ==	RnVlZ28=	ZsOtc2ljbw==	85	10	90	UGF0YWRhIHF1ZSBzdWVsZSBzZXIgdW4gZ29scGUgY3LDrXRpY28geSBwdWVkZQpjYXVzYXIgcXVlbWFkdXJhcy4=
300	Q2hhcG90ZW8gTG9kbw==	VGllcnJh	ZXN0YWRv	-1	15	-1	RWwgdXN1YXJpbyBlc3BhcmNlIGxvZG8gYSBzdSBhbHJlZGVkb3IsIGxvIHF1ZQpkZWJpbGl0YSBsb3MgbW92aW1pZW50b3MgZGUgdGlwbyBFbMOpY3RyaWNvIGR1cmFudGUKY2luY28gdHVybm9zLg==
301	Qm9sYSBIaWVsbw==	SGllbG8=	ZsOtc2ljbw==	30	20	90	RWwgYXRhY2FudGUgcnVlZGEgY29udHJhIGVsIG9iamV0aXZvIGR1cmFudGUgY2luY28KdHVybm9zLCBjYWRhIHZleiBjb24gbWF5b3IgZnVlcnphLg==
302	QnJhem8gUGluY2hv	UGxhbnRh	ZsOtc2ljbw==	60	15	100	UGVnYSBjb24gYnJhem9zIGRlIHBpbmNob3MgeSBwdWVkZSBoYWNlcgpyZXRyb2NlZGVyIGFsIG9iamV0aXZvLg==
303	UmVsYWpv	Tm9ybWFs	ZXN0YWRv	-1	5	-1	RWwgdXN1YXJpbyBzZSByZWxhamEgeSByZXN0YXVyYSBsYSBtaXRhZCBkZSBzdXMgUFMKbcOheGltb3Mu
304	Vm96YXJyw7Nu	Tm9ybWFs	ZXNwZWNpYWw=	90	10	100	R3JpdG8gZGVzZ2FycmFkb3IgcXVlIGluZmxpZ2UgZGHDsW8gYWwgb2JqZXRpdm8u
305	Q29sbWlsbG8gVmVuZW5v	VmVuZW5v	ZsOtc2ljbw==	50	15	100	Q29sbWlsbG9zIHTDs3hpY29zIHF1ZSBwdWVkZW4gZW52ZW5lbmFyCmdyYXZlbWVudGUgYWwgb2JqZXRpdm8u
306	R2FycmEgQnJ1dGFs	Tm9ybWFs	ZsOtc2ljbw==	75	10	95	SGFjZSB0cml6YXMgYWwgb2JqZXRpdm8gY29uIGdhcnJhcyBhZmlsYWRhcyB5IHB1ZWRlCmJhamFyIHN1IERlZmVuc2Eu
307	QW5pbGxvIMONZ25lbw==	RnVlZ28=	ZXNwZWNpYWw=	150	5	90	RXhwbG9zacOzbiBkZSBmdWVnby4gRWwgYXRhY2FudGUgZGViZSBkZXNjYW5zYXIgZWwKc2lndWllbnRlIHR1cm5vLg==
308	SGlkcm9jYcOxw7Nu	QWd1YQ==	ZXNwZWNpYWw=	150	5	90	RGlzcGFybyBkZSBhZ3VhLiBFbCBhdGFjYW50ZSBkZWJlIGRlc2NhbnNhciBlbApzaWd1aWVudGUgdHVybm8u
309	UHXDsW8gTWV0ZW9ybw==	QWNlcm8=	ZsOtc2ljbw==	90	10	90	UHXDsWV0YXpvIHF1ZSBpbXBhY3RhIGNvbW8gdW4gbWV0ZW9yaXRvIHkgcHVlZGUKc3ViaXIgZWwgQXRhcXVlIGRlbCBhZ3Jlc29yLg==
310	SW1wcmVzaW9uYXI=	RmFudGFzbWE=	ZsOtc2ljbw==	30	15	100	SW1wcmVzaW9uYSB0YW50byBxdWUgcHVlZGUgaGFjZXIgcmV0cm9jZWRlciBhbApvYmpldGl2by4=
311	TWV0ZW9yb2JvbGE=	Tm9ybWFs	ZXNwZWNpYWw=	50	10	100	RWwgdGlwbyB5IGZ1ZXJ6YSBkZWwgYXRhcXVlIHZhcsOtYW4gc2Vnw7puIGVsIHRpZW1wbwpxdWUgaGFnYS4=
312	QXJvbWF0ZXJhcGlh	UGxhbnRh	ZXN0YWRv	-1	5	-1	Q3VyYSB0b2RvcyBsb3MgcHJvYmxlbWFzIGRlIGVzdGFkbyBkZWwgZXF1aXBvCmNvbiB1biBzdWF2ZSBhcm9tYS4=
313	TGxhbnRvIEZhbHNv	U2luaWVzdHJv	ZXN0YWRv	-1	20	100	TMOhZ3JpbWFzIGRlIGNvY29kcmlsbyBxdWUgYmFqYW4gbXVjaG8gbGEKRGVmZW5zYSBFc3BlY2lhbCBkZWwgb2JqZXRpdm8u
314	QWlyZSBBZmlsYWRv	Vm9sYWRvcg==	ZXNwZWNpYWw=	60	25	95	VmllbnRvIGNvcnRhbnRlIHF1ZSBhem90YS4gU3VlbGUgc2VyIHVuIGdvbHBlCmNyw610aWNvLg==
315	U29mb2Nv	RnVlZ28=	ZXNwZWNpYWw=	130	5	90	QXRhcXVlIGVuIHRvZGEgcmVnbGEgcXVlIGJhamEgbXVjaG8gZWwgQXRhcXVlCkVzcGVjaWFsIGRlIHF1aWVuIGxvIHVzYS4=
316	UmFzdHJlbw==	Tm9ybWFs	ZXN0YWRv	-1	40	-1	UGVybWl0ZSBhdGFjYXIgY29uIGN1YWxxdWllciBtb3ZpbWllbnRvIGEgb2JqZXRpdm9zCmRlIHRpcG8gRmFudGFzbWEgeSBnb2xwZWFyIGEgUG9rw6ltb24gZXZhc2l2b3MuIA==
317	VHVtYmEgUm9jYXM=	Um9jYQ==	ZsOtc2ljbw==	60	15	95	VGlyYSByb2NhcyBxdWUgZGV0aWVuZW4gYWwgb2JqZXRpdm8geSBiYWphbiBzdQpWZWxvY2lkYWQu
318	VmllbnRvIFBsYXRh	QmljaG8=	ZXNwZWNpYWw=	60	5	100	RnVlcnRlIHZpZW50byBjb24gcG9sdm8gZGUgZXNjYW1hcy4gUHVlZGUgc3ViaXIKdG9kYXMgbGFzIGNhcmFjdGVyw61zdGljYXMgZGUgcXVpZW4gbG8gdXNhLg==
319	RWNvIE1ldMOhbGljbw==	QWNlcm8=	ZXN0YWRv	-1	40	85	SG9ycmlibGUgY2hpcnJpZG8gbWV0w6FsaWNvIHF1ZSBiYWphIG11Y2hvIGxhCkRlZmVuc2EgRXNwZWNpYWwgZGVsIG9iamV0aXZvLg==
320	U2lsYmF0bw==	UGxhbnRh	ZXN0YWRv	-1	15	55	QWdyYWRhYmxlIG1lbG9kw61hIHF1ZSBhZG9ybWVjZSBhbCBvYmpldGl2by4=
321	Q29zcXVpbGxhcw==	Tm9ybWFs	ZXN0YWRv	-1	20	100	SGFjZSByZcOtciBhbCBvYmpldGl2byBwYXJhIGJhamFyIHN1IEF0YXF1ZSB5CkRlZmVuc2Eu
322	TWFzYSBDw7NzbWljYQ==	UHPDrXF1aWNv	ZXN0YWRv	-1	20	-1	U3ViZSBsYSBEZWZlbnNhIHkgbGEgRGVmZW5zYSBFc3BlY2lhbCBwcm9waWFzIGNvbgplbmVyZ8OtYSBtw61zdGljYS4=
323	U2FscGljYXI=	QWd1YQ==	ZXNwZWNpYWw=	150	5	100	Q2hvcnJvIGRlIGFndWEuIEN1YW50b3MgbWVub3MgUFMgdGVuZ2EgZWwKdXN1YXJpbywgbWVub3MgZGHDsWlubyBzZXLDoS4=
324	UmF5byBTZcOxYWw=	QmljaG8=	ZXNwZWNpYWw=	75	15	100	QXRhY2EgY29uIHVuIHJheW8gZGUgbHV6IHNpbmllc3Ryby4gUHVlZGUKY29uZnVuZGlyIGFsIG9iamV0aXZvLg==
325	UHXDsW8gU29tYnJh	RmFudGFzbWE=	ZsOtc2ljbw==	60	20	-1	UHXDsWV0YXpvIGluZWx1ZGlibGUgcHJvY2VkZW50ZSBkZSBsYXMgc29tYnJhcy4=
326	UGFyYW5vcm1hbA==	UHPDrXF1aWNv	ZXNwZWNpYWw=	80	20	100	RW5lcmfDrWEgbXV5IGV4dHJhw7FhIHF1ZSBwdWVkZSBoYWNlciByZXRyb2NlZGVyCmFsIG9iamV0aXZvLg==
327	R2FuY2hvIEFsdG8=	THVjaGE=	ZsOtc2ljbw==	85	15	90	R2FuY2hvIGFzY2VuZGVudGUgZGUgZ3JhbiDDrW1wZXR1Lg==
328	QnVjbGUgQXJlbmE=	VGllcnJh	ZsOtc2ljbw==	35	15	85	RW5yZWRhIGFsIG9iamV0aXZvIGVuIHVuIHJlbW9saW5vIGRlIGFyZW5hIGRlCmN1YXRybyBhIGNpbmNvIHR1cm5vcy4=
329	RnLDrW8gUG9sYXI=	SGllbG8=	ZXNwZWNpYWw=	-1	5	30	RGViaWxpdGEgYWwgb2JqZXRpdm8gZGUgdW4gc29sbyBnb2xwZS4gU2kgbG8gdXNhIHVuClBva8OpbW9uIHF1ZSBubyBzZWEgZGUgdGlwbyBIaWVsbywgZXMgZGlmw61jaWwgcXVlCmFjaWVydGUu
330	QWd1YSBMb2Rvc2E=	QWd1YQ==	ZXNwZWNpYWw=	90	10	85	QXRhcXVlIGNvbiBhZ3VhIGxvZG9zYSBxdWUgcHVlZGUgYmFqYXIgbGEKUHJlY2lzacOzbiBkZWwgZXF1aXBvIHJpdmFsLg==
331	U2VtaWxsYWRvcmE=	UGxhbnRh	ZsOtc2ljbw==	25	30	100	RGlzcGFyYSByw6FwaWRvIGRlIGRvcyBhIGNpbmNvIHLDoWZhZ2FzIGRlIHNlbWlsbGFzCmRlIG1hbmVyYSBjb25zZWN1dGl2YS4=
332	R29scGUgQcOpcmVv	Vm9sYWRvcg==	ZsOtc2ljbw==	60	20	-1	RWwgdXN1YXJpbyBsYW56YSB1biBhdGFxdWUgbXV5IHLDoXBpZG8gZSBpbmVsdWRpYmxlLg==
333	Q2Fyw6FtYmFubw==	SGllbG8=	ZsOtc2ljbw==	25	30	100	QXRhY2EgbGFuemFuZG8gZGUgZG9zIGEgY2luY28gcsOhZmFnYXMKY29uc2VjdXRpdmFzIGRlIGNhcsOhbWJhbm9zLg==
334	RGVmZW5zYSBGw6lycmVh	QWNlcm8=	ZXN0YWRv	-1	15	-1	Rm9ydGFsZWNlIGVsIGN1ZXJwbyBjb21vIHNpIGZ1ZXJhIGRlIGhpZXJybyB5IHN1YmUKbXVjaG8gbGEgRGVmZW5zYS4=
335	QmxvcXVlbw==	Tm9ybWFs	ZXN0YWRv	-1	5	-1	TGUgY29ydGEgZWwgcGFzbyBhbCBvYmpldGl2byBwYXJhIHF1ZSBubyBwdWVkYQplc2NhcGFyLg==
336	QXVsbGlkbw==	Tm9ybWFs	ZXN0YWRv	-1	40	-1	QXVsbGlkbyBxdWUgc3ViZSBlbCDDoW5pbW8geSBhdW1lbnRhIGVsIEF0YXF1ZS4=
337	R2FycmEgRHJhZ8Ozbg==	RHJhZ8Ozbg==	ZsOtc2ljbw==	80	15	100	QXJhw7FhIGFsIG9iamV0aXZvIGNvbiBnYXJyYXMgYWZpbGFkYXMu
338	UGxhbnRhIEZlcm96	UGxhbnRh	ZXNwZWNpYWw=	150	5	90	R29scGVhIGNvbiB1bmEgZW5vcm1lIHBsYW50YS4gUXVpZW4gbG8gdXNhIG5vCnB1ZWRlIG1vdmVyc2UgZW4gZWwgc2lndWllbnRlIHR1cm5vLg==
339	Q29ycHVsZW5jaWE=	THVjaGE=	ZXN0YWRv	-1	20	-1	Um9idXN0ZWNlIGVsIGN1ZXJwbyBwYXJhIHN1YmlyIGVsIEF0YXF1ZSB5IGxhCkRlZmVuc2Eu
340	Qm90ZQ==	Vm9sYWRvcg==	ZsOtc2ljbw==	85	5	85	UHJpbWVyIHR1cm5vOiBib3RhLiBTZWd1bmRvIHR1cm5vOiBnb2xwZWEuIFB1ZWRlCnBhcmFsaXphci4=
341	RGlzcGFybyBMb2Rv	VGllcnJh	ZXNwZWNpYWw=	55	15	95	RWwgdXN1YXJpbyBsYW56YSBsb2RvIGFsIG9iamV0aXZvIHkgcmVkdWNlIHN1ClZlbG9jaWRhZC4=
342	Q29sYSBWZW5lbm8=	VmVuZW5v	ZsOtc2ljbw==	50	25	100	UHVlZGUgZW52ZW5lbmFyIHkgZGFyIHVuIGdvbHBlIGNyw610aWNvLg==
343	QW50b2pv	Tm9ybWFs	ZsOtc2ljbw==	60	25	100	U2UgYWNlcmNhIGNvbiB0ZXJudXJhIGFsIG9iamV0aXZvLCBwZXJvIGxlIGF0YWNhCnkgbGUgcm9iYSBlbCBvYmpldG8gcXVlIGxsZXZlLg==
344	UGxhY2FqZSBFbMOpY3RyaWNv	RWzDqWN0cmljbw==	ZsOtc2ljbw==	120	15	100	UXVpZW4gbG8gdXNhIGVsZWN0cmlmaWNhIHN1IGN1ZXJwbyBwYXJhIGx1ZWdvIGF0YWNhci4KU2UgaGllcmUgbXVjaG8gYSBzw60gbWlzbW8sIHBlcm8gcHVlZGUgcGFyYWxpemFyIGFsCm9iamV0aXZvLg==
345	SG9qYSBNw6FnaWNh	UGxhbnRh	ZXNwZWNpYWw=	60	20	-1	RXNwYXJjZSBleHRyYcOxYXMgaG9qYXMgcXVlIHBlcnNpZ3VlbiBhbCBvYmpldGl2by4KTm8gc2UgcHVlZGUgZXNxdWl2YXIu
346	SGlkcm9jaG9ycm8=	QWd1YQ==	ZXN0YWRv	-1	15	-1	RWwgdXN1YXJpbyBzZSBlbXBhcGEgZW4gYWd1YSwgbG8gcXVlIGRlYmlsaXRhCmxvcyBtb3ZpbWllbnRvcyBkZSB0aXBvIEZ1ZWdvIGR1cmFudGUgY2luY28KdHVybm9zLg==
347	UGF6IE1lbnRhbA==	UHPDrXF1aWNv	ZXN0YWRv	-1	20	-1	QXVtZW50YSBsYSBjb25jZW50cmFjacOzbiB5IGNhbG1hIGVsIGVzcMOtcml0dSBwYXJhCnN1YmlyIGVsIEF0YXF1ZSBFc3BlY2lhbCB5IGxhIERlZmVuc2EgRXNwZWNpYWwuIA==
348	SG9qYSBBZ3VkYQ==	UGxhbnRh	ZsOtc2ljbw==	90	15	100	QWN1Y2hpbGxhIGNvbiB1bmEgaG9qYSBmaW5hLiBTdWVsZSBkYXIgdW4gZ29scGUKY3LDrXRpY28u
349	RGFuemEgRHJhZ8Ozbg==	RHJhZ8Ozbg==	ZXN0YWRv	-1	20	-1	RGFuemEgbcOtc3RpY2EgcXVlIHN1YmUgZWwgQXRhcXVlIHkgbGEgVmVsb2NpZGFkLg==
350	UGVkcmFkYQ==	Um9jYQ==	ZsOtc2ljbw==	25	10	90	TGFuemEgcGVkcnVzY29zIGFsIG9iamV0aXZvIGRlIGRvcyBhIGNpbmNvIHZlY2VzCmNvbnNlY3V0aXZhcy4=
351	T25kYSBWb2x0aW8=	RWzDqWN0cmljbw==	ZXNwZWNpYWw=	60	20	-1	QXRhcXVlIGVsw6ljdHJpY28gbXV5IHLDoXBpZG8gZSBpbmVsdWRpYmxlLg==
352	SGlkcm9wdWxzbw==	QWd1YQ==	ZXNwZWNpYWw=	60	20	100	QXRhY2EgY29uIHVuIHBvdGVudGUgY2hvcnJvIGRlIGFndWEuIFB1ZWRlCmNvbmZ1bmRpciBhbCBvYmpldGl2by4=
353	RGVzZW8gT2N1bHRv	QWNlcm8=	ZXNwZWNpYWw=	140	5	100	Q29uY2VudHJhIHVuIGhheiBkZSBsdXogeSBhdGFjYSBkb3MgdHVybm9zCmRlc3B1w6lzLg==
354	UHNpY29hdGFxdWU=	UHPDrXF1aWNv	ZXNwZWNpYWw=	140	5	90	QXRhcXVlIGVuIHRvZGEgcmVnbGEgcXVlIGJhamEgbXVjaG8gZWwgQXRhcXVlCkVzcGVjaWFsIGRlIHF1aWVuIGxvIHVzYS4=
355	UmVzcGlybw==	Vm9sYWRvcg==	ZXN0YWRv	-1	5	-1	QXRlcnJpemEgc29icmUgbGEgc3VwZXJmaWNpZSBwYXJhIGRlc2NhbnNhci4KUmVjdXBlcmEgaGFzdGEgbGEgbWl0YWQgZGVsIHRvdGFsIGRlIHN1cyBQUy4=
356	R3JhdmVkYWQ=	UHPDrXF1aWNv	ZXN0YWRv	-1	5	-1	RHVyYW50ZSBjaW5jbyB0dXJub3MsIHNlIGFudWxhbiBsb3MgbW92aW1pZW50b3MgcXVlCmFsemFuIGVsIHZ1ZWxvIHkgbG9zIFBva8OpbW9uIGRlIHRpcG8gVm9sYWRvciBvIHF1ZQpsZXZpdGFuIHNvbiB2dWxuZXJhYmxlcyBhIG1vdmltaWVudG9zIGRlIHRpcG8gVGllcnJhLg==
357	R3JhbiBPam8=	UHPDrXF1aWNv	ZXN0YWRv	-1	40	-1	UGVybWl0ZSBhdGFjYXIgY29uIGN1YWxxdWllciBtb3ZpbWllbnRvIGEgb2JqZXRpdm9zCmRlIHRpcG8gU2luaWVzdHJvIHkgZ29scGVhciBhIFBva8OpbW9uIGV2YXNpdm9zLg==
358	RXNwYWJpbGE=	THVjaGE=	ZsOtc2ljbw==	70	10	100	SW5mbGlnZSBncmFuIGRhw7FvIGEgb2JqZXRpdm9zIGRvcm1pZG9zLgpTaW4gZW1iYXJnbywgbG9zIGJvZmV0b25lcyB0YW1iacOpbiBsb3MgZGVzcGllcnRhbi4g
359	TWFjaGFkYQ==	THVjaGE=	ZsOtc2ljbw==	100	10	90	R2lyYSBjb24gZnVlcnphIGVsIHB1w7FvIHkgZGEgdW4gZ3JhbiBnb2xwZS4gTm8Kb2JzdGFudGUsIGJhamEgbGEgVmVsb2NpZGFkLg==
360	R2lybyBCb2xh	QWNlcm8=	ZsOtc2ljbw==	-1	5	100	RW1iaXN0ZSBhbCBvYmpldGl2byBjb24gdW4gcG90ZW50ZSBhdGFxdWUgZ2lyYXRvcmlvLgpDdWFudG8gbcOhcyBsZW50byBlcyBlbCB1c3VhcmlvLCBtw6FzIGRhw7FvIGNhdXNhLiA=
361	RGVzZW8gQ3VyYQ==	UHPDrXF1aWNv	ZXN0YWRv	-1	10	-1	RWwgUG9rw6ltb24gY2FlIGRlYmlsaXRhZG8sIHBlcm8gc3Ugc3VzdGl0dXRvCnJlY3VwZXJhIHN1IGVzdGFkbyB5IGxvcyBQUy4=
362	U2FsbXVlcmE=	QWd1YQ==	ZXNwZWNpYWw=	65	10	100	U2kgYWwgb2JqZXRpdm8gbGUgcXVlZGEgbGEgbWl0YWQgbyBtZW5vcyBkZSBzdXMgUFMsCmVsIGF0YXF1ZSBzZXLDoSBlbCBkb2JsZSBkZSBmdWVydGUu
363	RG9uIE5hdHVyYWw=	Tm9ybWFs	ZsOtc2ljbw==	-1	15	100	TGEgYmF5YSBxdWUgbGxldmEgcHJlc3RhIHN1IGZ1ZXJ6YSBwYXJhIGF0YWNhci4gRWwKdGlwbyBkZSBhdGFxdWUgeSBzdSBmdWVyemEgZGVwZW5kZW4gZGUgbGEgYmF5YS4=
364	QW1hZ28=	Tm9ybWFs	ZsOtc2ljbw==	30	10	100	UGVybWl0ZSBnb2xwZWFyIGEgb2JqZXRpdm9zIHF1ZSBoYW4gdXRpbGl6YWRvCm1vdmltaWVudG9zIGNvbW8gUHJvdGVjY2nDs24gbyBEZXRlY2Npw7NuIHkgYW51bGEKc3VzIGVmZWN0b3Mu
365	UGljb3Rlbw==	Vm9sYWRvcg==	ZsOtc2ljbw==	60	20	100	UGljb3RlYSBhbCBvYmpldGl2by4gU2kgZXN0ZSBzb3N0aWVuZSB1bmEgYmF5YSwgbGEKcGljb3RlYSB0YW1iacOpbiB5IG9idGllbmUgc3VzIGVmZWN0b3Mu
366	VmllbnRvIEFmw61u	Vm9sYWRvcg==	ZXN0YWRv	-1	15	-1	Q3JlYSB1biBmdWVydGUgcmVtb2xpbm8gcXVlIGF1bWVudGEgbGEgVmVsb2NpZGFkCmRlIGxvcyBQb2vDqW1vbiBkZSB0dSBlcXVpcG8gZHVyYW50ZSBjdWF0cm8KdHVybm9zLg==
367	QWN1cHJlc2nDs24=	Tm9ybWFs	ZXN0YWRv	-1	30	-1	QXBsaWNhIHByZXNpw7NuIGVuIHB1bnRvcyBjbGF2ZSBkZWwgY3VlcnBvIHBhcmEKcG90ZW5jaWFyIHVuYSBkZSBzdXMgY2FyYWN0ZXLDrXN0aWNhcy4=
368	UmVwcmVzacOzbiBNZXRhbA==	QWNlcm8=	ZsOtc2ljbw==	-1	10	100	RGV2dWVsdmUgYWwgcml2YWwgZWwgw7psdGltbyBhdGFxdWUgcmVjaWJpZG8sIHBlcm8gY29uCm11Y2hhIG3DoXMgZnVlcnphLg==
369	SWRhIHkgVnVlbHRh	QmljaG8=	ZsOtc2ljbw==	70	20	100	VHJhcyBhdGFjYXIsIHZ1ZWx2ZSBhIHRvZGEgcHJpc2EgcGFyYSBkYXIgcGFzbyBhCm90cm8gUG9rw6ltb24gZGVsIGVxdWlwby4=
370	QSBCb2NhamFycm8=	THVjaGE=	ZsOtc2ljbw==	120	5	100	THVjaGEgYWJpZXJ0YW1lbnRlIGNvbnRyYSBlbCBvYmpldGl2byBzaW4KcHJvdGVnZXJzZS4gVGFtYmnDqW4gcmVkdWNlIGxhIERlZmVuc2EgeSBsYSBEZWZlbnNhCkVzcGVjaWFsIGRlbCB1c3VhcmlvLg==
371	VmVuZGV0dGE=	U2luaWVzdHJv	ZsOtc2ljbw==	50	10	100	RWwgdXN1YXJpbyBjb250cmFhdGFjYSBjb24gZWwgZG9ibGUgZGUgZnVlcnphIHNpIGVsCm9iamV0aXZvIHVzYSB1biBtb3ZpbWllbnRvIGFudGVzLg==
372	QnVlbmEgQmF6YQ==	U2luaWVzdHJv	ZsOtc2ljbw==	60	10	100	U2kgZWwgb2JqZXRpdm8geWEgaGEgc3VmcmlkbyBkYcOxbyBlbiBlc2UgdHVybm8sIGxhCmZ1ZXJ6YSBkZWwgYXRhcXVlIHNlIGR1cGxpY2Eu
373	RW1iYXJnbw==	U2luaWVzdHJv	ZXN0YWRv	-1	15	100	SW1waWRlIGFsIG9iamV0aXZvIHVzYXIgZWwgb2JqZXRvIHF1ZSBsbGV2YSBkdXJhbnRlCmNpbmNvIHR1cm5vcy4gU3UgRW50cmVuYWRvciB0YW1wb2NvIHB1ZWRlIHVzYXIKb2JqZXRvcyBjb24gw6lsLg==
374	TGFuemFtaWVudG8=	U2luaWVzdHJv	ZsOtc2ljbw==	-1	10	100	TGFuemEgY29udHJhIGVsIG9iamV0aXZvIGVsIG9iamV0byBxdWUgbGxldmEuIExhCmZ1ZXJ6YSBkZWwgYXRhcXVlIHkgc3UgZWZlY3RvIHZhcsOtYW4gc2Vnw7puIGVsIG9iamV0by4=
375	UHNpY29jYW1iaW8=	UHPDrXF1aWNv	ZXN0YWRv	-1	10	100	VXNhIHN1IHBvZGVyIG1lbnRhbCBwYXJhIHRyYW5zZmVyaXIgYWwgb2JqZXRpdm8gc3VzCnByb2JsZW1hcyBkZSBlc3RhZG8u
376	QXMgT2N1bHRv	Tm9ybWFs	ZXNwZWNpYWw=	-1	5	-1	Q3VhbnRvcyBtZW5vcyBQUCB0ZW5nYSBlbCBtb3ZpbWllbnRvLCBtYXlvciBzZXLDoQpsYSBmdWVyemEgcGFyYSBhdGFjYXIu
377	QW50aWN1cmE=	UHPDrXF1aWNv	ZXN0YWRv	-1	15	100	SW1waWRlIGFsIG9iamV0aXZvIHVzYXIgbW92aW1pZW50b3MsIGhhYmlsaWRhZGVzCnkgb2JqZXRvcyBlcXVpcGFkb3MgcXVlIHJlY3VwZXJhbiBQUyBkdXJhbnRlCmNpbmNvIHR1cm5vcy4=
378	RXN0cnVqw7Nu	Tm9ybWFs	ZXNwZWNpYWw=	-1	5	100	RXN0cnVqYSBjb24gZnVlcnphIGFsIG9iamV0aXZvLiBDdWFudG9zIG3DoXMgUFMKdGVuZ2EgZWwgb2JqZXRpdm8sIG3DoXMgZnVlcnphIHRlbmRyw6EgZWwgYXRhcXVlLg==
379	VHJ1Y28gRnVlcnph	UHPDrXF1aWNv	ZXN0YWRv	-1	10	-1	VXNhIHN1cyBwb2RlcmVzIG1lbnRhbGVzIHBhcmEgaW50ZXJjYW1iaWFyIHN1CmNhcmFjdGVyw61zdGljYSBkZSBBdGFxdWUgcG9yIERlZmVuc2Eu
380	QmlsaXM=	VmVuZW5v	ZXN0YWRv	-1	10	100	RWwgdXN1YXJpbyBhcnJvamEgc3VzIGp1Z29zIGJpbGlhcmVzIGFsIG9iamV0aXZvLCBsbwpxdWUgYW51bGEgZWwgZWZlY3RvIGRlIGxhIGhhYmlsaWRhZCBlbiB1c28u
381	Q29uanVybw==	Tm9ybWFs	ZXN0YWRv	-1	30	-1	TGFuemEgYWwgY2llbG8gdW4gY29uanVybyBxdWUgcHJvdGVnZSBhIHRvZG8gc3UKZXF1aXBvIGRlIGdvbHBlcyBjcsOtdGljb3Mu
382	WW8gUHJpbWVybw==	Tm9ybWFs	ZXN0YWRv	-1	20	-1	U2UgYWRlbGFudGEgYWwgbW92aW1pZW50byBxdWUgcHJldGVuZGUgdXNhciBlbApvYmpldGl2byB5IGxvIGxhbnphIGFudGVzIGNvbiBtw6FzIGZ1ZXJ6YS4gU2kgZWwKdXN1YXJpbyBlcyBtw6FzIGxlbnRvLCBmYWxsYS4=
383	Q29wacOzbg==	Tm9ybWFs	ZXN0YWRv	-1	20	-1	SW1pdGEgZWwgbW92aW1pZW50byB1c2FkbyBqdXN0byBhbnRlcy4KRWwgbW92aW1pZW50byBmYWxsYSBzaSBubyBzZSBoYSB1c2FkbyBhw7puIG5pbmd1bm8uIA==
384	Q2FtYmlhZnVlcnph	UHPDrXF1aWNv	ZXN0YWRv	-1	10	-1	RWwgdXN1YXJpbyBlbXBsZWEgc3UgcG9kZXIgbWVudGFsIHBhcmEKaW50ZXJjYW1iaWFyIGxvcyBjYW1iaW9zIGVuIEF0YXF1ZSB5IEF0YXF1ZQpFc3BlY2lhbCBjb24gZWwgb2JqZXRpdm8u
385	Q2FtYmlhZGVmZW5zYQ==	UHPDrXF1aWNv	ZXN0YWRv	-1	10	-1	RWwgdXN1YXJpbyBlbXBsZWEgc3UgcG9kZXIgbWVudGFsIHBhcmEgaW50ZXJjYW1iaWFyCmxvcyBjYW1iaW9zIGVuIERlZmVuc2EgeSBEZWZlbnNhIEVzcGVjaWFsIGNvbiBlbApvYmpldGl2by4=
386	Q2FzdGlnbw==	U2luaWVzdHJv	ZsOtc2ljbw==	-1	5	100	TGEgZnVlcnphIGRlbCBhdGFxdWUgYXVtZW50YSBjdWFudG8gbcOhcyBzZQpoYSBmb3J0YWxlY2lkbyBlbCBvYmpldGl2byBjb24gY2FtYmlvcyBkZQpjYXJhY3RlcsOtc3RpY2FzLg==
387	w5psdGltYSBCYXph	Tm9ybWFs	ZsOtc2ljbw==	140	5	100	RXN0ZSBtb3ZpbWllbnRvIHNvbG8gcHVlZGUgdXRpbGl6YXJzZSB0cmFzIGhhYmVyCnVzYWRvIGFsIG1lbm9zIHVuYSB2ZXogdG9kb3MgbG9zIGRlbcOhcwpjb25vY2lkb3MgcG9yIGVsIFBva8OpbW9uLg==
388	QWJhdGlkb3Jhcw==	UGxhbnRh	ZXN0YWRv	-1	10	100	U2UgcGxhbnRhIHVuYSBzZW1pbGxhIGVuIGVsIG9iamV0aXZvIHF1ZSBsZSBjYXVzYQpwZXNhci4gRXZpdGEgZWwgc3Vlw7FvIGdyYWNpYXMgYSBsYSBoYWJpbGlkYWQKSW5zb21uaW8u
389	R29scGUgQmFqbw==	U2luaWVzdHJv	ZsOtc2ljbw==	70	5	100	UGVybWl0ZSBhdGFjYXIgY29uIHByaW9yaWRhZC4gRmFsbGEgc2kgZWwgb2JqZXRpdm8gbm8KZXN0w6EgcHJlcGFyYW5kbyBuaW5nw7puIGF0YXF1ZS4=
390	UMO6YXMgVMOzeGljYXM=	VmVuZW5v	ZXN0YWRv	-1	20	-1	TGFuemEgdW5hIHRyYW1wYSBkZSBww7phcyB0w7N4aWNhcyBhIGxvcyBwaWVzIGRlbApvYmpldGl2by4gRWwgdmVuZW5vIGFmZWN0YSBhIGxvcyBQb2vDqW1vbiBxdWUKZW50cmFuIGVuIGNvbWJhdGUu
391	Q2FtYmlhYWxtYXM=	UHPDrXF1aWNv	ZXN0YWRv	-1	10	-1	VXNhIGxhIGZ1ZXJ6YSBtZW50YWwgcGFyYSBpbnRlcmNhbWJpYXIgY29uIGVsCm9iamV0aXZvIGxvcyBjYW1iaW9zIGVuIGxhcyBjYXJhY3RlcsOtc3RpY2FzLg==
392	QWN1YSBBcm8=	QWd1YQ==	ZXN0YWRv	-1	20	-1	VW4gbWFudG8gZGUgYWd1YSBjdWJyZSBhbCBQb2vDqW1vbiBxdWUgbG8gdXNhLgpSZWN1cGVyYSBhbGd1bm9zIFBTIGVuIGNhZGEgdHVybm8u
393	TGV2aXTDs24=	RWzDqWN0cmljbw==	ZXN0YWRv	-1	10	-1	TGV2aXRhIGdyYWNpYXMgYSB1biBjYW1wbyBtYWduw6l0aWNvIGdlbmVyYWRvIHBvcgplbGVjdHJpY2lkYWQgZHVyYW50ZSBjaW5jbyB0dXJub3Mu
394	RW52aXRlIMONZ25lbw==	RnVlZ28=	ZsOtc2ljbw==	120	15	100	RWwgUG9rw6ltb24gc2UgY3VicmUgZGUgbGxhbWFzIHkgY2FyZ2EgY29udHJhIGVsCm9iamV0aXZvLCBhdW5xdWUgw6lsIHRhbWJpw6luIHJlY2liZSBkYcOxby4gUHVlZGUKcXVlbWFyLg==
395	UGFsbWVv	THVjaGE=	ZsOtc2ljbw==	60	10	100	QXRhY2EgYWwgb2JqZXRpdm8gY29uIHVuYSBvbmRhIGRlIGNob3F1ZSB5IHB1ZWRlCmxsZWdhciBhIHBhcmFsaXphcmxvLg==
396	RXNmZXJhIEF1cmFs	THVjaGE=	ZXNwZWNpYWw=	80	20	-1	TGliZXJhIHVuYSBkZXNjYXJnYSBkZSBsYSBmdWVyemEgZGVsIGF1cmEgZGVzZGUKc3UgaW50ZXJpb3IuIEVzIGluZmFsaWJsZS4=
397	UHVsaW1lbnRv	Um9jYQ==	ZXN0YWRv	-1	20	-1	UmVkdWNlIGxhIHJlc2lzdGVuY2lhIHB1bGllbmRvIHN1IGN1ZXJwby4gQXVtZW50YQpsYSBWZWxvY2lkYWQgY29uc2lkZXJhYmxlbWVudGUu
398	UHV5YSBOb2NpdmE=	VmVuZW5v	ZsOtc2ljbw==	80	20	100	UGluY2hhIGFsIG9iamV0aXZvIGNvbiB1biB0ZW50w6FjdWxvIG8gYnJhem8KZW52ZW5lbmFkby4gUHVlZGUgbGxlZ2FyIGEgZW52ZW5lbmFyIGFsIG9iamV0aXZvLiA=
399	UHVsc28gVW1icsOtbw==	U2luaWVzdHJv	ZXNwZWNpYWw=	80	15	100	TGliZXJhIHVuYSBob3JyaWJsZSBhdXJhIGxsZW5hIGRlIG1hbG9zIHBlbnNhbWllbnRvcwp5IHB1ZWRlIGhhY2VyIHJldHJvY2VkZXIgYWwgb2JqZXRpdm8u
400	VGFqbyBVbWJyw61v	U2luaWVzdHJv	ZsOtc2ljbw==	70	15	100	QXRhY2EgYWwgb2JqZXRpdm8gYSBsYSBwcmltZXJhIG9wb3J0dW5pZGFkLiBTdWVsZQpzZXIgY3LDrXRpY28u
401	QWN1YSBDb2xh	QWd1YQ==	ZsOtc2ljbw==	90	10	90	QXRhY2EgYWdpdGFuZG8gbGEgY29sYSBjb21vIHNpIGZ1ZXJhIHVuYSBvbGEgcmFiaW9zYQplbiB1bmEgdG9ybWVudGEgZGV2YXN0YWRvcmEu
402	Qm9tYmEgR2VybWVu	UGxhbnRh	ZsOtc2ljbw==	80	15	100	TGFuemEgYWwgb2JqZXRpdm8gdW5hIGRlc2NhcmdhIGRlIHNlbWlsbGFzCmV4cGxvc2l2YXMgZGVzZGUgYXJyaWJhLg==
403	VGFqbyBBw6lyZW8=	Vm9sYWRvcg==	ZXNwZWNpYWw=	75	15	95	QXRhY2EgY29uIHVuYSBob2phIGRlIGFpcmUgcXVlIGluY2x1c28gY29ydGEgZWwgY2llbG8uClRhbWJpw6luIHB1ZWRlIGhhY2VyIHJldHJvY2VkZXIgYWwgb2JqZXRpdm8u
404	VGlqZXJhIFg=	QmljaG8=	ZsOtc2ljbw==	80	15	100	Q3J1emEgbGFzIGd1YWRhw7FhcyBvIGxhcyBnYXJyYXMgcGFyYSBhdGFjYXIgYWwKb2JqZXRpdm8gY29tbyBzaSBmdWVyYW4gdW5hcyB0aWplcmFzLg==
405	WnVtYmlkbw==	QmljaG8=	ZXNwZWNpYWw=	90	10	100	RWwgdXN1YXJpbyBjcmVhIHVuYSBvbmRhIHPDs25pY2EgZGHDsWluYSBtb3ZpZW5kbwpzdSBjdWVycG8gcXVlIHRhbWJpw6luIHB1ZWRlIGRpc21pbnVpciBsYSBEZWZlbnNhCkVzcGVjaWFsIGRlbCBvYmpldGl2by4=
406	UHVsc28gRHJhZ8Ozbg==	RHJhZ8Ozbg==	ZXNwZWNpYWw=	85	10	100	QWJyZSBtdWNobyBsYSBib2NhIHkgbGliZXJhIHVuYSBvbmRhIGRlIGNob3F1ZQpxdWUgYXRhY2EgYWwgb2JqZXRpdm8u
407	Q2FyZ2EgRHJhZ8Ozbg==	RHJhZ8Ozbg==	ZsOtc2ljbw==	100	10	75	QXRhY2EgZGUgZm9ybWEgYnJ1dGFsIG1pZW50cmFzIGludGltaWRhIGFsIG9iamV0aXZvLgpUYW1iacOpbiBwdWVkZSBoYWNlcmxvIHJldHJvY2VkZXIu
408	Sm95YSBkZSBMdXo=	Um9jYQ==	ZXNwZWNpYWw=	80	20	100	QXRhY2EgY29uIHVuIHJheW8gZGUgbHV6IHF1ZSBjZW50ZWxsZWEgY29tbyBzaSBsbwpmb3JtYXJhbiBtaWxlcyBkZSBqb3lhcy4=
409	UHXDsW8gRHJlbmFqZQ==	THVjaGE=	ZsOtc2ljbw==	75	10	100	VW4gZ29scGUgcXVlIGRyZW5hIGVuZXJnw61hLiBFbCBQb2vDqW1vbiByZWN1cGVyYQpsYSBtaXRhZCBkZSBsb3MgUFMgYXJyZWJhdGFkb3MgYWwgb2JqZXRpdm8u
410	T25kYSBWYWPDrW8=	THVjaGE=	ZXNwZWNpYWw=	40	30	100	R2lyYSBsb3MgcHXDsW9zIHkgbGliZXJhIHVuYSBvbmRhIGRlIHZhY8OtbyBjb250cmEKZWwgb2JqZXRpdm8uIEVzdGUgbW92aW1pZW50byB0aWVuZSBwcmlvcmlkYWQgYWx0YS4=
411	T25kYSBDZXJ0ZXJh	THVjaGE=	ZXNwZWNpYWw=	120	5	70	QWd1ZGl6YSBsYSBjb25jZW50cmFjacOzbiBtZW50YWwgeSBsaWJlcmEgc3UgcG9kZXIuClB1ZWRlIGRpc21pbnVpciBsYSBEZWZlbnNhIEVzcGVjaWFsIGRlbCBvYmpldGl2by4=
412	RW5lcmdpYm9sYQ==	UGxhbnRh	ZXNwZWNpYWw=	90	10	100	QcO6bmEgZnVlcnphcyBkZSBsYSBuYXR1cmFsZXphIHkgbGliZXJhIHN1IGF0YXF1ZS4KUHVlZGUgZGlzbWludWlyIGxhIERlZmVuc2EgRXNwZWNpYWwgZGVsIG9iamV0aXZvLg==
413	UMOhamFybyBPc2Fkbw==	Vm9sYWRvcg==	ZsOtc2ljbw==	120	15	100	UGxpZWdhIHN1cyBhbGFzIHkgYXRhY2EgY29uIHVuIHZ1ZWxvIHJhc2FudGUuIEVsClBva8OpbW9uIHF1ZSBsbyB1c2EgdGFtYmnDqW4gcmVzdWx0YSBzZXJpYW1lbnRlCmRhw7FhZG8u
414	VGllcnJhIFZpdmE=	VGllcnJh	ZXNwZWNpYWw=	90	10	100	TGEgdGllcnJhIGEgbG9zIHBpZXMgZGVsIG9iamV0aXZvIGVydXBjaW9uYQp2aW9sZW50YW1lbnRlLiBQdWVkZSBkaXNtaW51aXIgbGEgRGVmZW5zYSBFc3BlY2lhbApkZWwgb2JqZXRpdm8u
415	VHJhcGljaGVv	U2luaWVzdHJv	ZXN0YWRv	-1	10	100	SW50ZXJjYW1iaWEgY29uIGVsIG9iamV0aXZvIGxvcyBvYmpldG9zIHF1ZSBsbGV2YW4KdGFuIHLDoXBpZG8gcXVlIGVzIGltcG9zaWJsZSB2ZXJsbyBhIHNpbXBsZSB2aXN0YS4=
416	R2lnYWltcGFjdG8=	Tm9ybWFs	ZsOtc2ljbw==	150	5	90	Q2FyZ2EgY29udHJhIGVsIG9iamV0aXZvIHVzYW5kbyB0b2RhIGxhIGZ1ZXJ6YSBxdWUKdGllbmUuIEVsIFBva8OpbW9uIGRlc2NhbnNhIGVsIHR1cm5vIHNpZ3VpZW50ZS4=
417	TWFxdWluYWNpw7Nu	U2luaWVzdHJv	ZXN0YWRv	-1	20	-1	RXN0aW11bGEgc3UgY2VyZWJybyBwZW5zYW5kbyBlbiBjb3NhcyBtYWxhcy4KQXVtZW50YSBjb25zaWRlcmFibGVtZW50ZSBlbCBBdGFxdWUgRXNwZWNpYWwuIA==
418	UHXDsW8gQmFsYQ==	QWNlcm8=	ZsOtc2ljbw==	40	30	100	QXRhY2EgY29uIGZ1ZXJ0ZXMgcHXDsWV0YXpvcyB0YW4gcsOhcGlkb3MgY29tbwpwcm95ZWN0aWxlcy4gRXN0ZSBtb3ZpbWllbnRvIHRpZW5lIHByaW9yaWRhZCBhbHRhLiA=
419	QWx1ZA==	SGllbG8=	ZsOtc2ljbw==	60	10	100	RXN0ZSBhdGFxdWUgaW5mbGlnZSBlbCBkb2JsZSBkZSBkYcOxbyBhIHVuIG9iamV0aXZvCnF1ZSBoYXlhIGdvbHBlYWRvIGFsIHVzdWFyaW8gZW4gZXNlIG1pc21vIHR1cm5vLiA=
420	RXNxdWlybGEgSGVsYWRh	SGllbG8=	ZsOtc2ljbw==	40	30	100	Q3JlYSBib2xhcyBkZSBoaWVsbyB5IGxhcyBsYW56YSBhIGdyYW4gdmVsb2NpZGFkLgpFc3RlIG1vdmltaWVudG8gdGllbmUgcHJpb3JpZGFkIGFsdGEu
421	R2FycmEgVW1icsOtYQ==	RmFudGFzbWE=	ZsOtc2ljbw==	70	15	100	QXRhY2EgY29uIHVuYSBnYXJyYSBhZmlsYWRhIGhlY2hhIGRlIHNvbWJyYXMuClN1ZWxlIHNlciBjcsOtdGljby4=
422	Q29sbWlsbG8gUmF5bw==	RWzDqWN0cmljbw==	ZsOtc2ljbw==	65	15	95	VXNhIGNvbG1pbGxvcyBlbGVjdHJpZmljYWRvcyBwYXJhIG1vcmRlci4gUHVlZGUKaGFjZXIgcXVlIGVsIG9iamV0aXZvIHJldHJvY2VkYSBvIHNlIHBhcmFsaWNlLg==
423	Q29sbWlsbG8gSGllbG8=	SGllbG8=	ZsOtc2ljbw==	65	15	95	VXNhIGNvbG1pbGxvcyBoZWxhZG9zIHBhcmEgbW9yZGVyLiBQdWVkZSBoYWNlciBxdWUKZWwgb2JqZXRpdm8gcmV0cm9jZWRhIG8gc2UgY29uZ2VsZS4=
424	Q29sbWlsbG8gw41nbmVv	RnVlZ28=	ZsOtc2ljbw==	65	15	95	VXNhIGNvbG1pbGxvcyBlbiBsbGFtYXMgcGFyYSBtb3JkZXIuIFB1ZWRlIGhhY2VyCnF1ZSBlbCBvYmpldGl2byByZXRyb2NlZGEgbyByZWNpYmEgcXVlbWFkdXJhcy4=
425	U29tYnJhIFZpbA==	RmFudGFzbWE=	ZsOtc2ljbw==	40	30	100	RXh0aWVuZGUgc3Ugc29tYnJhIHkgYXRhY2EgYWwgb2JqZXRpdm8gcG9yIGxhCmVzcGFsZGEuIEVzdGUgbW92aW1pZW50byB0aWVuZSBwcmlvcmlkYWQgYWx0YS4g
426	Qm9tYmEgRmFuZ28=	VGllcnJh	ZXNwZWNpYWw=	65	10	85	QXRhY2EgbGFuemFuZG8gdW5hIGNvbXBhY3RhIGJvbGEgZGUgZmFuZ28uClB1ZWRlIGJhamFyIGxhIFByZWNpc2nDs24gZGVsIG9iamV0aXZvLg==
427	UHNpY29jb3J0ZQ==	UHPDrXF1aWNv	ZsOtc2ljbw==	70	20	100	QXRhY2EgYWwgb2JqZXRpdm8gY29uIGN1Y2hpbGxhcyBmb3JtYWRhcyBwb3IgZW5lcmfDrWEKcHPDrXF1aWNhLiBTdWVsZSBzZXIgY3LDrXRpY28u
428	Q2FiZXphem8gWmVu	UHPDrXF1aWNv	ZsOtc2ljbw==	80	15	90	Q29uY2VudHJhIHN1IGVuZXJnw61hIHBzw61xdWljYSBlbiBsYSBjYWJlemEgcGFyYQpnb2xwZWFyLiBQdWVkZSBoYWNlciBxdWUgZWwgb2JqZXRpdm8gcmV0cm9jZWRhLg==
429	RGlzcGFybyBFc3Blam8=	QWNlcm8=	ZXNwZWNpYWw=	65	10	85	RWwgdXN1YXJpbyBsaWJlcmEgdW4gaGF6IGRlIGVuZXJnw61hIGRlc2RlIHN1IHB1bGlkbwpjdWVycG8uIFB1ZWRlIGJhamFyIGxhIFByZWNpc2nDs24u
430	Q2HDscOzbiBSZXNwbGFuZG9y	QWNlcm8=	ZXNwZWNpYWw=	80	10	100	RWwgdXN1YXJpbyBjb25jZW50cmEgdG9kYSBsYSBsdXogZGVsIGN1ZXJwbyB5IGxhIGxpYmVyYS4KUHVlZGUgYmFqYXIgbGEgRGVmZW5zYSBFc3BlY2lhbCBkZWwgb2JqZXRpdm8u
431	VHJlcGFycm9jYXM=	Tm9ybWFs	ZsOtc2ljbw==	90	20	85	QXRhY2EgY29uIHVuYSBncmFuIGVtYmVzdGlkYS4gUHVlZGUgY29uZnVuZGlyIGFsCm9iamV0aXZvLg==
432	RGVzcGVqYXI=	Vm9sYWRvcg==	ZXN0YWRv	-1	15	-1	UG90ZW50ZSB2aWVudG8gcXVlIGJhcnJlIGVsIFJlZmxlam8gbyBQYW50YWxsYSBkZSBMdXoKZGVsIG9iamV0aXZvIHkgcHVlZGUgcmVkdWNpciBzdSBFdmFzacOzbi4=
433	RXNwYWNpbyBSYXJv	UHPDrXF1aWNv	ZXN0YWRv	-1	5	-1	U2UgY3JlYSB1biBlc3BhY2lvIGV4dHJhw7FvIGVuIGVsIHF1ZSBsb3MgUG9rw6ltb24KbGVudG9zIHNlIG11ZXZlbiBwcmltZXJvIGR1cmFudGUgY2luY28gdHVybm9zLg==
434	Q29tZXRhIERyYWNv	RHJhZ8Ozbg==	ZXNwZWNpYWw=	130	5	90	SGFjZSBxdWUgZ3JhbmRlcyBjb21ldGFzIGNhaWdhbiBkZWwgY2llbG8gc29icmUKZWwgb2JqZXRpdm8uIEJhamEgbXVjaG8gZWwgQXRhcXVlIEVzcGVjaWFsIGRlbCBxdWUKbG8gdXNhLg==
435	Q2hpc3Bhem8=	RWzDqWN0cmljbw==	ZXNwZWNpYWw=	80	15	100	VW5hIGRlc2x1bWJyYWRvcmEgb25kYSBlbMOpY3RyaWNhIGFmZWN0YSBhIGxvcwpQb2vDqW1vbiBxdWUgaGF5IGNvbWJhdGllbmRvIGFscmVkZWRvci4gUHVlZGUKcGFyYWxpemFyLg==
436	SHVtYXJlZGE=	RnVlZ28=	ZXNwZWNpYWw=	80	15	100	VW4gaW5maWVybm8gZGUgbGxhbWFzIGRhw7FhIGEgbG9zIFBva8OpbW9uCmFkeWFjZW50ZXMgZW4gY29tYmF0ZS4gUHVlZGUgcXVlbWFyLg==
437	TGx1ZXZlaG9qYXM=	UGxhbnRh	ZXNwZWNpYWw=	130	5	90	VW5hIGxsdXZpYSBkZSBob2phcyBhZmlsYWRhcyBlbnZ1ZWx2ZSBhbCBvYmpldGl2by4KRWwgcmV0cm9jZXNvIGJhamEgbXVjaG8gZWwgQXRhcXVlIEVzcGVjaWFsIGRlIHF1aWVuCmxvIHVzYS4=
438	TGF0aWdhem8=	UGxhbnRh	ZsOtc2ljbw==	120	10	85	RWwgdXN1YXJpbyBhZ2l0YSB2aW9sZW50YW1lbnRlIHN1cyBsaWFuYXMgbyB0ZW50w6FjdWxvcwpwYXJhIGdvbHBlYXIgYWwgb2JqZXRpdm8u
439	Um9tcGVycm9jYXM=	Um9jYQ==	ZsOtc2ljbw==	150	5	90	TGFuemEgdW5hIHBpZWRyYSBlbm9ybWUgY29udHJhIGVsIG9iamV0aXZvLCBwZXJvCnRpZW5lIHF1ZSBkZXNjYW5zYXIgZWwgc2lndWllbnRlIHR1cm5vLg==
440	VmVuZW5vIFg=	VmVuZW5v	ZsOtc2ljbw==	70	20	100	VGFqbyBxdWUgcHVlZGUgZW52ZW5lbmFyIGFsIG9iamV0aXZvLiBTdWVsZSBzZXIKY3LDrXRpY28u
441	TGFuemFtdWdyZQ==	VmVuZW5v	ZsOtc2ljbw==	120	5	80	TGFuemEgY29udHJhIGVsIG9iamV0aXZvIGJhc3VyYSBhc3F1ZXJvc2EuIFB1ZWRlCmVudmVuZW5hciBhbCBvYmpldGl2by4=
442	Q2FiZXphIGRlIEhpZXJybw==	QWNlcm8=	ZsOtc2ljbw==	80	15	100	QXRhY2EgY29uIHN1IGR1cmEgY2FiZXphIGRlIGhpZXJyby4gUHVlZGUgaGFjZXIKcXVlIGVsIG9iamV0aXZvIHJldHJvY2VkYS4=
443	Qm9tYmEgSW3DoW4=	QWNlcm8=	ZsOtc2ljbw==	60	20	-1	TGFuemEgdW5hcyBib21iYXMgZGUgaGllcnJvIHF1ZSBzZSBwZWdhbiBhbAphZHZlcnNhcmlvLiBObyBzZSBwdWVkZSBlc3F1aXZhci4=
444	Um9jYSBBZmlsYWRh	Um9jYQ==	ZsOtc2ljbw==	100	5	80	Q2xhdmEgcGllZHJhcyBtdXkgYWZpbGFkYXMgYWwgb2JqZXRpdm8uIFN1ZWxlIHNlcgpjcsOtdGljby4=
445	U2VkdWNjacOzbg==	Tm9ybWFs	ZXN0YWRv	-1	20	100	U2kgZWwgb2JqZXRpdm8gZXMgZGVsIHNleG8gb3B1ZXN0bywgcXVlZGEKZW1iZWxlc2FkbyB5IGJhamEgbXVjaG8gc3UgQXRhcXVlIEVzcGVjaWFsLg==
446	VHJhbXBhIFJvY2Fz	Um9jYQ==	ZXN0YWRv	-1	20	-1	VW5hIHRyYW1wYSBkZSByb2NhcyBxdWUgZmxvdGEgZW4gZWwgYWlyZSB5IGRhw7FhIGEKbG9zIG9iamV0aXZvcyBxdWUgZW50cmFuIGVuIGNvbWJhdGUu
447	SGllcmJhIExhem8=	UGxhbnRh	ZXNwZWNpYWw=	-1	20	100	RW5yZWRhIGFsIG9iamV0aXZvIGNvbiBoaWVyYmEgeSBsbyBkZXJyaWJhLgpDdWFudG8gbcOhcyBwZXNhZG8gZXMgZWwgb2JqZXRpdm8sIG3DoXMgZGHDsW8gaW5mbGlnZS4g
448	Q2jDoWNoYXJh	Vm9sYWRvcg==	ZXNwZWNpYWw=	65	20	100	QXRhY2EgY29uIHVuYSBvbmRhIGRlIHNvbmlkbyBtdXkgcnVpZG9zYQpjb21wdWVzdGEgcG9yIHBhbGFicmFzIHkgY29uZnVuZGUgYWwgb2JqZXRpdm8uIA==
449	U2VudGVuY2lh	Tm9ybWFs	ZXNwZWNpYWw=	100	10	100	RW1pdGUgaW5jb250YWJsZXMgaGFjZXMgZGUgbHV6LiBWYXLDrWEgc2Vnw7puIGVsIHRpcG8KZGUgdGFibGEgcXVlIGxsZXZlIGVsIHVzdWFyaW8u
450	UGljYWR1cmE=	QmljaG8=	ZsOtc2ljbw==	60	20	100	UGljYSBhbCBvYmpldGl2by4gU2kgZWwgb2JqZXRpdm8gbGxldmEgdW5hIGJheWEsIGVsCnVzdWFyaW8gc2UgbGEgY29tZSB5IHNlIGJlbmVmaWNpYSBkZSBzdSBlZmVjdG8u
451	UmF5byBDYXJnYQ==	RWzDqWN0cmljbw==	ZXNwZWNpYWw=	50	10	90	TGFuemEgdW4gcmF5byBlbMOpY3RyaWNvIGNvbnRyYSBlbCBvYmpldGl2by4gUHVlZGUKc3ViaXIgZWwgQXRhcXVlIEVzcGVjaWFsIGRlIHF1aWVuIGxvIHVzYS4=
452	TWF6YXpv	UGxhbnRh	ZsOtc2ljbw==	120	15	100	QXJyZW1ldGUgY29udHJhIGVsIG9iamV0aXZvIGNvbiBzdSByb2J1c3RvIGN1ZXJwby4KRWwgYWdyZXNvciB0YW1iacOpbiBzdWZyZSBiYXN0YW50ZSBkYcOxby4=
453	QWN1YSBKZXQ=	QWd1YQ==	ZsOtc2ljbw==	40	20	100	QXRhcXVlIGRlIHVuYSByYXBpZGV6IGVzcGVsdXpuYW50ZS4gRXN0ZQptb3ZpbWllbnRvIHRpZW5lIHByaW9yaWRhZCBhbHRhLiA=
454	QWwgQXRhcXVl	QmljaG8=	ZsOtc2ljbw==	90	15	100	RWwgdXN1YXJpbyBsbGFtYSBhIHN1cyBzw7piZGl0b3MgcGFyYSBxdWUgYXRhcXVlbgphbCBvYmpldGl2by4gU3VlbGUgc2VyIGNyw610aWNvLg==
455	QSBEZWZlbmRlcg==	QmljaG8=	ZXN0YWRv	-1	10	-1	RWwgdXN1YXJpbyBsbGFtYSBhIHN1cyBzw7piZGl0b3MgcGFyYSBxdWUgZm9ybWVuCnVuIGVzY3VkbyB2aXZpZW50ZS4gU3ViZSBsYSBEZWZlbnNhIHkgbGEgRGVmZW5zYQpFc3BlY2lhbC4=
456	QXV4aWxpbw==	QmljaG8=	ZXN0YWRv	-1	10	-1	RWwgdXN1YXJpbyBsbGFtYSBhIHN1cyBzw7piZGl0b3MgcGFyYSBxdWUgbG8gY3VyZW4uClJlY3VwZXJhIGhhc3RhIGxhIG1pdGFkIGRlIGxvcyBQUyBtw6F4aW1vcy4=
457	VGVzdGFyYXpv	Um9jYQ==	ZsOtc2ljbw==	150	5	80	RWwgdXN1YXJpbyBhcnJpZXNnYSBzdSB2aWRhIHkgbGFuemEgdW4gY2FiZXphem8KY29uIHRvZGEgc3UgZnVlcnphLiBFbCBhZ3Jlc29yIHJlc3VsdGEgc2VyaWFtZW50ZQpkYcOxYWRvLg==
458	RG9ibGUgR29scGU=	Tm9ybWFs	ZsOtc2ljbw==	35	10	90	R29scGVhIGFsIG9iamV0aXZvIGRvcyB2ZWNlcyBzZWd1aWRhcyBjb24gbGEgY29sYQp1IG90cmFzIHBhcnRlcyBkZSBzdSBjdWVycG8u
459	RGlzdG9yc2nDs24=	RHJhZ8Ozbg==	ZXNwZWNpYWw=	150	5	90	QXRhY2EgYWwgb2JqZXRpdm8gdXNhbmRvIHRhbCBlbmVyZ8OtYSBxdWUgZWwgdGllbXBvCnNlIGRpc3RvcnNpb25hLiBFbCB1c3VhcmlvIGRlc2NhbnNhIGVsIHNpZ3VpZW50ZQp0dXJuby4=
460	Q29ydGUgVmFjw61v	RHJhZ8Ozbg==	ZXNwZWNpYWw=	100	5	95	RGVzZ2FycmEgYWwgb2JqZXRpdm8geSBlbCBlc3BhY2lvIGEgc3UgYWxyZWRlZG9yLgpTdWVsZSBzZXIgY3LDrXRpY28u
461	RGFuemEgTHVuYXI=	UHPDrXF1aWNv	ZXN0YWRv	-1	10	-1	RWwgdXN1YXJpbyBzZSBkZWJpbGl0YSwgcGVybyBlbCBQb2vDqW1vbiBxdWUgbG8Kc3VzdGl0dXllIHJlY3VwZXJhIHN1IGVzdGFkbywgbG9zIFBTIHkgbG9zIFBQLg==
462	QWdhcnLDs24=	Tm9ybWFs	ZsOtc2ljbw==	-1	5	100	RXN0cnVqYSBhbCBvYmpldGl2byBjb24gZ3JhbiBmdWVyemEuIEN1YW50b3MgbcOhcwpQUyBsZSBxdWVkZW4gYWwgb2JqZXRpdm8sIG3DoXMgZnVlcnRlIHNlcsOhIGVsCmF0YXF1ZS4=
463	TGx1dmlhIMONZ25lYQ==	RnVlZ28=	ZXNwZWNpYWw=	100	5	75	RWwgb2JqZXRpdm8gcXVlZGEgYXRyYXBhZG8gZW4gdW5hIHRvcm1lbnRhIGRlCmZ1ZWdvIHF1ZSBkdXJhIGRlIGN1YXRybyBhIGNpbmNvIHR1cm5vcy4=
464	QnJlY2hhIE5lZ3Jh	U2luaWVzdHJv	ZXN0YWRv	-1	10	50	RWwgb2JqZXRpdm8gZXMgZW52aWFkbyBhIHVuIG11bmRvIGRlIHRpbmllYmxhcwpxdWUgbG8gaGFjZSBkb3JtaXIu
465	RnVsZ29yIFNlbWlsbGE=	UGxhbnRh	ZXNwZWNpYWw=	120	5	85	VW5hIG9uZGEgZGUgY2hvcXVlIHNlIGxpYmVyYSBkZWwgY3VlcnBvLiBQdWVkZQpiYWphciBtdWNobyBsYSBEZWZlbnNhIEVzcGVjaWFsIGRlbCBvYmpldGl2by4=
466	VmllbnRvIEFjaWFnbw==	RmFudGFzbWE=	ZXNwZWNpYWw=	60	5	100	UHJvZHVjZSB1biB2aWVudG8gaG9ycmlwaWxhbnRlLiBQdWVkZSBzdWJpciBkZSBnb2xwZQp0b2RhcyBsYXMgY2FyYWN0ZXLDrXN0aWNhcyBkZWwgdXN1YXJpby4=
467	R29scGUgVW1icsOtbw==	RmFudGFzbWE=	ZsOtc2ljbw==	120	5	100	RW4gZWwgcHJpbWVyIHR1cm5vLCBkZXNhcGFyZWNlLiBFbiBlbCBzZWd1bmRvLApnb2xwZWEgYWwgb2JqZXRpdm8gYXVucXVlIHNlIGVzdMOpIHByb3RlZ2llbmRvLg==
468	QWZpbGFnYXJyYXM=	U2luaWVzdHJv	ZXN0YWRv	-1	15	-1	RWwgdXN1YXJpbyBzZSBhZmlsYSBsYXMgZ2FycmFzIHBhcmEgYXVtZW50YXIgc3UKQXRhcXVlIHkgUHJlY2lzacOzbi4=
469	VmFzdGEgR3VhcmRpYQ==	Um9jYQ==	ZXN0YWRv	-1	10	-1	QmxvcXVlYSBsb3MgYXRhcXVlcyBkZSBvYmpldGl2byBtw7psdGlwbGUgbGFuemFkb3MKY29udHJhIHR1IGVxdWlwbyBkdXJhbnRlIHVuIHR1cm5vLg==
470	SXNvZ3VhcmRpYQ==	UHPDrXF1aWNv	ZXN0YWRv	-1	10	-1	RWwgdXN1YXJpbyBlbXBsZWEgc3VzIHBvZGVyZXMgcGFyYSBoYWNlciBsYSBtZWRpYQpkZSBzdSBEZWZlbnNhIHkgRGVmZW5zYSBFc3BlY2lhbCBjb24gbGFzIGRlIHN1Cm9iamV0aXZvIHkgY29tcGFydGlybGFzLg==
471	SXNvZnVlcnph	UHPDrXF1aWNv	ZXN0YWRv	-1	10	-1	RWwgdXN1YXJpbyBlbXBsZWEgc3VzIHBvZGVyZXMgcGFyYSBoYWNlciBsYSBtZWRpYQpkZSBzdSBBdGFxdWUgeSBBdGFxdWUgRXNwZWNpYWwgY29uIGxvcyBkZSBzdQpvYmpldGl2byB5IGNvbXBhcnRpcmxvcy4=
472	Wm9uYSBFeHRyYcOxYQ==	UHPDrXF1aWNv	ZXN0YWRv	-1	10	-1	Q3JlYSB1bmEgem9uYSBtaXN0ZXJpb3NhIGRvbmRlIHNlIGludGVyY2FtYmlhbgpsYSBEZWZlbnNhIHkgbGEgRGVmZW5zYSBFc3BlY2lhbCBkZSB0b2RvcyBsb3MKUG9rw6ltb24gZHVyYW50ZSBjaW5jbyB0dXJub3Mu
473	UHNpY29jYXJnYQ==	UHPDrXF1aWNv	ZXNwZWNpYWw=	80	10	100	Q3JlYSB1bmEgb25kYSBwc8OtcXVpY2EgcXVlIGNhdXNhIGRhw7FvIGbDrXNpY28gYWwKb2JqZXRpdm8u
474	Q2FyZ2EgVMOzeGljYQ==	VmVuZW5v	ZXNwZWNpYWw=	65	10	100	QXRhY2EgY3VicmllbmRvIGFsIG9iamV0aXZvIGNvbiB1biBsw61xdWlkbyB2ZW5lbm9zby4KRWwgZGHDsW8gc2Vyw6EgZG9ibGUgc2kgZXN0ZSB5YSBlc3TDoSBlbnZlbmVuYWRvLg==
475	QWxpZ2VyYXI=	QWNlcm8=	ZXN0YWRv	-1	15	-1	RWwgdXN1YXJpbyBzZSBkZXNwcmVuZGUgZGUgcGFydGVzIHByZXNjaW5kaWJsZXMgZGUKc3UgY3VlcnBvIHBhcmEgaGFjZXJzZSBtw6FzIGxpZ2VybyB5IGF1bWVudGFyCm11Y2hvIHN1IFZlbG9jaWRhZC4=
476	UG9sdm8gSXJh	QmljaG8=	ZXN0YWRv	-1	20	-1	VXNhIHVuIHBvbHZvIHF1ZSBpcnJpdGEgeSBjZW50cmEgZW4gZWwgdXN1YXJpbyBsYQphdGVuY2nDs24geSBsb3MgYXRhcXVlcyBkZSBsb3Mgcml2YWxlcy4=
477	VGVsZXF1aW5lc2lz	UHPDrXF1aWNv	ZXN0YWRv	-1	15	-1	RWwgdXN1YXJpbyBlbXBsZWEgc3UgcG9kZXIgbWVudGFsIHBhcmEgaGFjZXIgZmxvdGFyCmFsIG9iamV0aXZvLCB5IGxvIGNvbnZpZXJ0ZSBlbiB1biBibGFuY28gZsOhY2lsIGR1cmFudGUKdHJlcyB0dXJub3Mu
478	Wm9uYSBNw6FnaWNh	UHPDrXF1aWNv	ZXN0YWRv	-1	10	-1	Q3JlYSB1biBlc3BhY2lvIG1pc3Rlcmlvc28gcXVlIGludXRpbGl6YSB0b2RvcyBsb3MKb2JqZXRvcyBkZSBsb3MgUG9rw6ltb24gZHVyYW50ZSBjaW5jbyB0dXJub3Mu
479	QW50aWHDqXJlbw==	Um9jYQ==	ZsOtc2ljbw==	50	15	100	RWwgdXN1YXJpbyBhdGFjYSBsYW56YW5kbyB1bmEgcGllZHJhIG8gdW4gcHJveWVjdGlsLgpQdWVkZSBlc3RyZWxsYXIgY29udHJhIGVsIHN1ZWxvIGFsIG9iamV0aXZvIHNpIHZ1ZWxhLg==
480	TGxhdmUgQ29yc8Op	THVjaGE=	ZsOtc2ljbw==	60	10	100	TGFuemEgdW4gZ29scGUgZnVsbWluYW50ZS4gU2llbXByZSBhc2VzdGEgdW4gZ29scGUKY3LDrXRpY28u
481	UGlyb3RlY25pYQ==	RnVlZ28=	ZXNwZWNpYWw=	70	15	100	R29scGVhIGFsIG9iamV0aXZvIGNvbiB1bmEgbGxhbWFyYWRhIHF1ZSBhZmVjdGEKdGFtYmnDqW4gYSBsb3MgUG9rw6ltb24gYWR5YWNlbnRlcy4=
482	T25kYSBUw7N4aWNh	VmVuZW5v	ZXNwZWNpYWw=	95	10	100	VW5hIG9uZGEgdMOzeGljYSBxdWUgZGHDsWEgYSBsb3MgUG9rw6ltb24gZGUKYWxyZWRlZG9yLiBQdWVkZSBlbnZlbmVuYXIu
483	RGFuemEgQWxldGVv	QmljaG8=	ZXN0YWRv	-1	20	-1	RGFuemEgbcOtc3RpY2EgcXVlIHN1YmUgZWwgQXRhcXVlIEVzcGVjaWFsLCBsYQpEZWZlbnNhIEVzcGVjaWFsIHkgbGEgVmVsb2NpZGFkLg==
484	Q3VlcnBvIFBlc2Fkbw==	QWNlcm8=	ZsOtc2ljbw==	-1	10	100	RWwgdXN1YXJpbyBnb2xwZWEgY29uIHRvZG8gc3UgY3VlcnBvLiBDdWFudG8gbWF5b3IKc2VhIHN1IHBlc28gY29tcGFyYWRvIGNvbiBlbCBkZWwgb2JqZXRpdm8sIG3DoXMKZGHDsW8gY2F1c2Fyw6Eu
485	U2luY3JvcnJ1aWRv	UHPDrXF1aWNv	ZXNwZWNpYWw=	120	10	100	VW5hIGV4dHJhw7FhIG9uZGEgcXVlIGRhw7FhIGEgdG9kb3MgbG9zIFBva8OpbW9uCmFkeWFjZW50ZXMgZGVsIG1pc21vIHRpcG8gcXVlIGVsIHF1ZSBsYSBlamVjdXRhLg==
486	Qm9sYSBWb2x0aW8=	RWzDqWN0cmljbw==	ZXNwZWNpYWw=	-1	10	100	TGFuemEgdW5hIGJvbGEgZWzDqWN0cmljYS4gQ3VhbnRvIG1heW9yIHNlYSBsYQpWZWxvY2lkYWQgZGVsIHVzdWFyaW8gZW4gY29tcGFyYWNpw7NuIGNvbiBsYSBkZWwKb2JqZXRpdm8sIG1heW9yIHNlcsOhIGVsIGRhw7FvIGNhdXNhZG8u
487	RW1wYXBhcg==	QWd1YQ==	ZXN0YWRv	-1	20	100	UG90ZW50ZSBsbHV2aWEgcXVlIHRyYW5zZm9ybWEgYWwgb2JqZXRpdm8gZW4gdW4KUG9rw6ltb24gZGUgdGlwbyBBZ3VhLg==
488	Tml0cm9jYXJnYQ==	RnVlZ28=	ZsOtc2ljbw==	50	20	100	TGxhbWFzIHF1ZSBnb2xwZWFuIGFsIG9iamV0aXZvIHkgYXVtZW50YW4gbGEKVmVsb2NpZGFkIGRlbCBhdGFjYW50ZS4=
489	RW5yb3NxdWU=	VmVuZW5v	ZXN0YWRv	-1	20	-1	RWwgdXN1YXJpbyBzZSBjb25jZW50cmEsIGxvIHF1ZSBsZSBwZXJtaXRlIGF1bWVudGFyCnN1IEF0YXF1ZSwgRGVmZW5zYSB5IFByZWNpc2nDs24u
490	UHVudGFwacOp	THVjaGE=	ZsOtc2ljbw==	65	20	100	QXRhcXVlIHLDoXBpZG8gZGlyaWdpZG8gYSBsb3MgcGllcyBkZWwgb2JqZXRpdm8gcXVlCmxlIGhhY2UgcGVyZGVyIFZlbG9jaWRhZC4=
491	Qm9tYmEgw4FjaWRh	VmVuZW5v	ZXNwZWNpYWw=	40	20	100	QXRhY2EgY29uIHVuIGzDrXF1aWRvIGNvcnJvc2l2bywgcmVkdWNpZW5kbyBtdWNobwpsYSBEZWZlbnNhIEVzcGVjaWFsIGRlbCBvYmpldGl2by4=
492	SnVlZ28gU3VjaW8=	U2luaWVzdHJv	ZsOtc2ljbw==	95	15	100	RWwgdXN1YXJpbyBlbXBsZWEgbGEgZnVlcnphIGRlbCBvYmpldGl2byBwYXJhCmF0YWNhcmxvLiBDdWFudG8gbWF5b3IgZXMgZWwgQXRhcXVlIGRlbCBvYmpldGl2bywKbcOhcyBkYcOxbyBwcm92b2NhLg==
493	T25kYSBTaW1wbGU=	Tm9ybWFs	ZXN0YWRv	-1	15	100	TGFuemEgdW5hIG9uZGEgcHPDrXF1aWNhIHF1ZSBoYWNlIHF1ZSBsYSBoYWJpbGlkYWQKZGVsIG9iamV0aXZvIHBhc2UgYSBzZXIgU2ltcGxlLg==
494	RGFuemEgQW1pZ2E=	Tm9ybWFs	ZXN0YWRv	-1	15	100	VW5hIGV4dHJhw7FhIGRhbnphIHF1ZSBoYWNlIHF1ZSBlbCB1c3VhcmlvIHkgZWwKb2JqZXRpdm8gdGVuZ2FuIGxhIG1pc21hIGhhYmlsaWRhZC4=
495	Q2VkZSBQYXNv	Tm9ybWFs	ZXN0YWRv	-1	15	-1	U2kgZWwgdXN1YXJpbyBlcyBlbCBtw6FzIHLDoXBpZG8sIHBlcm1pdGUgYWwgb2JqZXRpdm8KdXNhciB1biBtb3ZpbWllbnRvIGp1c3RvIHRyYXMgw6lsLCBhZGVsYW50w6FuZG9zZSBhClBva8OpbW9uIG3DoXMgcsOhcGlkb3Mu
496	Q2Fub24=	Tm9ybWFs	ZXNwZWNpYWw=	60	15	100	VW4gY2FudG8gcXVlIGF0YWNhIGFsIG9iamV0aXZvLiBDdWFudG9zIG3DoXMKUG9rw6ltb24gbG8gdXNhbiwgbcOhcyBhdW1lbnRhIGRlIHBvdGVuY2lhLg==
497	RWNvIFZveg==	Tm9ybWFs	ZXNwZWNpYWw=	40	15	100	VW4gc3VzdXJybyBxdWUgYXVtZW50YSBkZSBwb3RlbmNpYSBjb25mb3JtZSBlbAp1c3VhcmlvIHkgb3Ryb3MgUG9rw6ltb24gbG8gdmFuIHV0aWxpemFuZG8u
498	R3VhcmRpYSBCYWph	Tm9ybWFs	ZsOtc2ljbw==	70	20	100	VW4gYXRhcXVlIHF1ZSBidXNjYSBsb3MgcHVudG9zIGTDqWJpbGVzIGRlbApvYmpldGl2byB5IHB1ZWRlIGNhdXNhcmxlIGRhw7FvIGF1bnF1ZSBjYW1iaWVuCnN1cyBjYXJhY3RlcsOtc3RpY2FzLg==
499	TmllYmxhIENsYXJh	VmVuZW5v	ZXNwZWNpYWw=	50	15	-1	QXRhY2EgYWwgb2JqZXRpdm8gY29uIHVuYSBzaW5ndWxhciBib2xhIGRlIGxvZG8gcXVlCmVsaW1pbmEgY3VhbHF1aWVyIGNhbWJpbyBlbiBzdXMgY2FyYWN0ZXLDrXN0aWNhcy4=
500	UG9kZXIgUmVzZXJ2YQ==	UHPDrXF1aWNv	ZXNwZWNpYWw=	20	10	100	QWN1bXVsYSBwb2RlciBwYXJhIGdvbHBlYXIuIEN1YW50byBtw6FzIHN1YmFuCmxhcyBjYXJhY3RlcsOtc3RpY2FzIGRlbCB1c3VhcmlvLCBtYXlvciBzZXLDoSBlbCBkYcOxby4g
501	QW50aWNpcG8=	THVjaGE=	ZXN0YWRv	-1	15	-1	UHJvdGVnZSBhIHRvZG8gZWwgZXF1aXBvIGRlIGxvcyBtb3ZpbWllbnRvcyBxdWUKc2UgYWRlbGFudGFuIHkgYXRhY2FuIHByaW1lcm8u
502	Q2FtYmlvIGRlIEJhbmRh	UHPDrXF1aWNv	ZXN0YWRv	-1	15	-1	RXh0cmHDsW8gcG9kZXIgcXVlIGludGVyY2FtYmlhIGxhIHBvc2ljacOzbiBkZWwKdXN1YXJpbyBjb24gbGEgZGUgdW4gYWxpYWRvIHNvYnJlIGVsIHRlcnJlbm8gZGUKY29tYmF0ZS4=
503	RXNjYWxkYXI=	QWd1YQ==	ZXNwZWNpYWw=	80	15	100	QXRhY2EgYXJyb2phbmRvIGFndWEgaGlydmllbmRvIGFsIG9iamV0aXZvLgpQdWVkZSBjYXVzYXIgcXVlbWFkdXJhcy4=
504	Um9tcGVjb3JhemE=	Tm9ybWFs	ZXN0YWRv	-1	15	-1	RWwgdXN1YXJpbyByb21wZSBzdSBjb3JhemEgeSBiYWphIHN1IERlZmVuc2EgeQpEZWZlbnNhIEVzcGVjaWFsLCBwZXJvIGF1bWVudGEgbXVjaG8gc3UgQXRhcXVlLApBdGFxdWUgRXNwZWNpYWwgeSBWZWxvY2lkYWQu
505	UHVsc28gQ3VyYQ==	UHPDrXF1aWNv	ZXN0YWRv	-1	10	-1	VW5hIG9uZGEgY3VyYXRpdmEgcmVzdGF1cmEgbGEgbWl0YWQgZGUgbG9zIFBTCm3DoXhpbW9zIGRlbCBvYmpldGl2by4=
506	SW5mb3J0dW5pbw==	RmFudGFzbWE=	ZXNwZWNpYWw=	65	10	100	QXRhcXVlIHF1ZSBjYXVzYSB1biBncmFuIGRhw7FvIGEgbG9zIG9iamV0aXZvcyBxdWUKc3VmcmVuIHByb2JsZW1hcyBkZSBlc3RhZG8u
507	Q2HDrWRhIExpYnJl	Vm9sYWRvcg==	ZsOtc2ljbw==	60	10	100	UHJpbWVyIHR1cm5vOiBsYW56YSBhbCBvYmpldGl2byBhbCBhaXJlLiBTZWd1bmRvCnR1cm5vOiBsbyBoYWNlIGNhZXIuIE1pZW50cmFzIGVzdMOhIGVuIGVsIGFpcmUsIG5vIGxvCmRlamEgbW92ZXJzZS4=
508	Q2FtYmlvIGRlIE1hcmNoYQ==	QWNlcm8=	ZXN0YWRv	-1	10	-1	QWwgaGFjZXIgZ2lyYXIgbG9zIGVuZ3JhbmFqZXMsIGVsIHVzdWFyaW8gbWVqb3JhIHN1CkF0YXF1ZSB5IGF1bWVudGEgc3UgVmVsb2NpZGFkIGVzcGVjdGFjdWxhcm1lbnRlLiA=
509	TGxhdmUgR2lybw==	THVjaGE=	ZsOtc2ljbw==	60	10	90	TGFuemEgcG9yIGxvcyBhaXJlcyBhbCBvYmpldGl2byB5IGhhY2UgcXVlIHNhbGdhIG90cm8KUG9rw6ltb24uIFNpIGVzIHVubyBzYWx2YWplLCBhY2FiYSBlbCBjb21iYXRlLg==
510	Q2FsY2luYWNpw7Nu	RnVlZ28=	ZXNwZWNpYWw=	60	15	100	TGxhbWFzIHF1ZSBnb2xwZWFuIGEgbG9zIG9iamV0aXZvcyBhZHlhY2VudGVzLgpTaSBlc3RvcyBsbGV2YW4gYmF5YXMgdSBvdHJvcyBvYmpldG9zLCBlc3RvcyBzZQpxdWVtYXLDoW4geSB5YSBubyBzZSBwb2Ryw6FuIHVzYXIu
511	w5psdGltbyBMdWdhcg==	U2luaWVzdHJv	ZXN0YWRv	-1	15	100	Q29uc2lndWUgcXVlIGVsIG9iamV0aXZvIHNlYSBlbCDDumx0aW1vIGVuIG1vdmVyc2Uu
512	QWNyw7NiYXRh	Vm9sYWRvcg==	ZsOtc2ljbw==	55	15	100	R29scGVhIMOhZ2lsbWVudGUuIFNpIGVsIHVzdWFyaW8gbm8gcG9ydGEgbmluZ8O6bgpvYmpldG8sIGVsIG9iamV0aXZvIHJlc3VsdGEgc2VyaWFtZW50ZSBkYcOxYWRvLg==
513	Q2xvbmF0aXBv	Tm9ybWFs	ZXN0YWRv	-1	15	-1	Q2FtYmlhIGVsIHRpcG8gZGVsIFBva8OpbW9uIGFsIG1pc21vIHRpcG8gcXVlIGVsCmRlbCBvYmpldGl2by4=
514	UmVwcmVzYWxpYQ==	Tm9ybWFs	ZsOtc2ljbw==	70	5	100	VmVuZ2EgYSBsb3MgYW1pZ29zIGRlcnJvdGFkb3MuIFNpIGVuIGVsIHR1cm5vCmFudGVyaW9yIGhhbiBkZXJyb3RhZG8gYSB1bm8sIGxhIHBvdGVuY2lhIGRlbAphdGFxdWUgYXVtZW50YXLDoS4=
515	U2FjcmlmaWNpbw==	THVjaGE=	ZXNwZWNpYWw=	-1	5	100	RWwgdXN1YXJpbyBzZSBzYWNyaWZpY2EgY2F1c8OhbmRvbGUgdW4gZGHDsW8gYWwKb2JqZXRpdm8gZXF1aXZhbGVudGUgYSBzdXMgcHJvcGlvcyBQUyBwZXJkaWRvcy4=
516	T2ZyZW5kYQ==	Tm9ybWFs	ZXN0YWRv	-1	15	-1	RW50cmVnYSBlbCBvYmpldG8gcXVlIGxsZXZhIGFsIG9iamV0aXZvIGVuIGNhc28gZGUKcXVlIGVzdGUgbm8gdGVuZ2EgbmluZ3Vuby4=
517	SW5maWVybm8=	RnVlZ28=	ZXNwZWNpYWw=	100	5	50	QXRhY2EgY29uIHVuYSBncmFuIHLDoWZhZ2EgZGUgZnVlZ28gcXVlIGNhdXNhCnF1ZW1hZHVyYXMu
518	Vm90byBBZ3Vh	QWd1YQ==	ZXNwZWNpYWw=	80	10	100	QXRhY2EgY29uIGNvbHVtbmFzIGRlIGFndWEuIENvbWJpbmFkbyBjb24KVm90byBGdWVnbywgY3JlYSB1biBhcmNvw61yaXMgeSBhdW1lbnRhIHN1CnBvdGVuY2lhLg==
519	Vm90byBGdWVnbw==	RnVlZ28=	ZXNwZWNpYWw=	80	10	100	QXRhY2EgY29uIGNvbHVtbmFzIGRlIGZ1ZWdvLiBDb21iaW5hZG8gY29uClZvdG8gUGxhbnRhLCBjcmVhIHVuIG1hciBkZSBsbGFtYXMgeSBhdW1lbnRhIHN1CnBvdGVuY2lhLg==
520	Vm90byBQbGFudGE=	UGxhbnRh	ZXNwZWNpYWw=	80	10	100	QXRhY2EgY29uIGNvbHVtbmFzIGRlIGhvamFzLiBDb21iaW5hZG8gY29uClZvdG8gQWd1YSwgY3JlYSB1biBwYW50YW5vIHkgYXVtZW50YSBzdQpwb3RlbmNpYS4=
521	Vm9sdGlvY2FtYmlv	RWzDqWN0cmljbw==	ZXNwZWNpYWw=	70	20	100	VHJhcyBhdGFjYXIsIHZ1ZWx2ZSBhIHRvZGEgcHJpc2EgcGFyYSBkYXIgcGFzbyBhIG90cm8KUG9rw6ltb24gZGVsIGVxdWlwby4=
522	RXN0b2ljaXNtbw==	QmljaG8=	ZXNwZWNpYWw=	50	20	100	RWwgdXN1YXJpbyBvcG9uZSByZXNpc3RlbmNpYSB5IGF0YWNhIGEgbG9zIG9wb25lbnRlcy4KVGFtYmnDqW4gcmVkdWNlIHN1IEF0YXF1ZSBFc3BlY2lhbC4=
523	VGVycmF0ZW1ibG9y	VGllcnJh	ZsOtc2ljbw==	60	20	100	U2FjdWRpZGEgc8Otc21pY2EgcXVlIGFmZWN0YSBhIGxvcyBkZW3DoXMgUG9rw6ltb24KYWR5YWNlbnRlcyB5IHRhbWJpw6luIHJlZHVjZSBzdSBWZWxvY2lkYWQu
524	VmFobyBHw6lsaWRv	SGllbG8=	ZXNwZWNpYWw=	60	10	90	UXVpZW4gbG8gdXNhIGF0YWNhIGxhbnphbmRvIHVuIGFsaWVudG8gZ8OpbGlkby4KU2llbXByZSBhc2VzdGEgdW4gZ29scGUgY3LDrXRpY28u
525	Q29sYSBEcmFnw7Nu	RHJhZ8Ozbg==	ZsOtc2ljbw==	60	10	90	QXRhY2EgYWwgb2JqZXRpdm8geSBsbyBvYmxpZ2EgYSBjYW1iaWFyc2UgcG9yIG90cm8KUG9rw6ltb24uIFNpIGVzIHVubyBzYWx2YWplLCBhY2FiYSBlbCBjb21iYXRlLg==
526	QXZpdmFy	Tm9ybWFs	ZXN0YWRv	-1	30	-1	UXVpZW4gbG8gdXNhIHNlIGNvbmNlbnRyYSB5IHBvdGVuY2lhIHN1IEF0YXF1ZSB5CnN1IEF0YXF1ZSBFc3BlY2lhbC4=
527	RWxlY3Ryb3RlbGE=	RWzDqWN0cmljbw==	ZXNwZWNpYWw=	55	15	95	QXRyYXBhIHkgYXRhY2EgYSBsb3Mgb2JqZXRpdm9zIGNvbiB1bmEgdGVsYXJhw7FhCmVsw6ljdHJpY2EuIFRhbWJpw6luIHJlZHVjZSBzdSBWZWxvY2lkYWQu
528	Vm9sdGlvIENydWVs	RWzDqWN0cmljbw==	ZsOtc2ljbw==	90	15	100	Q2FyZ2EgZWzDqWN0cmljYSBtdXkgcG90ZW50ZSBxdWUgdGFtYmnDqW4gaGllcmUKbGlnZXJhbWVudGUgYSBxdWllbiBsYSB1c2Eu
529	VGFsYWRyYWRvcmE=	VGllcnJh	ZsOtc2ljbw==	80	10	95	RWwgdXN1YXJpbyBnb2xwZWEgdXNhbmRvIHN1IGN1ZXJwbyBjb21vIHVuIHRhbGFkcm8uClN1ZWxlIHNlciBjcsOtdGljby4=
530	R29scGUgQmlz	RHJhZ8Ozbg==	ZsOtc2ljbw==	40	15	90	R29scGVhIGRvcyB2ZWNlcyBzZWd1aWRhcyBjb24gbGFzIHBhcnRlcyBtw6FzCnJlY2lhcyBkZSBzdSBjdWVycG8u
531	QXJydW1hY28=	UHPDrXF1aWNv	ZsOtc2ljbw==	60	25	100	RWwgdXN1YXJpbyBkZXNwaXN0YSBhbCBvYmpldGl2byBjb24gZ2VzdG9zIGFkb3JhYmxlcwp5IGFwcm92ZWNoYSBsYSBvY2FzacOzbiBwYXJhIGFzZXN0YXJsZSB1biBnb2xwZQp0cmVtZW5kbyBxdWUgcHVlZGUgaGFjZXJsbyByZXRyb2NlZGVyLg==
532	QXN0YSBEcmVuYWpl	UGxhbnRh	ZsOtc2ljbw==	75	10	100	VW4gZ29scGUgcXVlIGRyZW5hIGVuZXJnw61hLiBFbCBQb2vDqW1vbiByZWN1cGVyYQpsYSBtaXRhZCBkZSBsb3MgUFMgYXJyZWJhdGFkb3MgYWwgb2JqZXRpdm8u
533	RXNwYWRhIFNhbnRh	THVjaGE=	ZsOtc2ljbw==	90	15	100	RWwgdXN1YXJpbyBhdGFjYSBjb24gdW5hIGVzcGFkYSwgaWdub3JhbmRvIGN1YWxxdWllcgpjYW1iaW8gZW4gbGFzIGNhcmFjdGVyw61zdGljYXMgZGVsIG9iamV0aXZvLg==
534	Q29uY2hhIEZpbG8=	QWd1YQ==	ZsOtc2ljbw==	75	10	95	VW5hIGFmaWxhZGEgdmllaXJhIGF0YWNhIGFsIG9iamV0aXZvLiBUYW1iacOpbiBwdWVkZQpoYWNlciBkaXNtaW51aXIgc3UgRGVmZW5zYS4=
535	R29scGUgQ2Fsb3I=	RnVlZ28=	ZsOtc2ljbw==	-1	10	100	RWwgdXN1YXJpbyBhdGFjYSBjb24gc3UgY3VlcnBvIGFyZGllbnRlLiBDdWFudG8KbWF5b3Igc2VhIHN1IHBlc28gY29tcGFyYWRvIGNvbiBlbCBkZWwgb2JqZXRpdm8sCm3DoXMgZGHDsW8gY2F1c2Fyw6Eu
536	Q2ljbMOzbiBkZSBIb2phcw==	UGxhbnRh	ZXNwZWNpYWw=	65	10	90	VHJpdHVyYSBjb24gYWZpbGFkYXMgaG9qYXMgeSBwdWVkZSBiYWphciBsYSBQcmVjaXNpw7NuCmRlbCBvYmpldGl2by4=
537	Um9kaWxsbyBkZSBQw7phcw==	QmljaG8=	ZsOtc2ljbw==	65	20	100	RWwgdXN1YXJpbyBzZSBoYWNlIHVuYSBib2xhIHkgYXJyb2xsYSBhbCBvYmpldGl2byBjb24Kc3UgY3VlcnBvLiBQdWVkZSBoYWNlcmxvIHJldHJvY2VkZXIu
538	Uml6byBBbGdvZMOzbg==	UGxhbnRh	ZXN0YWRv	-1	10	-1	Q3VicmUgYWwgUG9rw6ltb24gY29uIHVuYSBtYWRlamEgcHJvdGVjdG9yYS4KQXVtZW50YSBtdWNow61zaW1vIGxhIERlZmVuc2Eu
539	UHVsc28gTm9jaGU=	U2luaWVzdHJv	ZXNwZWNpYWw=	85	10	95	QXRhY2EgYWwgb2JqZXRpdm8gY29uIHVuYSBvbmRhIHNpbmllc3RyYS4KUHVlZGUgYmFqYXIgc3UgUHJlY2lzacOzbi4=
540	T25kYSBNZW50YWw=	UHPDrXF1aWNv	ZXNwZWNpYWw=	100	10	100	Q3JlYSB1bmEgb25kYSBwc8OtcXVpY2EgcXVlIGNhdXNhIGRhw7FvIGbDrXNpY28gYWwKb2JqZXRpdm8u
541	UGx1bWVyYXpv	Tm9ybWFs	ZsOtc2ljbw==	25	10	85	R29scGVhIGNvbiBsYSBjb2xhIGRlIGRvcyBhIGNpbmNvIHZlY2VzIHNlZ3VpZGFzLg==
542	VmVuZGF2YWw=	Vm9sYWRvcg==	ZXNwZWNpYWw=	110	10	70	R29scGVhIGFsIG9iamV0aXZvIGNvbiB1biBmdWVydGUgdG9yYmVsbGlubyBxdWUKZW52dWVsdmUgYWwgcml2YWwgeSBwdWVkZSBjb25mdW5kaXJsby4=
543	QXJpZXRl	Tm9ybWFs	ZsOtc2ljbw==	120	15	100	UHJvcGluYSB1biB0cmVtZW5kbyBjYWJlemF6by4gVGFtYmnDqW4gZGHDsWEgYWwKdXN1YXJpbyB1biBwb2NvLg==
544	UnVlZGEgRG9ibGU=	QWNlcm8=	ZsOtc2ljbw==	50	15	85	Um90YSBkb3MgZW5ncmFuYWplcyBkZSBoaWVycm8gc29icmUgZWwgb2JqZXRpdm8uCkdvbHBlYSBkb3MgdmVjZXMu
545	Qm9tYmEgw41nbmVh	RnVlZ28=	ZXNwZWNpYWw=	100	5	100	VW4gaW5maWVybm8gZGUgbGxhbWFzIGRhw7FhIGEgbG9zIFBva8OpbW9uCmFkeWFjZW50ZXMgZW4gY29tYmF0ZS4gUHVlZGUgcXVlbWFyLg==
546	VGVjbm8gU2hvY2s=	Tm9ybWFs	ZXNwZWNpYWw=	120	5	100	QXRhY2EgYWwgb2JqZXRpdm8gY29uIHVuIGdyYW4gbMOhc2VyLiBFbCB0aXBvIGRlbAphdGFxdWUgbG8gZGV0ZXJtaW5hIGVsIGNhcnR1Y2hvIHF1ZSBwb3J0YSBlbCB1c3VhcmlvLg==
547	Q2FudG8gQXJjYWljbw==	Tm9ybWFs	ZXNwZWNpYWw=	75	10	100	QXRhY2EgY29ubW92aWVuZG8gYSBsb3Mgcml2YWxlcyBkZSBhbHJlZGVkb3IgY29uCnVuIGFudGlndW8gY2FudG8uIFB1ZWRlIGRvcm1pcmxvcy4=
548	U2FibGUgTcOtc3RpY28=	THVjaGE=	ZXNwZWNpYWw=	85	10	100	RW5zYXJ0YSBhbCBvYmpldGl2byBjb24gdW4gbGFyZ28gY3Vlcm5vIGRvdGFkbyBkZSB1bgpwb2RlciBtw61zdGljbyBxdWUgcHJvdm9jYSBkYcOxbyBmw61zaWNvLg==
549	TXVuZG8gR8OpbGlkbw==	SGllbG8=	ZXNwZWNpYWw=	65	10	95	QXRhcXVlIGNvbiBhaXJlIGhlbGFkbyBxdWUgYmFqYSBsYSBWZWxvY2lkYWQgZGVsCm9iamV0aXZvLg==
550	QXRhcXVlIEZ1bGdvcg==	RWzDqWN0cmljbw==	ZsOtc2ljbw==	130	5	85	QXRhY2EgZW52b2x2acOpbmRvc2UgZGUgdW5hIGdyYW4gY2FyZ2EgZWzDqWN0cmljYSB5CmVtYmlzdGllbmRvIGFsIG9iamV0aXZvIGNvbiBlbGxhLiBQdWVkZSBwYXJhbGl6YXIu
551	TGxhbWEgQXp1bA==	RnVlZ28=	ZXNwZWNpYWw=	130	5	85	QXRhY2EgY29uIHVuYSBiZWxsYSBwZXJvIHBvdGVudGUgbGxhbWEgYXp1bCBxdWUKcm9kZWEgYWwgb2JqZXRpdm8uIFB1ZWRlIHF1ZW1hcmxvLg==
552	RGFuemEgTGxhbWE=	RnVlZ28=	ZXNwZWNpYWw=	80	10	100	RW52dWVsdmUgZW4gbGxhbWFzIHkgZGHDsWEgYWwgb2JqZXRpdm8uIFB1ZWRlCmF1bWVudGFyIGVsIEF0YXF1ZSBFc3BlY2lhbCBkZSBxdWllbiBsbyB1c2Eu
553	UmF5byBHw6lsaWRv	SGllbG8=	ZsOtc2ljbw==	140	5	90	RWwgdXN1YXJpbyBjYXJnYSB1biBibG9xdWUgZGUgaGllbG8gY29uIGVsZWN0cmljaWRhZAplbiBlbCBwcmltZXIgdHVybm8geSBhdGFjYSBjb24gw6lsIGVuIGVsIHNlZ3VuZG8uClB1ZWRlIHBhcmFsaXphci4=
554	TGxhbWEgR8OpbGlkYQ==	SGllbG8=	ZXNwZWNpYWw=	140	5	90	QXRhY2EgYWwgb2JqZXRpdm8gZW4gZWwgc2VndW5kbyB0dXJubyByb2Rlw6FuZG9sbwpkZSB1biBhaXJlIGfDqWxpZG8uIFB1ZWRlIGNhdXNhciBxdWVtYWR1cmFzLg==
555	QWxhcmlkbw==	U2luaWVzdHJv	ZXNwZWNpYWw=	55	15	95	QXRhY2EgY29uIHVuIGNoaWxsaWRvIGRlc2FncmFkYWJsZSBxdWUgYmFqYSBlbApBdGFxdWUgRXNwZWNpYWwgZGVsIHJpdmFsLg==
556	Q2h1em9z	SGllbG8=	ZsOtc2ljbw==	85	10	90	TGFuemEgZ3JhbmRlcyBjYXLDoW1iYW5vcy4gUHVlZGUgaGFjZXIgcmV0cm9jZWRlcgphbCBvYmpldGl2by4=
557	ViBkZSBGdWVnbw==	RnVlZ28=	ZsOtc2ljbw==	180	5	95	R29scGVhIGNvbiB1bmEgViBkZSBsbGFtYXMgYWwgb2JqZXRpdm8uIEJhamEgbGEKRGVmZW5zYSwgbGEgRGVmZW5zYSBFc3BlY2lhbCB5IGxhIFZlbG9jaWRhZCBkZQpxdWllbiBsbyB1c2Eu
558	TGxhbWEgRnVzacOzbg==	RnVlZ28=	ZXNwZWNpYWw=	100	5	100	QXRhY2EgY29uIHVuYSBsbGFtYXJhZGEgZ2lnYW50ZXNjYS4gQXVtZW50YSBzdQpwb3RlbmNpYSBzaSBlcyBpbmZsdWVuY2lhZGEgcG9yIHVuYSBncmFuIGVuZXJnw61hCmVsw6ljdHJpY2Eu
559	UmF5byBGdXNpw7Nu	RWzDqWN0cmljbw==	ZsOtc2ljbw==	100	5	100	QXRhY2EgY29uIHVuYSBlbm9ybWUgZGVzY2FyZ2EgZWzDqWN0cmljYS4gQXVtZW50YQpzdSBwb3RlbmNpYSBzaSBlcyBpbmZsdWVuY2lhZGEgcG9yIHVuYSBnaWdhbnRlc2NhCmxsYW1hcmFkYS4=
560	UGxhbmNoYSBWb2xhZG9yYQ==	THVjaGE=	ZsOtc2ljbw==	100	10	95	RWwgUG9rw6ltb24gcXVlIGxvIHVzYSBzZSBsYW56YSBzb2JyZSBzdSBvcG9uZW50ZS4KRXN0ZSBtb3ZpbWllbnRvIGVzIGRlIHRpcG8gTHVjaGEgeSB0aXBvIFZvbGFkb3IgYWwKbWlzbW8gdGllbXBvLg==
561	RXNjdWRvIFRhdGFtaQ==	THVjaGE=	ZXN0YWRv	-1	10	-1	RWwgdXN1YXJpbyB1c2EgdW4gdGF0YW1pIHBhcmEgZXNjdWRhcnNlIGRlIGxvcwptb3ZpbWllbnRvcyBlbmVtaWdvcy4gUHJvdGVnZSB0YW1iacOpbiBhIGxvcwphbGlhZG9zLiBObyBmdW5jaW9uYSBjb250cmEgYXRhcXVlcyBkZSBlc3RhZG8uIA==
562	RXJ1Y3Rv	VmVuZW5v	ZXNwZWNpYWw=	120	10	90	RWwgUG9rw6ltb24gY2F1c2EgZGHDsW8gYSBzdSBvcG9uZW50ZSBsYW56w6FuZG9sZQp1biBlcnVjdG8uIFBhcmEgcG9kZXIgdXRpbGl6YXIgZXN0ZSBtb3ZpbWllbnRvIHRpZW5lCnF1ZSBsbGV2YXIgdW5hIGJheWEgeSBjb23DqXJzZWxhLg==
563	RmVydGlsaXphbnRl	VGllcnJh	ZXN0YWRv	-1	10	-1	TGFicmEgbGEgdGllcnJhIGhhY2llbmRvIHF1ZSBzZWEgbcOhcyBmw6FjaWwgY3VsdGl2YXJsYQp5IGNvbnNpZ3VlIHF1ZSBhdW1lbnRlIGVsIEF0YXF1ZSB5IGVsCkF0YXF1ZSBFc3BlY2lhbCBkZSBsb3MgUG9rw6ltb24gZGUgdGlwbyBQbGFudGEu
564	UmVkIFZpc2Nvc2E=	QmljaG8=	ZXN0YWRv	-1	20	-1	Q29sb2NhIHVuYSByZWQgcGVnYWpvc2EgYWxyZWRlZG9yIGRlbCBlcXVpcG8gcml2YWwsCmhhY2llbmRvIHF1ZSBiYWplIGxhIFZlbG9jaWRhZCBkZSBjdWFscXVpZXIKUG9rw6ltb24gYWR2ZXJzYXJpbyBxdWUgZW50cmUgYWwgY29tYmF0ZS4=
565	QWd1aWrDs24gTGV0YWw=	QmljaG8=	ZsOtc2ljbw==	50	25	100	U2kgc2UgZGVycm90YSBhbCBvYmpldGl2byB1dGlsaXphbmRvIGVzdGUgbW92aW1pZW50bywKYXVtZW50YSBtdWNow61zaW1vIGVsIEF0YXF1ZSBkZWwgdXN1YXJpby4=
566	R29scGUgRmFudGFzbWE=	RmFudGFzbWE=	ZsOtc2ljbw==	90	10	100	RWwgdXN1YXJpbyBkZXNhcGFyZWNlIGVuIGVsIHByaW1lciB0dXJubyB5IGF0YWNhIGEKc3Ugb2JqZXRpdm8gZW4gZWwgc2VndW5kby4gUGVybWl0ZSBhY2VydGFyIGF1bnF1ZQplbCBvYmpldGl2byBlc3TDqSBwcm90ZWdpw6luZG9zZS4=
567	SGFsbG93ZWVu	RmFudGFzbWE=	ZXN0YWRv	-1	20	100	SW52aXRhIGFsIG9iamV0aXZvIGEgY2VsZWJyYXIgSGFsbG93ZWVuLCBoYWNpZW5kbwpxdWUgcGFzZSBhIHNlciB0YW1iacOpbiBkZSB0aXBvIEZhbnRhc21hIGFkZW3DoXMKZGUgY29uc2VydmFyIHN1cyBwcm9waW9zIHRpcG9zLg==
568	UnVnaWRvIGRlIEd1ZXJyYQ==	Tm9ybWFs	ZXN0YWRv	-1	30	100	SW50aW1pZGEgYSBzdSBvcG9uZW50ZSBjb24gdW4gcnVnaWRvIGRlIGd1ZXJyYSwKaGFjaWVuZG8gcXVlIGRpc21pbnV5YW4gdGFudG8gc3UgQXRhcXVlIGNvbW8Kc3UgQXRhcXVlIEVzcGVjaWFsLg==
569	Q29ydGluYSBQbGFzbWE=	RWzDqWN0cmljbw==	ZXN0YWRv	-1	25	-1	RWwgUG9rw6ltb24gZGlzZW1pbmEgcGFydMOtY3VsYXMgY29uIGNhcmdhIGVsw6ljdHJpY2EKcXVlIGNvbnZpZXJ0ZW4gbG9zIG1vdmltaWVudG9zIGRlIHRpcG8gTm9ybWFsIGVuCnRpcG8gRWzDqWN0cmljby4=
570	Q2FyZ2EgUGFyw6Fib2xh	RWzDqWN0cmljbw==	ZXNwZWNpYWw=	65	20	100	SW5mbGlnZSBkYcOxbyBhIHRvZG9zIGxvcyBQb2vDqW1vbiBhIHN1IGFscmVkZWRvci4KRWwgdXN1YXJpbyBhYnNvcmJlIGxhIG1pdGFkIGRlbCBkYcOxbyBwcm9kdWNpZG8KcGFyYSByZXN0YXVyYXIgc3VzIHByb3Bpb3MgUFMu
571	Q29uZGVuYSBTaWx2YW5h	UGxhbnRh	ZXN0YWRv	-1	20	100	RWwgb2JqZXRpdm8gZXMgcHJlc2EgZGUgbGEgbWFsZGljacOzbiBkZWwgYm9zcXVlLApwb3IgbG8gcXVlIHBhc2EgYSBzZXIgdW4gUG9rw6ltb24gZGUgdGlwbyBQbGFudGEsCmFkZW3DoXMgZGUgY29uc2VydmFyIHN1cyB0aXBvcyBoYWJpdHVhbGVzLg==
572	VG9ybWVudGEgRmxvcmFs	UGxhbnRh	ZsOtc2ljbw==	90	15	100	RWwgdXN1YXJpbyBkZXNhdGEgdW4gaW50ZW5zbyB2ZW5kYXZhbCBkZSBww6l0YWxvcwpxdWUgZGHDsWEgYSBsb3MgUG9rw6ltb24gYSBzdSBhbHJlZGVkb3Iu
573	TGlvZmlsaXphY2nDs24=	SGllbG8=	ZXNwZWNpYWw=	70	20	100	RW5mcsOtYSBzw7piaXRhbWVudGUgYWwgb2JqZXRpdm8gZSBpbmNsdXNvIHB1ZWRlCmNvbmdlbGFybG8uIEVzIHN1cGVyZWZpY2F6IGNvbnRyYSBQb2vDqW1vbiBkZQp0aXBvIEFndWEu
574	Vm96IENhdXRpdmFkb3Jh	SGFkYQ==	ZXNwZWNpYWw=	40	15	-1	T2JudWJpbGEgYSBsb3Mgb3BvbmVudGVzIGNvbiBzdSBmYXNjaW5hbnRlIHZveiB5CmxlcyBwcm92b2NhIGRhw7FvcyBlbW9jaW9uYWxlcy4gU2llbXByZSBhY2llcnRhCmFsIG9iamV0aXZvLg==
575	w5psdGltYSBQYWxhYnJh	U2luaWVzdHJv	ZXN0YWRv	-1	20	100	RWwgdXN1YXJpbyBzZSBjYW1iaWEgcG9yIG90cm8gUG9rw6ltb24gZGUgc3UgZXF1aXBvLApwZXJvIGFudGVzIGFtZWRyZW50YSBhIHN1IG9wb25lbnRlIHkgaGFjZSBxdWUKZGlzbWludXlhbiBzdSBBdGFxdWUgeSBBdGFxdWUgRXNwZWNpYWwu
576	UmV2ZXJzacOzbg==	U2luaWVzdHJv	ZXN0YWRv	-1	20	-1	SW52aWVydGUgcG9yIGNvbXBsZXRvIGxvcyBjYW1iaW9zIGVuIGxhcwpjYXJhY3RlcsOtc3RpY2FzIGRlbCBvYmpldGl2by4=
577	QmVzbyBEcmVuYWpl	SGFkYQ==	ZXNwZWNpYWw=	50	10	100	QWJzb3JiZSBQUyBkZWwgb2JqZXRpdm8gY29uIHVuIGJlc28geSByZXN0YXVyYSBzdQpwcm9waWEgZW5lcmfDrWEgZW4gdW5hIGNhbnRpZGFkIGlndWFsIG8gc3VwZXJpb3IgYQpsYSBtaXRhZCBkZWwgZGHDsW8gaW5mbGlnaWRvLg==
578	VHJ1Y28gRGVmZW5zYQ==	SGFkYQ==	ZXN0YWRv	-1	10	-1	VXNhIHVub3MgbWlzdGVyaW9zb3MgcG9kZXJlcyBwYXJhIHByb3RlZ2Vyc2UgYSBzw60KbWlzbW8geSBhIHN1cyBhbGlhZG9zIGRlIGF0YXF1ZXMgZGUgZXN0YWRvLCBwZXJvCm5vIGRlIG90cm8gdGlwbyBkZSBhdGFxdWVzLg==
579	RGVmZW5zYSBGbG9yYWw=	SGFkYQ==	ZXN0YWRv	-1	10	-1	QXVtZW50YSBsYSBEZWZlbnNhIGRlIHRvZG9zIGxvcyBQb2vDqW1vbiBkZSB0aXBvClBsYW50YSBxdWUgaGF5IGVuIGVsIGNvbWJhdGUgdXNhbmRvIHVub3MKbWlzdGVyaW9zb3MgcG9kZXJlcy4=
580	Q2FtcG8gZGUgSGllcmJh	UGxhbnRh	ZXN0YWRv	-1	10	-1	RHVyYW50ZSBjaW5jbyB0dXJub3MsIHNlIHBvdGVuY2lhbiBsb3MgbW92aW1pZW50b3MKZGUgdGlwbyBQbGFudGEgeSBsb3MgUG9rw6ltb24gcXVlIGVzdMOhbiBlbiBjb250YWN0bwpjb24gZWwgc3VlbG8gcmVjdXBlcmFuIFBTIGVuIGNhZGEgdHVybm8u
581	Q2FtcG8gZGUgTmllYmxh	SGFkYQ==	ZXN0YWRv	-1	10	-1	RHVyYW50ZSBjaW5jbyB0dXJub3MsIGxvcyBQb2vDqW1vbiBxdWUgZXN0w6FuIGVuIGVsCnN1ZWxvIG5vIHN1ZnJlbiBjYW1iaW9zIGRlIGVzdGFkbyB5IHNlIHJlZHVjZSBhIGxhCm1pdGFkIGVsIGRhw7FvIGRlIGxvcyBtb3ZpbWllbnRvcyBkZSB0aXBvIERyYWfDs24u
582	RWxlY3RyaWZpY2FjacOzbg==	RWzDqWN0cmljbw==	ZXN0YWRv	-1	20	-1	U2kgZWwgb2JqZXRpdm8gcXVlZGEgZWxlY3RyaWZpY2FkbyBhbnRlcyBkZSB1c2FyIHVuCm1vdmltaWVudG8sIGVzdGUgc2Vyw6EgZGUgdGlwbyBFbMOpY3RyaWNvLg==
583	Q2FyYW50b8OxYQ==	SGFkYQ==	ZsOtc2ljbw==	90	10	90	RWwgUG9rw6ltb24gcXVlIGxvIHVzYSBsZSBoYWNlIGN1Y2Ftb25hcyBhbApvYmpldGl2byB5IGxvIGF0YWNhLiBQdWVkZSBkaXNtaW51aXIgZWwgQXRhcXVlCmRlbCBvYmpldGl2by4=
584	VmllbnRvIEZlw6lyaWNv	SGFkYQ==	ZXNwZWNpYWw=	40	30	100	RWwgUG9rw6ltb24gcXVlIGxvIHVzYSBkZXNhdGEgdW4gdmVuZGF2YWwgZmXDqXJpY28KcXVlIGFycmVtZXRlIGNvbnRyYSBlbCBvYmpldGl2by4=
585	RnVlcnphIEx1bmFy	SGFkYQ==	ZXNwZWNpYWw=	95	15	100	SW52b2NhIGVsIHBvZGVyIGRlIGxhIGx1bmEgcGFyYSBhdGFjYXIgYWwgb2JqZXRpdm8uClB1ZWRlIGRpc21pbnVpciBlbCBBdGFxdWUgRXNwZWNpYWwgZGVsIG9iamV0aXZvLg==
586	RXN0cnVlbmRv	Tm9ybWFs	ZXNwZWNpYWw=	140	10	100	QXRhY2EgYSB0b2RvcyBsb3MgUG9rw6ltb24gYSBzdSBhbHJlZGVkb3IgY29uIHVuYQpwb3RlbnTDrXNpbWEgb25kYSBzb25vcmEu
587	Q2Vycm9qbyBGZcOpcmljbw==	SGFkYQ==	ZXN0YWRv	-1	10	-1	Q29uc2lndWUgcXVlIG5pbmfDum4gUG9rw6ltb24gcHVlZGEgaHVpciBlbiBlbApzaWd1aWVudGUgdHVybm8gZWNoYW5kbyB1biBjZXJyb2pvLg==
588	RXNjdWRvIFJlYWw=	QWNlcm8=	ZXN0YWRv	-1	10	-1	RWwgdXN1YXJpbyBhZG9wdGEgdW5hIHBvc3R1cmEgZGVmZW5zaXZhIHkgc2UKcHJvdGVnZSBkZSBjdWFscXVpZXIgZGHDsW8uIFJlZHVjZSBtdWNobyBlbCBBdGFxdWUKZGUgY3VhbHF1aWVyIFBva8OpbW9uIGNvbiBlbCBxdWUgZW50cmUgZW4gY29udGFjdG8u
589	Q2FtYXJhZGVyw61h	Tm9ybWFs	ZXN0YWRv	-1	20	-1	U2UgaGFjZSBhbWlnbyBkZSBzdSBvcG9uZW50ZSB5IGNvbnNpZ3VlIHF1ZSBhCmVzdGUgc2UgbGUgcXVpdGVuIGxhcyBnYW5hcyBkZSBjb21iYXRpci4gQWRlbcOhcywKcmVkdWNlIHN1IEF0YXF1ZS4=
590	Q29uZmlkZW5jaWE=	Tm9ybWFs	ZXN0YWRv	-1	20	-1	SGFjZSBxdWUgZWwgb2JqZXRpdm8gcGllcmRhIGxhIGNvbmNlbnRyYWNpw7NuCmNvbnTDoW5kb2xlIHVuIHNlY3JldG8uIERpc21pbnV5ZSBlbCBBdGFxdWUKRXNwZWNpYWwgZGVsIG9wb25lbnRlLg==
591	VG9ybWVudGEgZGUgRGlhbWFudGVz	Um9jYQ==	ZsOtc2ljbw==	100	5	95	RGVzYXRhIHVuIGRldmFzdGFkb3IgdmVuZGF2YWwgZGUgZGlhbWFudGVzIHBhcmEKZGHDsWFyIGEgbG9zIG9wb25lbnRlcy4gUHVlZGUgYXVtZW50YXIgbXVjaG8gbGEKRGVmZW5zYSBkZWwgdXN1YXJpby4=
592	Q2hvcnJvIGRlIFZhcG9y	QWd1YQ==	ZXNwZWNpYWw=	110	5	95	RW52dWVsdmUgYWwgUG9rw6ltb24gb3BvbmVudGUgY29uIHZhcG9yCmV4dHJlbWFkYW1lbnRlIGNhbGllbnRlIHF1ZSBwdWVkZSBsbGVnYXIgYQpxdWVtYXJsby4=
593	UGFzbyBEaW1lbnNpb25hbA==	UHPDrXF1aWNv	ZXNwZWNpYWw=	80	5	-1	RWwgdXN1YXJpbyBhcGFyZWNlIGp1bnRvIGFsIHJpdmFsIHVzYW5kbyB1biBhZ3VqZXJvCmRpbWVuc2lvbmFsIHkgbGUgYXNlc3RhIHVuIGdvbHBlIHF1ZSBtb3ZpbWllbnRvcwpjb21vIFByb3RlY2Npw7NuIG8gRGV0ZWNjacOzbiBubyBwdWVkZW4gZXZpdGFyLg==
594	U2h1cmlrZW4gZGUgQWd1YQ==	QWd1YQ==	ZXNwZWNpYWw=	15	20	100	R29scGVhIGFsIG9wb25lbnRlIGRlIDIgYSA1IHZlY2VzIGNvbiBlc3RyZWxsYXMKYXJyb2phZGl6YXMgaGVjaGFzIGRlIG11Y29zaWRhZC4gRXN0ZSBtb3ZpbWllbnRvCnRpZW5lIHByaW9yaWRhZCBhbHRhLg==
595	TGxhbWEgRW1icnVqYWRh	RnVlZ28=	ZXNwZWNpYWw=	75	10	100	TGFuemEgcG9yIHN1IGJvY2EgdW5hIHNpbmd1bGFyIGxsYW1hIGEgZ3Jhbgp0ZW1wZXJhdHVyYSBjb24gbGEgcXVlIGF0YWNhIGEgc3Ugb3BvbmVudGUgeQpiYWphIHN1IEF0YXF1ZSBFc3BlY2lhbC4=
596	QmFycmVyYSBFc3Bpbm9zYQ==	UGxhbnRh	ZXN0YWRv	-1	10	-1	UHJvdGVnZSBhbCB1c3VhcmlvIGRlIGF0YXF1ZXMsIGUgaW5mbGlnZSBkYcOxbyBhIHF1aWVuCnNlIGxvcyBsYW5jZSBzaSBlbnRyYSBlbiBjb250YWN0byBjb24gw6lsLiA=
597	TmllYmxhIEFyb23DoXRpY2E=	SGFkYQ==	ZXN0YWRv	-1	20	-1	Q29uc2lndWUgYXVtZW50YXIgbGEgRGVmZW5zYSBFc3BlY2lhbCBkZSB1bgpQb2vDqW1vbiBkZSBzdSBlcXVpcG8gY29uIHVuYSBmcmFnYW5jaWEgbWlzdGVyaW9zYS4g
598	T25kYSBBbsOzbWFsYQ==	RWzDqWN0cmljbw==	ZXN0YWRv	-1	15	100	U3UgY3VlcnBvIGlycmFkaWEgdW5hcyByYXJhcyBvbmRhcyBxdWUsIGFsIGFsY2FuemFyCmEgdW4gb3BvbmVudGUsIGhhY2VuIHF1ZSBkaXNtaW51eWEgbXVjaG8gc3UKQXRhcXVlIEVzcGVjaWFsLg==
599	VHJhbXBhIFZlbmVub3Nh	VmVuZW5v	ZXN0YWRv	-1	20	100	SW1wcmVnbmEgYSBzdSBvYmpldGl2byBjb24gdW4gbMOtcXVpZG8gdmVuZW5vc28gcXVlCmRpc21pbnV5ZSBlbCBBdGFxdWUsIGVsIEF0LiBFc3AuIHkgbGEgVmVsb2NpZGFkLgpTb2xvIGFmZWN0YSBhIFBva8OpbW9uIHlhIGVudmVuZW5hZG9zLg==
600	UG9sdm8gRXhwbG9zaXZv	QmljaG8=	ZXN0YWRv	-1	20	100	RXNwYXJjZSB1biBwb2x2byBzb2JyZSBlbCBvYmpldGl2by4gU2kgZXN0ZSB1c2EgdW4KbW92aW1pZW50byBkZSB0aXBvIEZ1ZWdvIGVuIGVsIG1pc21vIHR1cm5vLCBlbCBwb2x2bwpleHBsb3RhIHkgbGUgaW5mbGlnZSBkYcOxby4=
601	R2VvY29udHJvbA==	SGFkYQ==	ZXN0YWRv	-1	10	-1	Q29uY2VudHJhIGVuZXJnw61hIGR1cmFudGUgZWwgcHJpbWVyIHR1cm5vLCBkZSBmb3JtYQpxdWUgc3UgVmVsb2NpZGFkLCBBdGFxdWUgRXNwZWNpYWwgeSBEZWZlbnNhCkVzcGVjaWFsIGF1bWVudGVuIG11Y2hvIGVuIGVsIHNlZ3VuZG8u
602	QXVyYSBNYWduw6l0aWNh	RWzDqWN0cmljbw==	ZXN0YWRv	-1	20	-1	TWFuaXB1bGEgZWwgY2FtcG8gbWFnbsOpdGljbyB5IGxvZ3JhIGF1bWVudGFyIGxhCkRlZmVuc2EgeSBsYSBEZWYuIEVzcC4gZGUgbG9zIFBva8OpbW9uIGFsaWFkb3MKcXVlIGN1ZW50ZW4gY29uIGxhcyBoYWJpbGlkYWRlcyBNw6FzIHkgTWVub3Mu
603	UGFnYSBFeHRyYQ==	Tm9ybWFs	ZXN0YWRv	-1	30	-1	QWwgdXNhciBlc3RlIG1vdmltaWVudG8gc2UgY29uc2lndWUgZHVwbGljYXIgbGEKcmVjb21wZW5zYSByZWNpYmlkYSB0cmFzIGVsIGNvbWJhdGUu
604	Q2FtcG8gRWzDqWN0cmljbw==	RWzDqWN0cmljbw==	ZXN0YWRv	-1	10	-1	RHVyYW50ZSBjaW5jbyB0dXJub3MsIHNlIHBvdGVuY2lhbiBsb3MgbW92aW1pZW50b3MKZGUgdGlwbyBFbMOpY3RyaWNvIHkgbG9zIFBva8OpbW9uIHF1ZSBlc3TDoW4gZW4KY29udGFjdG8gY29uIGVsIHN1ZWxvIG5vIHB1ZWRlbiBxdWVkYXJzZSBkb3JtaWRvcy4=
605	QnJpbGxvIE3DoWdpY28=	SGFkYQ==	ZXNwZWNpYWw=	80	10	100	SW5mbGlnZSBkYcOxbyBhIGxvcyBvcG9uZW50ZXMgY29uIHVuYSBwb3RlbnRlIGx1ei4=
606	Q2VsZWJyYWNpw7Nu	Tm9ybWFs	ZXN0YWRv	-1	40	-1	RWwgUG9rw6ltb24gdGUgZmVsaWNpdGEgZW4gdW4gZMOtYSBtdXkgZXNwZWNpYWwgcGFyYSB0aS4=
607	TWFub3MgSnVudGFz	Tm9ybWFs	ZXN0YWRv	-1	40	-1	RWwgUG9rw6ltb24gbGUgZGEgbGEgbWFubyBhIHVuIGFsaWFkbyB5IGFtYm9zIHNlCnNpZW50ZW4gbXV5IGZlbGljZXMu
608	T2ppdG9zIFRpZXJub3M=	SGFkYQ==	ZXN0YWRv	-1	30	100	TGFuemEgdW5hIG1pcmFkYSBhbCBvYmpldGl2byBjb24gb2pvcyBhY2FyYW1lbGFkb3MsCmNvbiBsbyBxdWUgbG9ncmEgcXVlIHN1IEF0YXF1ZSBzZSByZWR1emNhLiBFc3RlCm1vdmltaWVudG8gdGllbmUgcHJpb3JpZGFkIGFsdGEu
609	TW9mbGV0ZSBFc3TDoXRpY28=	RWzDqWN0cmljbw==	ZsOtc2ljbw==	20	20	100	UXVpZW4gbG8gdXNhIGZyb3RhIHN1cyBtb2ZsZXRlcyBjYXJnYWRvcyBkZQplbGVjdHJpY2lkYWQgY29udHJhIGVsIG9iamV0aXZvIHkgY29uc2lndWUgcGFyYWxpemFybG8u
610	Q2xlbWVuY2lh	Tm9ybWFs	ZsOtc2ljbw==	40	40	100	RWwgdXN1YXJpbyBzZSBjb250aWVuZSBhIGxhIGhvcmEgZGUgYXRhY2FyIHkgZGVqYQphbCBvYmpldGl2byBjb24gYWwgbWVub3MgMSBQUy4=
611	QWNvc28=	QmljaG8=	ZXNwZWNpYWw=	20	20	100	SG9zdGlnYSBhbCBvYmpldGl2byBkdXJhbnRlIGN1YXRybyBvIGNpbmNvIHR1cm5vcyBlCmltcGlkZSBxdWUgcHVlZGEgaHVpciBtaWVudHJhcyB0YW50by4=
612	UHXDsW8gSW5jcmVtZW50bw==	THVjaGE=	ZsOtc2ljbw==	40	20	100	Q2FkYSB2ZXogcXVlIGdvbHBlYSBhIHVuIG9wb25lbnRlIHNlIGVuZHVyZWNlbgpzdXMgcHXDsW9zLiBTaSBhY2llcnRhIGFsIG9iamV0aXZvLCBlbCBBdGFxdWUgZGVsCnVzdWFyaW8gYXVtZW50YS4=
613	QWxhIE1vcnTDrWZlcmE=	Vm9sYWRvcg==	ZXNwZWNpYWw=	80	10	100	RWwgdXN1YXJpbyBhYnNvcmJlIGVuZXJnw61hIGRlbCBvYmpldGl2byB5IGF1bWVudGEKc3VzIFBTIGVuIHVuYSBjYW50aWRhZCBpZ3VhbCBvIHN1cGVyaW9yIGEgbGEgbWl0YWQKZGVsIGRhw7FvIGluZmxpZ2lkby4=
614	TWlsIEZsZWNoYXM=	VGllcnJh	ZsOtc2ljbw==	90	10	100	QWNpZXJ0YSBpbmNsdXNvIGEgUG9rw6ltb24gcXVlIGVzdMOpbiBlbiBlbCBhaXJlIHkKbG9zIGhhY2UgY2FlciBhbCBzdWVsby4=
615	TWlsIFRlbWJsb3Jlcw==	VGllcnJh	ZsOtc2ljbw==	90	10	100	RWwgdXN1YXJpbyBnZW5lcmEgb25kYXMgc8Otc21pY2FzIHF1ZSBzZSBwcm9wYWdhbgpwb3IgZWwgc3VlbG8geSBzYWN1ZGVuIGEgbG9zIG9wb25lbnRlcy4gTG9zClBva8OpbW9uIGFsY2FuemFkb3Mgbm8gcG9kcsOhbiBodWlyIGRlbCBjb21iYXRlLg==
616	RnVlcnphIFRlbMO6cmljYQ==	VGllcnJh	ZsOtc2ljbw==	90	10	100	QWN1bXVsYSBlbmVyZ8OtYSBkZSBsYSBjb3J0ZXphIHRlcnJlc3RyZSB5IGxhCmNvbmNlbnRyYSBjb250cmEgbG9zIG9wb25lbnRlcywgZGHDscOhbmRvbG9zLg==
617	THV6IEFuaXF1aWxhZG9yYQ==	SGFkYQ==	ZXNwZWNpYWw=	140	5	90	RWwgdXN1YXJpbyBlbXBsZWEgZWwgcG9kZXIgZGUgbGEgRmxvciBFdGVybmEgcGFyYQpsYW56YXIgdW4gcG90ZW50ZSByYXlvIGRlIGx1eiwgcGVybyBzdWZyZSBiYXN0YW50ZQpkYcOxbyBhbCBoYWNlcmxvLg==
618	UHVsc28gUHJpbWlnZW5pbw==	QWd1YQ==	ZXNwZWNpYWw=	110	10	85	QXRhY2EgYWwgb2JqZXRpdm8gY29uIHVuYSBpbmZpbmlkYWQgZGUgcmF5b3MgZGUgbHV6CmF6dWxhZGEu
619	RmlsbyBkZWwgQWJpc21v	VGllcnJh	ZsOtc2ljbw==	120	10	85	SGFjZSBxdWUgZWwgcG9kZXIgbGF0ZW50ZSBkZSBsYSB0aWVycmEgc2UgbWFuaWZpZXN0ZQplbiBmb3JtYSBkZSBob2phcyBhZmlsYWRhcyB5IGF0YWNhIGFsIG9iamV0aXZvIGNvbgplbGxhcy4=
620	QXNjZW5zbyBEcmFjbw==	Vm9sYWRvcg==	ZsOtc2ljbw==	120	5	100	RWwgdXN1YXJpbyBzZSBwcmVjaXBpdGEgZGVzZGUgZWwgY2llbG8gYSB1bmEgdmVsb2NpZGFkCmRlIHbDqXJ0aWdvIHBhcmEgYXRhY2FyIGFsIG9iamV0aXZvLCBwZXJvIGhhY2UgcXVlCmJhamVuIGxhIERlZmVuc2EgeSBsYSBEZWZlbnNhIEVzcGVjaWFsIGRlbCB1c3VhcmlvLg==
621	Q2VyY28gRGltZW5zacOzbg==	U2luaWVzdHJv	ZsOtc2ljbw==	100	5	-1	QXRhY2EgYWwgb2JqZXRpdm8gY29uIHVuYSByw6FmYWdhIGRlIGdvbHBlcyBxdWUKcGFzYW4gcG9yIGFsdG8gbG9zIGVmZWN0b3MgZGUgbW92aW1pZW50b3MgY29tbwpQcm90ZWNjacOzbiBvIERldGVjY2nDs24uIEJhamEgbGEgRGVmZW5zYSBkZWwgdXN1YXJpby4=
622	Q2FycmVyYSBBcnJvbGxhZG9yYQ==	Tm9ybWFs	ZsOtc2ljbw==	-1	1	-1	RWwgdXN1YXJpbyBlbXBsZWEgZWwgUG9kZXIgWiBwYXJhIGNvZ2VyIGNhcnJlcmlsbGEgeQphcnJlbWV0ZXIgY29udHJhIGVsIG9iamV0aXZvIGNvbiBncmFuIGZ1ZXJ6YS4gU3UKcG90ZW5jaWEgZGVwZW5kZSBkZSBsYSBkZWwgbW92aW1pZW50byBvcmlnaW5hbC4=
623	Q2FycmVyYSBBcnJvbGxhZG9yYQ==	Tm9ybWFs	ZXNwZWNpYWw=	-1	1	-1	RHVtbXkgZGF0YQ==
624	UsOhZmFnYSBEZW1vbGVkb3Jh	THVjaGE=	ZsOtc2ljbw==	-1	1	-1	RW1wbGVhIGVsIFBvZGVyIFogcGFyYSBsYW56YXIgdW5hIHNhcnRhIGRlIGdvbHBlcwpkZW1vbGVkb3JlcyBjb250cmEgZWwgb2JqZXRpdm8uIFN1IHBvdGVuY2lhIGRlcGVuZGUKZGUgbGEgZGVsIG1vdmltaWVudG8gb3JpZ2luYWwu
625	UsOhZmFnYSBEZW1vbGVkb3Jh	THVjaGE=	ZXNwZWNpYWw=	-1	1	-1	RHVtbXkgZGF0YQ==
626	UGljYWRvIFN1cGVyc8Ozbmljbw==	Vm9sYWRvcg==	ZsOtc2ljbw==	-1	1	-1	RWwgdXN1YXJpbyBlbXBsZWEgZWwgUG9kZXIgWiBwYXJhIHZvbGFyIG11eSBhbHRvIHkKYWJhbGFuemFyc2UgZW4gcGljYWRvIHNvYnJlIGVsIG9iamV0aXZvLiBTdSBwb3RlbmNpYQpkZXBlbmRlIGRlIGxhIGRlbCBtb3ZpbWllbnRvIG9yaWdpbmFsLg==
627	UGljYWRvIFN1cGVyc8Ozbmljbw==	Vm9sYWRvcg==	ZXNwZWNpYWw=	-1	1	-1	RHVtbXkgZGF0YQ==
628	RGlsdXZpbyBDb3Jyb3Npdm8=	VmVuZW5v	ZsOtc2ljbw==	-1	1	-1	RWwgdXN1YXJpbyBlbXBsZWEgZWwgUG9kZXIgWiBwYXJhIGNyZWFyIHVuYSBjacOpbmFnYQp2ZW5lbm9zYSBlbiBsYSBxdWUgc3VtZXJnZSBhbCBvYmpldGl2by4gU3UgcG90ZW5jaWEKZGVwZW5kZSBkZSBsYSBkZWwgbW92aW1pZW50byBvcmlnaW5hbC4=
629	RGlsdXZpbyBDb3Jyb3Npdm8=	VmVuZW5v	ZXNwZWNpYWw=	-1	1	-1	RHVtbXkgZGF0YQ==
630	QmFycmVuYSBUZWzDunJpY2E=	VGllcnJh	ZsOtc2ljbw==	-1	1	-1	RW1wbGVhIGVsIFBvZGVyIFogcGFyYSBhYnJpciB1bmEgcHJvZnVuZGEgZ3JpZXRhIGVuCmVsIHN1ZWxvIHF1ZSBzZSB0cmFnYSBhbCBvcG9uZW50ZS4gU3UgcG90ZW5jaWEKZGVwZW5kZSBkZSBsYSBkZWwgbW92aW1pZW50byBvcmlnaW5hbC4=
631	QmFycmVuYSBUZWzDunJpY2E=	VGllcnJh	ZXNwZWNpYWw=	-1	1	-1	RHVtbXkgZGF0YQ==
632	QXBsYXN0YW1pZW50byBHaWdhbMOtdGljbw==	Um9jYQ==	ZsOtc2ljbw==	-1	1	-1	RWwgdXN1YXJpbyBlbXBsZWEgZWwgUG9kZXIgWiBwYXJhIGNyZWFyIHVuYSBtb250YcOxYQpyb2Nvc2EgY29uIGxhIHF1ZSBhcGxhc3RhIGFsIG9iamV0aXZvLiBTdSBwb3RlbmNpYQpkZXBlbmRlIGRlIGxhIGRlbCBtb3ZpbWllbnRvIG9yaWdpbmFsLg==
633	QXBsYXN0YW1pZW50byBHaWdhbMOtdGljbw==	Um9jYQ==	ZXNwZWNpYWw=	-1	1	-1	RHVtbXkgZGF0YQ==
634	R3VhZGHDsWEgU2Vkb3Nh	QmljaG8=	ZsOtc2ljbw==	-1	1	-1	RW1wbGVhIGVsIFBvZGVyIFogcGFyYSBlbmNlcnJhciBhIHN1IG9wb25lbnRlIGVuCnVuIGNhcHVsbG8gY29udHJhIGVsIHF1ZSBhcnJlbWV0ZSBjb24gZnVlcnphLgpTdSBwb3RlbmNpYSBkZXBlbmRlIGRlIGxhIGRlbCBtb3ZpbWllbnRvIG9yaWdpbmFsLg==
635	R3VhZGHDsWEgU2Vkb3Nh	QmljaG8=	ZXNwZWNpYWw=	-1	1	-1	RHVtbXkgZGF0YQ==
636	UHJlc2EgRXNwZWN0cmFs	RmFudGFzbWE=	ZsOtc2ljbw==	-1	1	-1	RWwgdXN1YXJpbyBlbXBsZWEgZWwgUG9kZXIgWiBwYXJhIGludm9jYXIgYSB1bm9zCmVzcGVjdHJvcyBlbmNvbGVyaXphZG9zIHF1ZSBhcHJlc2FuIGFsIG9iamV0aXZvLgpTdSBwb3RlbmNpYSBkZXBlbmRlIGRlIGxhIGRlbCBtb3ZpbWllbnRvIG9yaWdpbmFsLg==
637	UHJlc2EgRXNwZWN0cmFs	RmFudGFzbWE=	ZXNwZWNpYWw=	-1	1	-1	RHVtbXkgZGF0YQ==
638	SMOpbGljZSBUcmVwYW5hZG9yYQ==	QWNlcm8=	ZsOtc2ljbw==	-1	1	-1	RWwgdXN1YXJpbyBlbXBsZWEgZWwgUG9kZXIgWiBwYXJhIGdpcmFyIGEgdG9kYQp2ZWxvY2lkYWQgeSBwZXJmb3JhciBhbCBvYmpldGl2by4gU3UgcG90ZW5jaWEKZGVwZW5kZSBkZSBsYSBkZWwgbW92aW1pZW50byBvcmlnaW5hbC4=
639	SMOpbGljZSBUcmVwYW5hZG9yYQ==	QWNlcm8=	ZXNwZWNpYWw=	-1	1	-1	RHVtbXkgZGF0YQ==
640	SGVjYXRvbWJlIFDDrXJpY2E=	RnVlZ28=	ZsOtc2ljbw==	-1	1	-1	RWwgdXN1YXJpbyBlbXBsZWEgZWwgUG9kZXIgWiBwYXJhIGxhbnphciB1bmEKZW5vcm1lIGxsYW1hcmFkYSBjb24gbGEgcXVlIGNhbGNpbmEgYSBzdSBvYmpldGl2by4KU3UgcG90ZW5jaWEgZGVwZW5kZSBkZSBsYSBkZWwgbW92aW1pZW50byBvcmlnaW5hbC4=
641	SGVjYXRvbWJlIFDDrXJpY2E=	RnVlZ28=	ZXNwZWNpYWw=	-1	1	-1	RHVtbXkgZGF0YQ==
642	SGlkcm92w7NydGljZSBBYmlzYWw=	QWd1YQ==	ZsOtc2ljbw==	-1	1	-1	RWwgdXN1YXJpbyBlbXBsZWEgZWwgUG9kZXIgWiBwYXJhIGNyZWFyIHVuIHBvdGVudGUKdG9yYmVsbGlubyBkZSBhZ3VhIHF1ZSBlbmd1bGxlIGFsIG9iamV0aXZvLiBTdQpwb3RlbmNpYSBkZXBlbmRlIGRlIGxhIGRlbCBtb3ZpbWllbnRvIG9yaWdpbmFsLg==
643	SGlkcm92w7NydGljZSBBYmlzYWw=	QWd1YQ==	ZXNwZWNpYWw=	-1	1	-1	RHVtbXkgZGF0YQ==
644	TWVnYXTDs24gRmxvcmFs	UGxhbnRh	ZsOtc2ljbw==	-1	1	-1	RW1wbGVhIGVsIFBvZGVyIFogcGFyYSBjb25jZW50cmFyIGxhIGVuZXJnw61hIGRlIGxhCnZlZ2V0YWNpw7NuIHF1ZSBsbyByb2RlYSB5IGF0YWNhciBhbCBvYmpldGl2by4gU3UKcG90ZW5jaWEgZGVwZW5kZSBkZSBsYSBkZWwgbW92aW1pZW50byBvcmlnaW5hbC4=
645	TWVnYXTDs24gRmxvcmFs	UGxhbnRh	ZXNwZWNpYWw=	-1	1	-1	RHVtbXkgZGF0YQ==
646	R2lnYXZvbHRpbyBEZXN0cnVjdG9y	RWzDqWN0cmljbw==	ZsOtc2ljbw==	-1	1	-1	RWwgdXN1YXJpbyBlbXBsZWEgZWwgUG9kZXIgWiBwYXJhIGdlbmVyYXIgdW5hIGZ1ZXJ0ZQpkZXNjYXJnYSBlbMOpY3RyaWNhIGNvbiBsYSBxdWUgZWxlY3Ryb2N1dGEgYWwgb2JqZXRpdm8uClN1IHBvdGVuY2lhIGRlcGVuZGUgZGUgbGEgZGVsIG1vdmltaWVudG8gb3JpZ2luYWwu
647	R2lnYXZvbHRpbyBEZXN0cnVjdG9y	RWzDqWN0cmljbw==	ZXNwZWNpYWw=	-1	1	-1	RHVtbXkgZGF0YQ==
648	RGlzcnVwdG9yIFBzw61xdWljbw==	UHPDrXF1aWNv	ZsOtc2ljbw==	-1	1	-1	RW1wbGVhIGVsIFBvZGVyIFogcGFyYSBtYW5pcHVsYXIgbGEgbWVudGUgZGVsCm9iamV0aXZvLCBpbmZsaWdpw6luZG9sZSB1biBkYcOxbyBpbmdlbnRlLiBTdSBwb3RlbmNpYQpkZXBlbmRlIGRlIGxhIGRlbCBtb3ZpbWllbnRvIG9yaWdpbmFsLg==
649	RGlzcnVwdG9yIFBzw61xdWljbw==	UHPDrXF1aWNv	ZXNwZWNpYWw=	-1	1	-1	RHVtbXkgZGF0YQ==
650	Q3Jpb2FsaWVudG8gRGVzcGlhZGFkbw==	SGllbG8=	ZsOtc2ljbw==	-1	1	-1	RW1wbGVhIGVsIFBvZGVyIFogcGFyYSBsYW56YXIgdW4gcmF5byBkZSBoaWVsbyBxdWUKYmFqYSBsYSB0ZW1wZXJhdHVyYSBkZSBnb2xwZSB5IGNvbmdlbGEgYWwgb2JqZXRpdm8uClN1IHBvdGVuY2lhIGRlcGVuZGUgZGUgbGEgZGVsIG1vdmltaWVudG8gb3JpZ2luYWwu
651	Q3Jpb2FsaWVudG8gRGVzcGlhZGFkbw==	SGllbG8=	ZXNwZWNpYWw=	-1	1	-1	RHVtbXkgZGF0YQ==
652	RHJhY29hbGllbnRvIERldmFzdGFkb3I=	RHJhZ8Ozbg==	ZsOtc2ljbw==	-1	1	-1	RWwgdXN1YXJpbyBlbXBsZWEgZWwgUG9kZXIgWiBwYXJhIG1hdGVyaWFsaXphciBzdQphdXJhIHkgZ29scGVhciBhbCBvYmpldGl2by4gU3UgcG90ZW5jaWEgZGVwZW5kZSBkZQpsYSBkZWwgbW92aW1pZW50byBvcmlnaW5hbC4=
653	RHJhY29hbGllbnRvIERldmFzdGFkb3I=	RHJhZ8Ozbg==	ZXNwZWNpYWw=	-1	1	-1	RHVtbXkgZGF0YQ==
654	QWd1amVybyBOZWdybyBBbmlxdWlsYWRvcg==	U2luaWVzdHJv	ZsOtc2ljbw==	-1	1	-1	RWwgdXN1YXJpbyBlbXBsZWEgZWwgUG9kZXIgWiBwYXJhIGdlbmVyYXIgdW4gYWd1amVybwpuZWdybyBxdWUgYWJzb3JiZSBhbCBvYmpldGl2by4gU3UgcG90ZW5jaWEgZGVwZW5kZQpkZSBsYSBkZWwgbW92aW1pZW50byBvcmlnaW5hbC4=
655	QWd1amVybyBOZWdybyBBbmlxdWlsYWRvcg==	U2luaWVzdHJv	ZXNwZWNpYWw=	-1	1	-1	RHVtbXkgZGF0YQ==
656	QXJydW1hY28gU2lkZXJhbA==	SGFkYQ==	ZsOtc2ljbw==	-1	1	-1	RWwgdXN1YXJpbyBlbXBsZWEgZWwgUG9kZXIgWiBwYXJhIGNyZWFyIHVuYQpkaW1lbnNpw7NuIGZhc2NpbmFudGUgcXVlIGRlamEgYWwgcml2YWwgYSBzdSBtZXJjZWQuClN1IHBvdGVuY2lhIGRlcGVuZGUgZGUgbGEgZGVsIG1vdmltaWVudG8gb3JpZ2luYWwu
657	QXJydW1hY28gU2lkZXJhbA==	SGFkYQ==	ZXNwZWNpYWw=	-1	1	-1	RHVtbXkgZGF0YQ==
658	UGlrYXZvbHRpbyBMZXRhbA==	RWzDqWN0cmljbw==	ZsOtc2ljbw==	210	1	-1	UGlrYWNodSBlbXBsZWEgZWwgUG9kZXIgWiBwYXJhIGFjdW11bGFyIHVuYSBncmFuCmNhbnRpZGFkIGRlIGVsZWN0cmljaWRhZCBlbiBzdSBjdWVycG8geSBhcnJlbWV0ZXIKY29udHJhIGVsIG9iamV0aXZvLg==
659	UmVjb2dlYXJlbmE=	VGllcnJh	ZXN0YWRv	-1	5	-1	UmVzdGF1cmEgbGEgbWl0YWQgZGUgbG9zIFBTIG3DoXhpbW9zIGRlbCB1c3VhcmlvLgpEdXJhbnRlIGxhcyB0b3JtZW50YXMgZGUgYXJlbmEsIHJlc3RhdXJhIGHDum4gbcOhcwpQUy4=
660	RXNjYXJhbXV6YQ==	QmljaG8=	ZsOtc2ljbw==	90	10	100	TW92aW1pZW50byBkZSBncmFuIHBvdGVuY2lhIHF1ZSBzb2xvIHB1ZWRlIHVzYXJzZQplbiBlbCB0dXJubyBlbiBxdWUgZWwgdXN1YXJpbyBzYWxlIGFsIGNvbWJhdGUu
661	QsO6bmtlcg==	VmVuZW5v	ZXN0YWRv	-1	10	-1	UHJvdGVnZSBkZSBsb3MgYXRhcXVlcyB5LCBhbCBtaXNtbyB0aWVtcG8sIGVudmVuZW5hCmFsIFBva8OpbW9uIHF1ZSB1c2UgdW4gbW92aW1pZW50byBkZSBjb250YWN0bwpjb250cmEgZWwgdXN1YXJpby4=
662	UHVudGFkYSBTb21icsOtYQ==	RmFudGFzbWE=	ZsOtc2ljbw==	80	10	100	QXRhY2EgYWwgb3BvbmVudGUgeSwgYWwgbWlzbW8gdGllbXBvLCBmaWphIHN1IHNvbWJyYQphbCB0ZXJyZW5vLCBpbXBpZGllbmRvIHN1IGh1aWRhLg==
663	TGFyaWF0IE9zY3Vybw==	U2luaWVzdHJv	ZsOtc2ljbw==	85	10	100	R2lyYSBzb2JyZSBzw60gbWlzbW8geSBnb2xwZWEgYWwgb3BvbmVudGUgY29uIGFtYm9zCmJyYXpvcy4gSWdub3JhIGxvcyBjYW1iaW9zIGVuIGxhcyBjYXJhY3RlcsOtc3RpY2FzIGRlbApvYmpldGl2by4=
664	QXJpYSBCdXJidWph	QWd1YQ==	ZXNwZWNpYWw=	90	10	100	TGliZXJhIGJ1cmJ1amFzIGFsIGNhbnRhci4gRXN0ZSBtb3ZpbWllbnRvIGN1cmEgbGFzCnF1ZW1hZHVyYXMgZGUgbG9zIFBva8OpbW9uIHF1ZSByZWNpYmFuIGRhw7FvLg==
665	TWFydGlsbG8gSGllbG8=	SGllbG8=	ZsOtc2ljbw==	100	10	90	VW4gdGVycmlibGUgcHXDsW8gZ29scGVhIGFsIGNvbnRyaW5jYW50ZSwgcGVybyBsYQpWZWxvY2lkYWQgZGVsIHVzdWFyaW8gc2UgdmUgcmVkdWNpZGEu
666	Q3VyYSBGbG9yYWw=	SGFkYQ==	ZXN0YWRv	-1	10	-1	UmVzdGF1cmEgbGEgbWl0YWQgZGUgbG9zIFBTIG3DoXhpbW9zIGRlbCBvYmpldGl2by4KRXMgbcOhcyBlZmVjdGl2byBjdWFuZG8gc2UgdXNhIGVuIGNvbmp1bmNpw7NuIGNvbgpDYW1wbyBkZSBIaWVyYmEu
667	RnVlcnphIEVxdWluYQ==	VGllcnJh	ZsOtc2ljbw==	95	10	95	QXNlc3RhIHVuIGdvbHBlIGRldmFzdGFkb3IgdXNhbmRvIHRvZG8gc3UgY3VlcnBvLg==
668	QWJzb3JiZWZ1ZXJ6YQ==	UGxhbnRh	ZXN0YWRv	-1	10	100	UmVzdGF1cmEgdW5hIGNhbnRpZGFkIGRlIFBTIGVxdWl2YWxlbnRlIGFsIHZhbG9yIGRlCkF0YXF1ZSBkZWwgcml2YWwsIHF1ZSBhZGVtw6FzIHZlcsOhIHJlZHVjaWRhIGVzdGEKY2FyYWN0ZXLDrXN0aWNhLg==
669	Q3VjaGlsbGEgU29sYXI=	UGxhbnRh	ZsOtc2ljbw==	125	10	100	RWwgdXN1YXJpbyBkZWRpY2EgdW4gdHVybm8gYSBhYnNvcmJlciBlbmVyZ8OtYQpsdW3DrW5pY2EgeSBjb25jZW50cmFybGEgZW4gZm9ybWEgZGUgY3VjaGlsbGEgY29uIGxhCnF1ZSBhdGFjYSBhbCByaXZhbCBhbCB0dXJubyBzaWd1aWVudGUu
670	Rm9sbGFqZQ==	UGxhbnRh	ZsOtc2ljbw==	40	40	100	QXRhY2EgYWwgb3BvbmVudGUgbGFuemFuZG8gaG9qYXMu
671	Rm9jbw==	Tm9ybWFs	ZXN0YWRv	-1	15	-1	Q29udmllcnRlIGEgdW5vIGRlIGxvcyBQb2vDqW1vbiBxdWUgZXN0w6FuCmNvbWJhdGllbmRvIGVuIGVsIGZvY28gZGUgYXRlbmNpw7NuLCBkZSBtb2RvIHF1ZQp0b2RvcyBsb3MgYXRhcXVlcyBzZSBkaXJpamFuIGhhY2lhIMOpbC4=
672	SGlsbyBWZW5lbm9zbw==	VmVuZW5v	ZXN0YWRv	-1	20	100	QXRhY2EgYWwgb3BvbmVudGUgY29uIGhpbGlsbG9zIHZlbmVub3NvcyBxdWUKcmVkdWNlbiBzdSBWZWxvY2lkYWQgeSBsbyBlbnZlbmVuYW4u
673	QWd1emFy	Tm9ybWFs	ZXN0YWRv	-1	30	-1	RWwgdXN1YXJpbyBzZSBjb25jZW50cmEgcGFyYSBxdWUgZWwgc2lndWllbnRlIGF0YXF1ZQpwcm9waW5lIHVuIGdvbHBlIGNyw610aWNvLg==
674	UGnDscOzbiBBdXhpbGlhcg==	QWNlcm8=	ZXN0YWRv	-1	20	-1	Q2FtYmlhIGRlIG1hcmNoYSB5IGxvZ3JhIGF1bWVudGFyIGVsIEF0YXF1ZSB5IGVsCkF0YXF1ZSBFc3BlY2lhbCBkZSBsb3MgUG9rw6ltb24gYWxpYWRvcyBxdWUgY3VlbnRlbgpjb24gbGFzIGhhYmlsaWRhZGVzIE3DoXMgeSBNZW5vcy4=
675	R29scGUgTW9yZGF6YQ==	U2luaWVzdHJv	ZsOtc2ljbw==	80	15	100	SW5mbGlnZSBhbCByaXZhbCB1biBkb2xvciB0YW4gYWJydW1hZG9yIHF1ZSBsZSBpbXBpZGUKdXRpbGl6YXIgZHVyYW50ZSBkb3MgdHVybm9zIGF0YXF1ZXMgcXVlIHNlIHNpcnZlbiBkZWwKc29uaWRvLg==
676	Qm9sYSBkZSBQb2xlbg==	QmljaG8=	ZXNwZWNpYWw=	90	15	100	QXRhY2EgYWwgb3BvbmVudGUgY29uIHVuYSBib2xhIGV4cGxvc2l2YS4gU2kgZXN0YQphbGNhbnphIGEgdW4gYWxpYWRvLCBsZSBoYXLDoSByZWN1cGVyYXIgUFMu
677	QW5jbGFqZQ==	QWNlcm8=	ZsOtc2ljbw==	80	20	100	QXRhY2EgbGFuemFuZG8gdW4gYW5jbGEgYWwgb3BvbmVudGUsIHF1ZSBxdWVkYQphdHJhcGFkbyB5IG5vIHB1ZWRlIGh1aXIu
678	Q2FtcG8gUHPDrXF1aWNv	UHPDrXF1aWNv	ZXN0YWRv	-1	10	-1	RHVyYW50ZSBjaW5jbyB0dXJub3MsIHNlIHBvdGVuY2lhbiBsb3MgbW92aW1pZW50b3MKZGUgdGlwbyBQc8OtcXVpY28geSBsb3MgUG9rw6ltb24gcXVlIGVzdMOhbiBlbiBlbCBzdWVsbwpxdWVkYW4gcHJvdGVnaWRvcyBjb250cmEgbW92aW1pZW50b3MgY29uIHByaW9yaWRhZC4=
679	UGxhbmNoYQ==	QmljaG8=	ZsOtc2ljbw==	80	15	100	QXRhY2EgYWwgb3BvbmVudGUgYWJhbGFuesOhbmRvc2Ugc29icmUgw6lsIGNvbiB0b2RhcwpzdXMgZnVlcnphcyB5IHJlZHVjZSBzdSBBdGFxdWUu
680	TMOhdGlnbyDDjWduZW8=	RnVlZ28=	ZsOtc2ljbw==	80	15	100	R29scGVhIGFsIG9wb25lbnRlIGNvbiB1biBsw6F0aWdvIGluY2FuZGVzY2VudGUgeQpyZWR1Y2Ugc3UgRGVmZW5zYS4=
681	Q2h1bGVyw61h	U2luaWVzdHJv	ZsOtc2ljbw==	20	10	100	QXRhY2EgYWwgb3BvbmVudGUgcHJlc3VtaWVuZG8gZGUgc3UgZnVlcnphLiBDdWFudG8KbcOhcyBoYXlhbiBzdWJpZG8gbGFzIGNhcmFjdGVyw61zdGljYXMgZGVsIHVzdWFyaW8sCm1heW9yIHNlcsOhIGVsIGRhw7FvLg==
682	TGxhbWEgRmluYWw=	RnVlZ28=	ZXNwZWNpYWw=	130	5	100	VXRpbGl6YSBoYXN0YSBlbCDDumx0aW1vIHJlc3F1aWNpbyBkZSBsbGFtYXMgZGUgc3UKY3VlcnBvIHBhcmEgaW5mbGlnaXIgdW4gZ3JhdmUgZGHDsW8gYWwgb3BvbmVudGUuIFRyYXMKZWwgYXRhcXVlLCBlbCB1c3VhcmlvIGRlamEgZGUgc2VyIGRlIHRpcG8gRnVlZ28u
683	Q2FtYmlhdmVsb2NpZGFk	UHPDrXF1aWNv	ZXN0YWRv	-1	10	-1	SW50ZXJjYW1iaWEgc3UgVmVsb2NpZGFkIHBvciBsYSBkZWwgb3BvbmVudGUu
684	Q3Vlcm5vIENlcnRlcm8=	QWNlcm8=	ZsOtc2ljbw==	70	10	-1	RW5zYXJ0YSBhbCBhZHZlcnNhcmlvIGNvbiBzdSBhZmlsYWRhIGNvcm5hbWVudGEuCkVzdGUgbW92aW1pZW50byBhY2llcnRhIHNpZW1wcmUu
685	UHVyaWZpY2FjacOzbg==	VmVuZW5v	ZXN0YWRv	-1	20	-1	Q3VyYSBsb3MgcHJvYmxlbWFzIGRlIGVzdGFkbyBkZWwgUG9rw6ltb24gcml2YWwgeQphIGNhbWJpbyByZWN1cGVyYSBQUyBwcm9waW9zLg==
686	RGFuemEgRGVzcGVydGFy	Tm9ybWFs	ZXNwZWNpYWw=	90	15	100	QXRhcXVlIHF1ZSBjb25zaXN0ZSBlbiB1biBiYWlsZSBtdXkgZW7DqXJnaWNvLiBFbCB0aXBvCmRlIGVzdGUgYXRhcXVlIHNlIGNvcnJlc3BvbmRlIGNvbiBlbCBkZWwgUG9rw6ltb24KcXVlIGxvIGVqZWN1dGEu
687	TsO6Y2xlbyBDYXN0aWdv	RHJhZ8Ozbg==	ZXNwZWNpYWw=	100	10	100	SW5mbGlnZSBkYcOxbyBhbCByaXZhbCwgeSBzaSBlc3RlIHlhIGhhIGhlY2hvIHVzbyBkZQphbGfDum4gbW92aW1pZW50bywgcGllcmRlIHN1IGhhYmlsaWRhZC4=
688	UGF0YWRhIFRyb3BpY2Fs	UGxhbnRh	ZsOtc2ljbw==	70	15	100	TGFuemEgdW5hIHBhdGFkYSBjb24gbGEgZnVlcnphIGRlbCB0csOzcGljbyBxdWUKZ29scGVhIGFsIHJpdmFsIHkgcmVkdWNlIHN1IEF0YXF1ZS4=
689	TWFuZGF0bw==	UHPDrXF1aWNv	ZXN0YWRv	-1	15	-1	RnVlcnphIGFsIG9iamV0aXZvIGEgcmVwZXRpciBpbm1lZGlhdGFtZW50ZSBzdSDDumx0aW1vCm1vdmltaWVudG8u
690	UGljbyBDYcOxw7Nu	Vm9sYWRvcg==	ZsOtc2ljbw==	100	15	100	UHJpbWVybyBhdW1lbnRhIGxhIHRlbXBlcmF0dXJhIGRlIHN1IHBpY28geSBsdWVnbwplamVjdXRhIHVuIGF0YXF1ZS4gUXVlbWEgYWwgcml2YWwgc2kgZXN0ZSBsZSBwcm9waW5hCnVuIGF0YXF1ZSBmw61zaWNvIG1pZW50cmFzIGVzdMOhIGNhbGVudGFuZG8gZWwgcGljby4=
691	RnJhZ29yIEVzY2FtYXM=	RHJhZ8Ozbg==	ZXNwZWNpYWw=	110	5	100	RnJvdGEgdG9kYXMgbGFzIGVzY2FtYXMgZGUgc3UgY3VlcnBvIHBhcmEgY3JlYXIgdW4KZnVlcnRlIHNvbmlkbyBjb24gZWwgcXVlIGF0YWNhLiBDdWFuZG8gZWwgYXRhcXVlCnRlcm1pbmEsIHN1IERlZmVuc2Egc2UgdmUgcmVkdWNpZGEu
692	TWFydGlsbG8gRHJhZ8Ozbg==	RHJhZ8Ozbg==	ZsOtc2ljbw==	90	15	100	VXNhIGVsIGN1ZXJwbyBjb21vIHVuIG1hcnRpbGxvIHBhcmEgYWJhbGFuemFyc2UKc29icmUgc3Ugcml2YWwgeSBjYXVzYXJsZSBkYcOxby4=
693	R2lybyBWaWw=	U2luaWVzdHJv	ZsOtc2ljbw==	60	20	100	SGFjZSBwaXZvdGFyIHN1IGN1ZXJwbyBwYXJhIGluZmxpZ2lyIGRhw7FvIGEgc3Ugcml2YWwu
694	VmVsbyBBdXJvcmE=	SGllbG8=	ZXN0YWRv	-1	20	-1	UmVkdWNlIGVsIGRhw7FvIGRlIGxvcyBhdGFxdWVzIGbDrXNpY29zIHkgZXNwZWNpYWxlcwpxdWUgZWplY3V0YSBlbCByaXZhbCBkdXJhbnRlIGNpbmNvIHR1cm5vcy4gU29sbyBwdWVkZQp1c2Fyc2UgY3VhbmRvIGVzdMOhIGdyYW5pemFuZG8u
695	QWx1dmnDs24gZGUgRmxlY2hhcyBTb21icsOtYXM=	RmFudGFzbWE=	ZsOtc2ljbw==	180	1	-1	RGVjaWR1ZXllIHVzYSBlbCBQb2RlciBaIHBhcmEgcHJveWVjdGFyIG11bHRpdHVkIGRlCmZsZWNoYXMgcG90ZW50w61zaW1hcyBxdWUgYXRyYXZpZXNhbiBhIHN1IG9wb25lbnRlLg==
696	SGlwZXJwbGFuY2hhIE9zY3VyYQ==	U2luaWVzdHJv	ZsOtc2ljbw==	180	1	-1	SW5jaW5lcm9hciByZWZ1ZXJ6YSBzdXMgbcO6c2N1bG9zIGNvbiBlbCBQb2RlciBaIHBhcmEKZ29scGVhciBjb24gdG9kYXMgc3VzIGZ1ZXJ6YXMgYSBzdSBvcG9uZW50ZS4=
697	U2luZm9uw61hIGRlIGxhIERpdmEgTWFyaW5h	QWd1YQ==	ZXNwZWNpYWw=	195	1	-1	UHJpbWFyaW5hIGludm9jYSBpbmdlbnRlcyBjYW50aWRhZGVzIGRlIGFndWEgY29uIGVsClBvZGVyIFogcGFyYSBhdGFjYXIgY29uIGdyYW4gcG90ZW5jaWEgYSBzdSByaXZhbC4=
698	Q8OzbGVyYSBkZWwgR3VhcmRpw6Fu	SGFkYQ==	ZXNwZWNpYWw=	-1	1	-1	TG9zIFBva8OpbW9uIERpb3MgTmF0aXZvIGNhbmFsaXphbiBsYSBlbmVyZ8OtYSBkZQpBbG9sYSBncmFjaWFzIGFsIFBvZGVyIFogeSBhdGFjYW4gY29uIGdyYW4gZnVlcnphIGEKc3VzIHJpdmFsZXMgcmVkdWNpZW5kbyB1biBncmFuIHBvcmNlbnRhamUgZGUgc3VzIFBTLg==
699	Q29uc3RlbGFjacOzbiBSb2JhYWxtYXM=	RmFudGFzbWE=	ZsOtc2ljbw==	195	1	-1	Q3VhbmRvIE1hcnNoYWRvdyBvYnRpZW5lIGVsIFBvZGVyIFosIGxhbnphIHVuYQpwb3RlbnRlIHkgY29udGludWEgb2xlYWRhIGRlIHB1w7FldGF6b3MgeSBwYXRhZGFzCmNvbiBsYSBxdWUgY2FzdGlnYSBhIHN1IHJpdmFsLg==
700	U3VyZmVvIEdhbHbDoW5pY28=	RWzDqWN0cmljbw==	ZXNwZWNpYWw=	175	1	-1	Q3VhbmRvIHVuIFJhaWNodSBkZSBBbG9sYSBvYnRpZW5lIGVsIFBvZGVyIFosIGxhbnphCnVuIHBvdGVudGUgYXRhcXVlIGNvbnRyYSBzdSBlbmVtaWdvIHkgbG8gZGVqYQpwYXJhbGl6YWRvLg==
701	QXJyb2pvIEludGVtcGVzdGl2bw==	Tm9ybWFs	ZsOtc2ljbw==	210	1	-1	R3JhY2lhcyBhbCBQb2RlciBaLCBTbm9ybGF4IHB1ZWRlIG1vdmVyIHN1IGVub3JtZQpjdWVycG8gY29uIGdyYW4gYWdpbGlkYWQgeSBkZXRlcm1pbmFjacOzbiwgY2FyZ2FuZG8Kc29icmUgZWwgb3BvbmVudGUgY29uIHRvZGFzIHN1cyBmdWVyemFzLg==
702	Tm92ZW5hIFBvdGVuY2lh	Tm9ybWFs	ZXN0YWRv	-1	1	-1	Q3VhbmRvIEVldmVlIG9idGllbmUgZWwgUG9kZXIgWiwgdG9tYSBwcmVzdGFkYSBsYQplbmVyZ8OtYSBkZSBzdXMgYW1pZ29zIGV2b2x1Y2lvbmFkb3MgcGFyYSBwb3RlbmNpYXIKZW5vcm1lbWVudGUgc3VzIGNhcmFjdGVyw61zdGljYXMu
703	U3VwZXJub3ZhIE9yaWdpbmFs	UHPDrXF1aWNv	ZXNwZWNpYWw=	185	1	-1	TWV3IHVzYSBlbCBQb2RlciBaIHBhcmEgcmVhbGl6YXIgdW4gcG90ZW50ZSBhdGFxdWUKY29udHJhIHN1IGFkdmVyc2FyaW8geSBjcmVhciB1biBDYW1wbyBQc8OtcXVpY28Kc29icmUgZWwgdGVycmVuby4=
704	Q29yYXphIFRyYW1wYQ==	RnVlZ28=	ZXNwZWNpYWw=	150	5	100	RWwgY2FwYXJhesOzbiBkZWwgUG9rw6ltb24gc2UgY29udmllcnRlIGVuIHVuYQp0cmFtcGEuIFNpIGxlIGFsY2FuemEgdW4gYXRhcXVlIGbDrXNpY28sIGxhIHRyYW1wYQplc3RhbGxhIHkgZWwgYXRhY2FudGUgc3VmcmUgZGHDsW8u
705	Q2HDscOzbiBGbG9yYWw=	SGFkYQ==	ZXNwZWNpYWw=	130	5	90	RWwgdXN1YXJpbyBlbWl0ZSB1biBwb3RlbnRlIHJheW8sIHBlcm8gc3UgQXRhcXVlCkVzcGVjaWFsIHNlIHJlZHVjZSBtdWNoby4=
706	UHNpY29jb2xtaWxsbw==	UHPDrXF1aWNv	ZsOtc2ljbw==	85	10	100	QXRhY2EgYSBzdXMgcml2YWxlcyBjb24gcG9kZXJlcyBwc8OtcXVpY29zIHF1ZQphZGVtw6FzIGRlc3RydXllbiBiYXJyZXJhcyBjb21vIFBhbnRhbGxhIGRlIEx1eiB5ClJlZmxlam8u
707	UGF0YWxldGE=	VGllcnJh	ZsOtc2ljbw==	75	10	100	VXNhIGxhIGZydXN0cmFjacOzbiBjb21vIHJldnVsc2l2byBwYXJhIGF0YWNhci4gTGEKcG90ZW5jaWEgZGUgUGF0YWxldGEgc2UgZHVwbGljYSBzaSBlbCB1c3VhcmlvIGhhCmZhbGxhZG8gZWwgw7psdGltbyBtb3ZpbWllbnRvIHVzYWRvLg==
708	SHVlc28gU29tYnLDrW8=	RmFudGFzbWE=	ZsOtc2ljbw==	85	10	100	QXRhY2EgYWwgb3BvbmVudGUgZ29scGXDoW5kb2xlIGNvbiB1biBodWVzbyBwb3Nlw61kbwpwb3IgdW4gZXNww61yaXR1LiBQdWVkZSByZWR1Y2lyIGxhIERlZmVuc2EgZGVsCm9iamV0aXZvLg==
709	Um9jYSBWZWxveg==	Um9jYQ==	ZsOtc2ljbw==	40	20	100	RWwgdXN1YXJpbyBzZSBsYW56YSBjb250cmEgZWwgb2JqZXRpdm8gYSBncmFuCnZlbG9jaWRhZC4gU2llbXByZSBhdGFjYSBwcmltZXJvLg==
710	SGlkcm9hcmlldGU=	QWd1YQ==	ZsOtc2ljbw==	85	10	100	QXRhY2EgZ29scGVhbmRvIGdyYWNpYXMgYSBsYSBmdWVyemEgZGVsIGFndWEuClRhbWJpw6luIHB1ZWRlIHJlZHVjaXIgbGEgRGVmZW5zYSBkZWwgb2JqZXRpdm8u
711	TMOhc2VyIFByaXNtYQ==	UHPDrXF1aWNv	ZXNwZWNpYWw=	160	10	100	RWwgdXN1YXJpbyB1dGlsaXphIHVuIHByaXNtYSBwYXJhIGVtaXRpciB1biByYXlvIGRlCmdyYW4gcG90ZW5jaWEsIHBlcm8gbm8gcHVlZGUgbW92ZXJzZSBlbiBlbCB0dXJubwpzaWd1aWVudGUu
712	Um9iYXNvbWJyYQ==	RmFudGFzbWE=	ZsOtc2ljbw==	90	10	100	RWwgdXN1YXJpbyBzZSBlc2NvbmRlIGVuIGxhIHNvbWJyYSBkZWwgb2JqZXRpdm8geSBsbwphdGFjYSB0cmFzIHJvYmFybGUgbGFzIG1lam9yYXMgZW4gc3VzCmNhcmFjdGVyw61zdGljYXMu
713	TWV0ZW9pbXBhY3Rv	QWNlcm8=	ZsOtc2ljbw==	100	5	100	QXRhY2EgYWwgb2JqZXRpdm8gY29uIGxhIHBvdGVuY2lhIGRlIHVuIG1ldGVvcm8sCmlnbm9yYW5kbyBzdSBoYWJpbGlkYWQu
714	UmF5byBVbWJyw61v	RmFudGFzbWE=	ZXNwZWNpYWw=	100	5	100	QXRhY2EgY29uIHVuIHJheW8gbWlzdGVyaW9zbyBxdWUgaWdub3JhIGxhIGhhYmlsaWRhZApkZWwgb2JqZXRpdm8u
715	T2pvcyBMbG9yb3Nvcw==	Tm9ybWFs	ZXN0YWRv	-1	20	-1	TWlyYSBhbCBvYmpldGl2byBjb24gb2pvcyBsbG9yb3NvcyBwYXJhIGhhY2VybGUKcGVyZGVyIHN1IGVzcMOtcml0dSBjb21iYXRpdm8geSByZWR1Y2Ugc3UgQXRhcXVlIHkKQXRhcXVlIEVzcGVjaWFsLg==
716	RWxlY3Ryb3B1bnphZGE=	RWzDqWN0cmljbw==	ZsOtc2ljbw==	80	10	100	RWwgdXN1YXJpbyBzZSBsYW56YSBjb250cmEgZWwgb2JqZXRpdm8geSBsZSBzdWVsdGEgdW5hCnBvdGVudGUgZGVzY2FyZ2EgZWzDqWN0cmljYSBxdWUgcHVlZGUgaGFjZXJsbwpyZXRyb2NlZGVyLg==
717	RnVyaWEgTmF0dXJhbA==	SGFkYQ==	ZXNwZWNpYWw=	-1	10	90	R29scGVhIGFsIG9iamV0aXZvIGNvbiBsYSBmdXJpYSBkZSBsYSBuYXR1cmFsZXphIHkKcmVkdWNlIHN1cyBQUyBhIGxhIG1pdGFkLg==
718	TXVsdGlhdGFxdWU=	Tm9ybWFs	ZsOtc2ljbw==	120	10	100	RWwgUG9rw6ltb24gc2Ugcm9kZWEgZGUgdW5hIHBvdGVudGUgZW5lcmfDrWEgY29uIGxhCnF1ZSBnb2xwZWEgYWwgcml2YWwuIEVsIHRpcG8gZGVsIG1vdmltaWVudG8gZGVwZW5kZQpkZWwgZGlzY28gcXVlIGxsZXZhIGVsIHVzdWFyaW8u
719	R2lnYXJyYXlvIEZ1bG1pbmFudGU=	RWzDqWN0cmljbw==	ZXNwZWNpYWw=	195	1	-1	TG9zIFBpa2FjaHUgY29uIGdvcnJhIGFjdW11bGFuIHVuYSBjYXJnYSBlbMOpY3RyaWNhCmRlc2NvbXVuYWwgZ3JhY2lhcyBhbCBQb2RlciBaIHkgbGEgbGFuemFuIGNvbnRyYSBlbApvYmpldGl2by4gU3VlbGUgc2VyIGNyw610aWNvLg==
720	Q2FiZXphIFNvcnByZXNh	RnVlZ28=	ZXNwZWNpYWw=	150	5	100	RWwgdXN1YXJpbyBoYWNlIGV4cGxvdGFyIHN1IGNhYmV6YSBwYXJhIGF0YWNhciBhCnRvZG9zIGxvcyBQb2vDqW1vbiBxdWUgc2UgaGFsbGFuIGEgc3UgYWxyZWRlZG9yLAphdW5xdWUgdGFtYmnDqW4gc2UgaGllcmUgYSBzw60gbWlzbW8u
721	UHXDsW9zIFBsYXNtYQ==	RWzDqWN0cmljbw==	ZsOtc2ljbw==	100	15	100	RWwgdXN1YXJpbyBhdGFjYSBjb24gcHXDsW9zIGNhcmdhZG9zIGRlIGVsZWN0cmljaWRhZC4KQ29udmllcnRlIGxvcyBtb3ZpbWllbnRvcyBkZSB0aXBvIE5vcm1hbCBlbgptb3ZpbWllbnRvcyBkZSB0aXBvIEVsw6ljdHJpY28u
722	R8OpaXNlciBGb3TDs25pY28=	UHPDrXF1aWNv	ZXNwZWNpYWw=	100	5	100	RWwgdXN1YXJpbyBhdGFjYSBjb24gdW5hIGdyYW4gY29sdW1uYSBkZSBsdXouCkNvbXBhcmEgc3VzIHZhbG9yZXMgZGUgQXRhcXVlIHkgQXRhcXVlIEVzcGVjaWFsCnBhcmEgaW5mbGlnaXIgZGHDsW8gY29uIGVsIG3DoXMgYWx0byBkZSBsb3MgZG9zLg==
723	Rm90b2Rlc3RydWNjacOzbiBBcG9jYWzDrXB0aWNh	UHPDrXF1aWNv	ZXNwZWNpYWw=	200	1	-1	TmVjcm96bWEgZXNjb2dlIGxhIGNhcmFjdGVyw61zdGljYSBxdWUgdGVuZ2EgZWwgdmFsb3IKbcOhcyBhbHRvIGVudHJlIGVsIEF0YXF1ZSB5IGVsIEF0YXF1ZSBFc3BlY2lhbCBwYXJhCmluZmxpZ2lyIGRhw7FvLCBpZ25vcmFuZG8gbGEgaGFiaWxpZGFkIGRlbCBvYmpldGl2by4=
724	RW1iZXN0aWRhIFNvbGFy	QWNlcm8=	ZsOtc2ljbw==	200	1	-1	U29sZ2FsZW8gYXRhY2EgY29uIHRvZGEgc3UgZnVlcnphIHRyYXMgaW1idWlyc2UgZGVsClBvZGVyIFouIEVzdGUgbW92aW1pZW50byBpZ25vcmEgbGEgaGFiaWxpZGFkIGRlbApvYmpldGl2by4=
725	RGVmbGFncmFjacOzbiBMdW5hcg==	RmFudGFzbWE=	ZXNwZWNpYWw=	200	1	-1	THVuYWxhIGF0YWNhIGNvbiB0b2RhIHN1IGZ1ZXJ6YSB0cmFzIGltYnVpcnNlIGRlbApQb2RlciBaLiBFc3RlIG1vdmltaWVudG8gaWdub3JhIGxhIGhhYmlsaWRhZCBkZWwKb2JqZXRpdm8u
726	U29tYW50YSBBbWlzdG9zYQ==	SGFkYQ==	ZsOtc2ljbw==	190	1	-1	TWltaWt5dSBhdGFjYSBjb24gdG9kYSBzdSBmdWVyemEgdHJhcyBpbWJ1aXJzZSBkZWwKUG9kZXIgWiB5IGFzZXN0YSB1bmEgbGx1dmlhIGRlIGdvbHBlcy4=
727	VGVtcGVzdGFkIFJvY29zYQ==	Um9jYQ==	ZsOtc2ljbw==	190	1	-1	THljYW5yb2MgYXRhY2EgY29uIHRvZGEgc3UgZnVlcnphIHRyYXMgaW1idWlyc2UgZGVsClBvZGVyIFogeSBuZXV0cmFsaXphIGVsIGNhbXBvIHF1ZSBlc3TDqSBhY3Rpdm8u
728	RXN0cnVlbmRvIEltcGxhY2FibGU=	RHJhZ8Ozbg==	ZXNwZWNpYWw=	185	1	-1	S29tbW8tbyBhdGFjYSBjb24gdG9kYSBzdSBmdWVyemEgYWwgb2JqZXRpdm8gdHJhcwppbWJ1aXJzZSBkZWwgUG9kZXIgWi4gQWRlbcOhcywgcG90ZW5jaWEgc3VzIHByb3BpYXMKY2FyYWN0ZXLDrXN0aWNhcy4=
729	UGlrYXR1cmJv	RWzDqWN0cmljbw==	ZsOtc2ljbw==	80	10	100	
730	U2FscGlrYXN1cmY=	QWd1YQ==	ZXNwZWNpYWw=	90	15	100	
731	UGlrYXBpY2Fkbw==	Vm9sYWRvcg==	ZsOtc2ljbw==	90	15	95	
732	UGlrYXRvcm1lbnRh	RWzDqWN0cmljbw==	ZXNwZWNpYWw=	-1	20	-1	
733	VmFwb2RyZW5hamU=	QWd1YQ==	ZXNwZWNpYWw=	60	20	100	
734	Sm9sdGlvcGFyw6FsaXNpcw==	RWzDqWN0cmljbw==	ZXNwZWNpYWw=	60	20	100	
735	RmxhcmVtYmVzdGlkYQ==	RnVlZ28=	ZsOtc2ljbw==	60	20	100	
736	RXNwZWF1cmE=	UHPDrXF1aWNv	ZXNwZWNpYWw=	80	15	95	
737	VW1icmVvem9uYQ==	U2luaWVzdHJv	ZXNwZWNpYWw=	80	15	95	
738	TGVhZml0b2JvbWJhcw==	UGxhbnRh	ZsOtc2ljbw==	100	10	90	
739	R2xhY2VvcHJpc21h	SGllbG8=	ZXNwZWNpYWw=	100	10	90	
740	U3lsdmVvdG9ybmFkbw==	SGFkYQ==	ZXNwZWNpYWw=	120	5	85	
741	RWV2aW1wYWN0bw==	Tm9ybWFs	ZsOtc2ljbw==	-1	20	-1	
742	RmVycm9wdcOxbyBEb2JsZQ==	QWNlcm8=	ZsOtc2ljbw==	60	5	100	
